column,nominal_position_mm,green_median,green_std
0.000000000000000000e+00,0.000000000000000000e+00,0.000000000000000000e+00,0.000000000000000000e+00
1.000000000000000000e+00,2.627586206896551646e-01,5.940000000000000000e+02,1.683806400111234680e+01
2.000000000000000000e+00,5.255172413793103292e-01,5.735000000000000000e+02,6.304622422388897363e+00
3.000000000000000000e+00,7.882758620689654938e-01,5.600000000000000000e+02,1.528292211369714870e+01
4.000000000000000000e+00,1.051034482758620658e+00,5.600000000000000000e+02,7.003688264447207601e+00
5.000000000000000000e+00,1.313793103448275934e+00,1.350000000000000000e+02,9.397750174022148073e+00
6.000000000000000000e+00,1.576551724137930988e+00,1.280000000000000000e+02,8.861761448618567627e+00
7.000000000000000000e+00,1.839310344827586263e+00,1.250000000000000000e+02,8.201456510211396989e+00
8.000000000000000000e+00,2.102068965517241317e+00,1.220000000000000000e+02,6.355225321645873393e+00
9.000000000000000000e+00,2.364827586206896370e+00,1.220000000000000000e+02,5.800465438700205034e+00
1.000000000000000000e+01,2.627586206896551868e+00,1.220000000000000000e+02,4.520737326169507853e+00
1.100000000000000000e+01,2.890344827586206922e+00,1.220000000000000000e+02,5.251611855738515189e+00
1.200000000000000000e+01,3.153103448275861975e+00,1.210000000000000000e+02,5.408166407285272648e+00
1.300000000000000000e+01,3.415862068965517029e+00,1.190000000000000000e+02,5.024894622996806781e+00
1.400000000000000000e+01,3.678620689655172526e+00,1.170000000000000000e+02,4.868942105039062440e+00
1.500000000000000000e+01,3.941379310344827580e+00,1.175000000000000000e+02,3.948397618021771471e+00
1.600000000000000000e+01,4.204137931034482634e+00,1.145000000000000000e+02,3.693086634360056131e+00
1.700000000000000000e+01,4.466896551724137687e+00,1.140000000000000000e+02,4.106175481312669184e+00
1.800000000000000000e+01,4.729655172413792741e+00,1.130000000000000000e+02,3.605310512131914891e+00
1.900000000000000000e+01,4.992413793103448683e+00,1.125000000000000000e+02,5.270298062412283713e+00
2.000000000000000000e+01,5.255172413793103736e+00,1.095000000000000000e+02,5.263705654975609605e+00
2.100000000000000000e+01,5.517931034482758790e+00,1.110000000000000000e+02,4.024178228740206364e+00
2.200000000000000000e+01,5.780689655172413843e+00,1.105000000000000000e+02,5.045582157249602240e+00
2.300000000000000000e+01,6.043448275862068897e+00,1.090000000000000000e+02,4.625140763623668327e+00
2.400000000000000000e+01,6.306206896551723950e+00,1.090000000000000000e+02,4.112987559751021927e+00
2.500000000000000000e+01,6.568965517241379004e+00,1.060000000000000000e+02,4.289795303974305085e+00
2.600000000000000000e+01,6.831724137931034058e+00,1.080000000000000000e+02,5.348286329906680514e+00
2.700000000000000000e+01,7.094482758620689999e+00,1.050000000000000000e+02,5.184738220649782292e+00
2.800000000000000000e+01,7.357241379310345053e+00,1.010000000000000000e+02,5.282595571518061028e+00
2.900000000000000000e+01,7.620000000000000107e+00,1.000000000000000000e+02,4.638306683358581317e+00
3.000000000000000000e+01,7.882758620689655160e+00,9.950000000000000000e+01,5.047646247399761421e+00
3.100000000000000000e+01,8.145517241379311102e+00,9.900000000000000000e+01,3.796699955955903150e+00
3.200000000000000000e+01,8.408275862068965267e+00,1.000000000000000000e+02,4.687453703475077837e+00
3.300000000000000000e+01,8.671034482758621209e+00,9.950000000000000000e+01,4.377776896503013937e+00
3.400000000000000000e+01,8.933793103448275374e+00,1.000000000000000000e+02,4.329675940529498668e+00
3.500000000000000000e+01,9.196551724137931316e+00,9.900000000000000000e+01,4.861582318431817207e+00
3.600000000000000000e+01,9.459310344827585482e+00,1.000000000000000000e+02,4.148083560178389639e+00
3.700000000000000000e+01,9.722068965517241423e+00,1.040000000000000000e+02,4.357106264483343594e+00
3.800000000000000000e+01,9.984827586206897365e+00,1.020000000000000000e+02,4.439211328853608585e+00
3.900000000000000000e+01,1.024758620689655153e+01,1.025000000000000000e+02,3.968408231128559116e+00
4.000000000000000000e+01,1.051034482758620747e+01,1.005000000000000000e+02,3.720660690283677852e+00
4.100000000000000000e+01,1.077310344827586164e+01,9.950000000000000000e+01,3.609160798117294622e+00
4.200000000000000000e+01,1.103586206896551758e+01,9.900000000000000000e+01,3.263593367235977372e+00
4.300000000000000000e+01,1.129862068965517174e+01,9.950000000000000000e+01,4.471359475098771519e+00
4.400000000000000000e+01,1.156137931034482769e+01,9.800000000000000000e+01,4.291464396527911340e+00
4.500000000000000000e+01,1.182413793103448363e+01,9.750000000000000000e+01,4.192420409368422085e+00
4.600000000000000000e+01,1.208689655172413779e+01,9.800000000000000000e+01,3.670452590924206504e+00
4.700000000000000000e+01,1.234965517241379374e+01,9.700000000000000000e+01,4.049980709830603764e+00
4.800000000000000000e+01,1.261241379310344790e+01,9.800000000000000000e+01,3.871133824002127355e+00
4.900000000000000000e+01,1.287517241379310384e+01,9.700000000000000000e+01,3.738814335974560699e+00
5.000000000000000000e+01,1.313793103448275801e+01,9.850000000000000000e+01,4.668108036334301048e+00
5.100000000000000000e+01,1.340068965517241395e+01,1.000000000000000000e+02,5.415384463626649492e+00
5.200000000000000000e+01,1.366344827586206812e+01,1.010000000000000000e+02,5.988378502009816806e+00
5.300000000000000000e+01,1.392620689655172406e+01,1.045000000000000000e+02,5.846673733842174592e+00
5.400000000000000000e+01,1.418896551724138000e+01,1.070000000000000000e+02,5.739573880814963225e+00
5.500000000000000000e+01,1.445172413793103416e+01,1.020000000000000000e+02,7.166182154164563833e+00
5.600000000000000000e+01,1.471448275862069011e+01,9.800000000000000000e+01,4.567349021405450848e+00
5.700000000000000000e+01,1.497724137931034427e+01,9.700000000000000000e+01,4.079079416840138528e+00
5.800000000000000000e+01,1.524000000000000021e+01,9.600000000000000000e+01,2.929658564671923759e+00
5.900000000000000000e+01,1.550275862068965438e+01,9.400000000000000000e+01,3.713479575217232487e+00
6.000000000000000000e+01,1.576551724137931032e+01,9.300000000000000000e+01,6.726682978176456551e+00
6.100000000000000000e+01,1.602827586206896626e+01,9.250000000000000000e+01,8.109921906734573582e+00
6.200000000000000000e+01,1.629103448275862220e+01,9.200000000000000000e+01,8.634555897992411744e+00
6.300000000000000000e+01,1.655379310344827459e+01,9.900000000000000000e+01,8.569872130512411701e+00
6.400000000000000000e+01,1.681655172413793053e+01,1.035000000000000000e+02,6.233311051653580570e+00
6.500000000000000000e+01,1.707931034482758648e+01,9.700000000000000000e+01,1.231359273210797056e+01
6.600000000000000000e+01,1.734206896551724242e+01,9.800000000000000000e+01,7.546862850806874690e+01
6.700000000000000000e+01,1.760482758620689481e+01,9.750000000000000000e+01,1.054123846297641336e+02
6.800000000000000000e+01,1.786758620689655075e+01,1.000000000000000000e+02,1.531392113586705079e+02
6.900000000000000000e+01,1.813034482758620669e+01,1.020000000000000000e+02,1.662919942262705604e+02
7.000000000000000000e+01,1.839310344827586263e+01,1.040000000000000000e+02,1.726240986278663456e+02
7.100000000000000000e+01,1.865586206896551857e+01,1.050000000000000000e+02,1.493220268692242598e+02
7.200000000000000000e+01,1.891862068965517096e+01,1.040000000000000000e+02,1.536144939789753892e+02
7.300000000000000000e+01,1.918137931034482691e+01,1.090000000000000000e+02,1.463068250833576940e+02
7.400000000000000000e+01,1.944413793103448285e+01,1.110000000000000000e+02,1.620365131605288127e+02
7.500000000000000000e+01,1.970689655172413879e+01,1.135000000000000000e+02,1.780645170218430167e+02
7.600000000000000000e+01,1.996965517241379473e+01,3.425000000000000000e+02,1.258807702390330121e+02
7.700000000000000000e+01,2.023241379310344712e+01,3.220000000000000000e+02,1.690757542555505779e+02
7.800000000000000000e+01,2.049517241379310306e+01,3.895000000000000000e+02,1.566681058776978830e+02
7.900000000000000000e+01,2.075793103448275900e+01,3.845000000000000000e+02,1.260991053695465354e+02
8.000000000000000000e+01,2.102068965517241494e+01,3.505000000000000000e+02,1.172010214421501217e+02
8.100000000000000000e+01,2.128344827586206733e+01,3.245000000000000000e+02,9.206556908213116230e+01
8.200000000000000000e+01,2.154620689655172328e+01,3.115000000000000000e+02,6.165968076984253088e+01
8.300000000000000000e+01,2.180896551724137922e+01,3.500000000000000000e+02,6.216903690186583020e+01
8.400000000000000000e+01,2.207172413793103516e+01,3.825000000000000000e+02,9.014394353230589729e+01
8.500000000000000000e+01,2.233448275862069110e+01,3.580000000000000000e+02,9.417779939723351390e+01
8.600000000000000000e+01,2.259724137931034349e+01,3.705000000000000000e+02,8.301991059713057552e+01
8.700000000000000000e+01,2.285999999999999943e+01,3.840000000000000000e+02,8.501592732721060486e+01
8.800000000000000000e+01,2.312275862068965537e+01,3.535000000000000000e+02,8.940147238098984417e+01
8.900000000000000000e+01,2.338551724137931132e+01,4.135000000000000000e+02,7.033742767999756040e+01
9.000000000000000000e+01,2.364827586206896726e+01,4.625000000000000000e+02,6.010683486278596632e+01
9.100000000000000000e+01,2.391103448275861965e+01,4.670000000000000000e+02,5.976458445898838789e+01
9.200000000000000000e+01,2.417379310344827559e+01,4.650000000000000000e+02,6.293999291653386763e+01
9.300000000000000000e+01,2.443655172413793153e+01,4.645000000000000000e+02,5.904655869523642053e+01
9.400000000000000000e+01,2.469931034482758747e+01,4.685000000000000000e+02,6.123111599482915324e+01
9.500000000000000000e+01,2.496206896551723986e+01,4.610000000000000000e+02,6.492843282329313581e+01
9.600000000000000000e+01,2.522482758620689580e+01,4.740000000000000000e+02,6.259720219164928778e+01
9.700000000000000000e+01,2.548758620689655174e+01,4.680000000000000000e+02,5.901050033092039371e+01
9.800000000000000000e+01,2.575034482758620769e+01,4.610000000000000000e+02,5.717853603091713666e+01
9.900000000000000000e+01,2.601310344827586363e+01,4.620000000000000000e+02,4.631429464958835496e+01
1.000000000000000000e+02,2.627586206896551602e+01,4.625000000000000000e+02,5.046051811950497523e+01
1.010000000000000000e+02,2.653862068965517196e+01,4.775000000000000000e+02,4.993293679610016511e+01
1.020000000000000000e+02,2.680137931034482790e+01,4.820000000000000000e+02,5.117345231877776257e+01
1.030000000000000000e+02,2.706413793103448384e+01,4.865000000000000000e+02,4.408076847453496327e+01
1.040000000000000000e+02,2.732689655172413623e+01,4.985000000000000000e+02,3.603383224099571436e+01
1.050000000000000000e+02,2.758965517241379217e+01,4.865000000000000000e+02,3.008041883388963456e+01
1.060000000000000000e+02,2.785241379310344811e+01,4.975000000000000000e+02,3.274760779006952305e+01
1.070000000000000000e+02,2.811517241379310406e+01,5.055000000000000000e+02,4.246991888874602949e+01
1.080000000000000000e+02,2.837793103448276000e+01,4.970000000000000000e+02,3.544418048926446119e+01
1.090000000000000000e+02,2.864068965517241239e+01,4.930000000000000000e+02,4.583045445504065896e+01
1.100000000000000000e+02,2.890344827586206833e+01,4.760000000000000000e+02,5.058347062035186070e+01
1.110000000000000000e+02,2.916620689655172427e+01,4.750000000000000000e+02,5.607087219165877912e+01
1.120000000000000000e+02,2.942896551724138021e+01,4.780000000000000000e+02,6.648621084585050767e+01
1.130000000000000000e+02,2.969172413793103615e+01,4.690000000000000000e+02,6.126402546333550703e+01
1.140000000000000000e+02,2.995448275862068854e+01,4.655000000000000000e+02,7.499359926390756925e+01
1.150000000000000000e+02,3.021724137931034448e+01,4.600000000000000000e+02,6.370223905340115067e+01
1.160000000000000000e+02,3.048000000000000043e+01,4.800000000000000000e+02,5.635021936268059051e+01
1.170000000000000000e+02,3.074275862068965637e+01,4.850000000000000000e+02,4.896955101982591430e+01
1.180000000000000000e+02,3.100551724137930876e+01,4.835000000000000000e+02,5.207846643927474872e+01
1.190000000000000000e+02,3.126827586206896470e+01,4.880000000000000000e+02,4.695372555772331680e+01
1.200000000000000000e+02,3.153103448275862064e+01,4.935000000000000000e+02,3.274437372155202297e+01
1.210000000000000000e+02,3.179379310344827658e+01,4.960000000000000000e+02,3.720884658100663245e+01
1.220000000000000000e+02,3.205655172413793252e+01,4.950000000000000000e+02,2.026576889458894826e+01
1.230000000000000000e+02,3.231931034482758491e+01,5.000000000000000000e+02,1.861991914292027417e+01
1.240000000000000000e+02,3.258206896551724441e+01,5.050000000000000000e+02,1.723367534718645899e+01
1.250000000000000000e+02,3.284482758620689680e+01,5.080000000000000000e+02,1.371129337342842724e+01
1.260000000000000000e+02,3.310758620689654919e+01,5.005000000000000000e+02,1.843890060593514946e+01
1.270000000000000000e+02,3.337034482758620868e+01,5.045000000000000000e+02,1.812911830607201580e+01
1.280000000000000000e+02,3.363310344827586107e+01,5.060000000000000000e+02,2.216485542412181431e+01
1.290000000000000000e+02,3.389586206896552056e+01,5.070000000000000000e+02,2.298821218158462187e+01
1.300000000000000000e+02,3.415862068965517295e+01,5.025000000000000000e+02,1.971294651787668784e+01
1.310000000000000000e+02,3.442137931034482534e+01,5.095000000000000000e+02,2.293210654119386760e+01
1.320000000000000000e+02,3.468413793103448484e+01,5.045000000000000000e+02,2.599676128332570357e+01
1.330000000000000000e+02,3.494689655172413723e+01,5.055000000000000000e+02,2.463789848316342557e+01
1.340000000000000000e+02,3.520965517241378961e+01,5.060000000000000000e+02,2.668241722349924316e+01
1.350000000000000000e+02,3.547241379310344911e+01,5.020000000000000000e+02,2.265930295522495896e+01
1.360000000000000000e+02,3.573517241379310150e+01,5.095000000000000000e+02,2.308453667140264187e+01
1.370000000000000000e+02,3.599793103448276099e+01,5.080000000000000000e+02,2.503150792279380354e+01
1.380000000000000000e+02,3.626068965517241338e+01,5.085000000000000000e+02,2.533853256680206556e+01
1.390000000000000000e+02,3.652344827586206577e+01,5.085000000000000000e+02,2.243183153405495389e+01
1.400000000000000000e+02,3.678620689655172526e+01,5.105000000000000000e+02,2.493504582744268205e+01
1.410000000000000000e+02,3.704896551724137765e+01,5.330000000000000000e+02,1.264167971324310180e+01
1.420000000000000000e+02,3.731172413793103715e+01,5.325000000000000000e+02,1.069979799264141818e+01
1.430000000000000000e+02,3.757448275862068954e+01,5.335000000000000000e+02,1.203575402706452735e+01
1.440000000000000000e+02,3.783724137931034193e+01,5.350000000000000000e+02,1.141446146585793286e+01
1.450000000000000000e+02,3.810000000000000142e+01,5.345000000000000000e+02,1.108910798812159904e+01
1.460000000000000000e+02,3.836275862068965381e+01,5.345000000000000000e+02,1.166897298632384405e+01
1.470000000000000000e+02,3.862551724137931330e+01,5.350000000000000000e+02,1.371789180433915689e+01
1.480000000000000000e+02,3.888827586206896569e+01,5.380000000000000000e+02,9.310239285622875727e+00
1.490000000000000000e+02,3.915103448275861808e+01,5.530000000000000000e+02,2.787988092543916707e+01
1.500000000000000000e+02,3.941379310344827758e+01,1.140000000000000000e+02,1.397954218944200022e+02
1.510000000000000000e+02,3.967655172413792997e+01,1.125000000000000000e+02,1.422886453437167233e+02
1.520000000000000000e+02,3.993931034482758946e+01,1.110000000000000000e+02,1.390348411944726195e+02
1.530000000000000000e+02,4.020206896551724185e+01,1.055000000000000000e+02,1.377283709577176012e+02
1.540000000000000000e+02,4.046482758620689424e+01,1.055000000000000000e+02,1.340765484092327426e+02
1.550000000000000000e+02,4.072758620689655373e+01,1.035000000000000000e+02,1.366172786142815312e+02
1.560000000000000000e+02,4.099034482758620612e+01,1.030000000000000000e+02,1.392530280316095173e+02
1.570000000000000000e+02,4.125310344827586562e+01,1.020000000000000000e+02,1.414004852262615941e+02
1.580000000000000000e+02,4.151586206896551801e+01,1.020000000000000000e+02,1.404797815004588699e+02
1.590000000000000000e+02,4.177862068965517039e+01,1.030000000000000000e+02,1.366594367371150724e+02
1.600000000000000000e+02,4.204137931034482989e+01,1.015000000000000000e+02,1.347706368834555519e+02
1.610000000000000000e+02,4.230413793103448228e+01,1.000000000000000000e+02,1.377824308970083962e+02
1.620000000000000000e+02,4.256689655172413467e+01,1.010000000000000000e+02,1.318377514535701209e+02
1.630000000000000000e+02,4.282965517241379416e+01,1.000000000000000000e+02,1.281663398755044909e+02
1.640000000000000000e+02,4.309241379310344655e+01,9.900000000000000000e+01,1.216879957759689006e+02
1.650000000000000000e+02,4.335517241379310605e+01,9.750000000000000000e+01,1.236916090497070257e+02
1.660000000000000000e+02,4.361793103448275843e+01,9.700000000000000000e+01,1.229727838001382878e+02
1.670000000000000000e+02,4.388068965517241082e+01,1.010000000000000000e+02,1.258265726660664399e+02
1.680000000000000000e+02,4.414344827586207032e+01,1.005000000000000000e+02,1.224326611260927677e+02
1.690000000000000000e+02,4.440620689655172271e+01,1.005000000000000000e+02,1.117942659500278495e+02
1.700000000000000000e+02,4.466896551724138220e+01,9.750000000000000000e+01,1.149086291605445780e+02
1.710000000000000000e+02,4.493172413793102749e+01,1.005000000000000000e+02,1.178278449334734574e+02
1.720000000000000000e+02,4.519448275862068698e+01,9.800000000000000000e+01,1.177373415583273157e+02
1.730000000000000000e+02,4.545724137931034647e+01,1.020000000000000000e+02,1.125382323152398385e+02
1.740000000000000000e+02,4.571999999999999886e+01,1.005000000000000000e+02,1.113704384743645903e+02
1.750000000000000000e+02,4.598275862068965836e+01,1.015000000000000000e+02,1.071172429286662009e+02
1.760000000000000000e+02,4.624551724137931075e+01,9.850000000000000000e+01,1.121156222852848714e+02
1.770000000000000000e+02,4.650827586206896314e+01,9.950000000000000000e+01,1.102747023693053876e+02
1.780000000000000000e+02,4.677103448275862263e+01,1.030000000000000000e+02,1.012470078433047860e+02
1.790000000000000000e+02,4.703379310344827502e+01,1.025000000000000000e+02,1.010428608176857779e+02
1.800000000000000000e+02,4.729655172413793451e+01,1.025000000000000000e+02,1.046946929535537123e+02
1.810000000000000000e+02,4.755931034482758690e+01,1.025000000000000000e+02,8.830303873200261933e+01
1.820000000000000000e+02,4.782206896551723929e+01,9.750000000000000000e+01,9.051703099033657907e+01
1.830000000000000000e+02,4.808482758620689879e+01,1.010000000000000000e+02,9.621781568688595598e+01
1.840000000000000000e+02,4.834758620689655118e+01,9.950000000000000000e+01,9.722809084470162588e+01
1.850000000000000000e+02,4.861034482758620356e+01,1.005000000000000000e+02,9.155016981824773836e+01
1.860000000000000000e+02,4.887310344827586306e+01,1.015000000000000000e+02,9.458883748668938551e+01
1.870000000000000000e+02,4.913586206896551545e+01,9.950000000000000000e+01,7.188560308264482046e+01
1.880000000000000000e+02,4.939862068965517494e+01,9.900000000000000000e+01,6.845436436049932638e+01
1.890000000000000000e+02,4.966137931034482733e+01,9.850000000000000000e+01,6.668019394009655798e+01
1.900000000000000000e+02,4.992413793103447972e+01,1.010000000000000000e+02,5.972445045907823413e+01
1.910000000000000000e+02,5.018689655172413921e+01,9.900000000000000000e+01,5.615634178097984375e+01
1.920000000000000000e+02,5.044965517241379160e+01,1.000000000000000000e+02,5.857521280845300282e+01
1.930000000000000000e+02,5.071241379310345110e+01,9.950000000000000000e+01,4.118445971749807910e+01
1.940000000000000000e+02,5.097517241379310349e+01,1.000000000000000000e+02,4.979164923291187250e+01
1.950000000000000000e+02,5.123793103448275588e+01,9.800000000000000000e+01,5.161586464100827243e+01
1.960000000000000000e+02,5.150068965517241537e+01,9.700000000000000000e+01,5.540052631493875168e+01
1.970000000000000000e+02,5.176344827586206776e+01,9.550000000000000000e+01,5.773219648009823146e+01
1.980000000000000000e+02,5.202620689655172725e+01,9.400000000000000000e+01,5.261904492566250013e+01
1.990000000000000000e+02,5.228896551724137964e+01,9.450000000000000000e+01,4.735811686119802033e+01
2.000000000000000000e+02,5.255172413793103203e+01,9.150000000000000000e+01,3.882269167495845608e+01
2.010000000000000000e+02,5.281448275862069153e+01,9.050000000000000000e+01,3.938947595452651029e+01
2.020000000000000000e+02,5.307724137931034392e+01,9.200000000000000000e+01,3.365384966422448088e+01
2.030000000000000000e+02,5.334000000000000341e+01,9.300000000000000000e+01,3.791666094322300751e+01
2.040000000000000000e+02,5.360275862068965580e+01,9.450000000000000000e+01,3.800081664875403931e+01
2.050000000000000000e+02,5.386551724137930819e+01,9.200000000000000000e+01,3.587477618009933167e+01
2.060000000000000000e+02,5.412827586206896768e+01,9.450000000000000000e+01,3.145960262339977831e+01
2.070000000000000000e+02,5.439103448275862007e+01,9.750000000000000000e+01,3.228744596072390749e+01
2.080000000000000000e+02,5.465379310344827246e+01,9.900000000000000000e+01,3.579911156563650110e+01
2.090000000000000000e+02,5.491655172413793196e+01,9.800000000000000000e+01,3.658549253309143268e+01
2.100000000000000000e+02,5.517931034482758434e+01,1.000000000000000000e+02,3.303783079878110129e+01
2.110000000000000000e+02,5.544206896551724384e+01,9.750000000000000000e+01,2.934078237567407754e+01
2.120000000000000000e+02,5.570482758620689623e+01,9.800000000000000000e+01,3.112539044824266554e+01
2.130000000000000000e+02,5.596758620689654862e+01,9.650000000000000000e+01,3.188667406047374087e+01
2.140000000000000000e+02,5.623034482758620811e+01,9.850000000000000000e+01,2.913447628383481813e+01
2.150000000000000000e+02,5.649310344827586050e+01,9.750000000000000000e+01,3.161311260994223815e+01
2.160000000000000000e+02,5.675586206896552000e+01,9.900000000000000000e+01,3.506895489207258976e+01
2.170000000000000000e+02,5.701862068965517238e+01,9.450000000000000000e+01,3.371345758331859344e+01
2.180000000000000000e+02,5.728137931034482477e+01,9.650000000000000000e+01,2.819574435974336879e+01
2.190000000000000000e+02,5.754413793103448427e+01,9.400000000000000000e+01,3.004464270973372209e+01
2.200000000000000000e+02,5.780689655172413666e+01,9.600000000000000000e+01,3.425029779878644121e+01
2.210000000000000000e+02,5.806965517241379615e+01,9.400000000000000000e+01,3.068488334623780389e+01
2.220000000000000000e+02,5.833241379310344854e+01,9.400000000000000000e+01,3.510222546561526968e+01
2.230000000000000000e+02,5.859517241379310093e+01,9.250000000000000000e+01,3.105226329199782498e+01
2.240000000000000000e+02,5.885793103448276042e+01,9.250000000000000000e+01,3.121920705093082660e+01
2.250000000000000000e+02,5.912068965517241281e+01,9.300000000000000000e+01,2.625277763082095817e+01
2.260000000000000000e+02,5.938344827586207231e+01,9.250000000000000000e+01,2.569154638311122696e+01
2.270000000000000000e+02,5.964620689655172470e+01,9.100000000000000000e+01,2.505257492587671209e+01
2.280000000000000000e+02,5.990896551724137709e+01,9.000000000000000000e+01,2.541652151597897813e+01
2.290000000000000000e+02,6.017172413793103658e+01,8.700000000000000000e+01,2.451445152014079554e+01
2.300000000000000000e+02,6.043448275862068897e+01,8.700000000000000000e+01,1.885681381048594218e+01
2.310000000000000000e+02,6.069724137931034136e+01,8.800000000000000000e+01,1.786620801650112256e+01
2.320000000000000000e+02,6.096000000000000085e+01,8.900000000000000000e+01,1.537804847826927634e+01
2.330000000000000000e+02,6.122275862068965324e+01,8.650000000000000000e+01,1.464366982597675815e+01
2.340000000000000000e+02,6.148551724137931274e+01,8.700000000000000000e+01,1.474905835035654711e+01
2.350000000000000000e+02,6.174827586206896513e+01,8.700000000000000000e+01,1.321293295306618276e+01
2.360000000000000000e+02,6.201103448275861751e+01,8.550000000000000000e+01,1.575242485742715459e+01
2.370000000000000000e+02,6.227379310344827701e+01,8.600000000000000000e+01,1.480426400193163516e+01
2.380000000000000000e+02,6.253655172413792940e+01,8.550000000000000000e+01,1.572648983845056669e+01
2.390000000000000000e+02,6.279931034482758889e+01,8.400000000000000000e+01,1.649935552192535937e+01
2.400000000000000000e+02,6.306206896551724128e+01,8.400000000000000000e+01,1.546904110276034139e+01
2.410000000000000000e+02,6.332482758620689367e+01,8.300000000000000000e+01,1.683353960269662508e+01
2.420000000000000000e+02,6.358758620689655316e+01,8.400000000000000000e+01,1.565508215316106799e+01
2.430000000000000000e+02,6.385034482758620555e+01,8.350000000000000000e+01,1.420923445334054591e+01
2.440000000000000000e+02,6.411310344827586505e+01,8.300000000000000000e+01,1.364200009773737854e+01
2.450000000000000000e+02,6.437586206896551744e+01,8.400000000000000000e+01,1.283928433450331497e+01
2.460000000000000000e+02,6.463862068965516983e+01,8.300000000000000000e+01,1.501039859471500648e+01
2.470000000000000000e+02,6.490137931034482222e+01,8.350000000000000000e+01,1.707539195499379048e+01
2.480000000000000000e+02,6.516413793103448882e+01,8.300000000000000000e+01,1.579874236819711797e+01
2.490000000000000000e+02,6.542689655172414120e+01,8.350000000000000000e+01,1.758545603300889226e+01
2.500000000000000000e+02,6.568965517241379359e+01,8.250000000000000000e+01,1.637277338551209738e+01
2.510000000000000000e+02,6.595241379310344598e+01,8.250000000000000000e+01,1.682131377812750372e+01
2.520000000000000000e+02,6.621517241379309837e+01,8.200000000000000000e+01,1.529024743641078743e+01
2.530000000000000000e+02,6.647793103448276497e+01,8.250000000000000000e+01,1.614150479612521494e+01
2.540000000000000000e+02,6.674068965517241736e+01,8.250000000000000000e+01,1.623139961104196516e+01
2.550000000000000000e+02,6.700344827586206975e+01,8.100000000000000000e+01,1.488567544095105433e+01
2.560000000000000000e+02,6.726620689655172214e+01,8.100000000000000000e+01,1.584407530347612969e+01
2.570000000000000000e+02,6.752896551724137453e+01,8.200000000000000000e+01,1.647467543096238174e+01
2.580000000000000000e+02,6.779172413793104113e+01,8.300000000000000000e+01,1.574581073033572132e+01
2.590000000000000000e+02,6.805448275862069352e+01,8.100000000000000000e+01,1.659562986317649447e+01
2.600000000000000000e+02,6.831724137931034591e+01,8.150000000000000000e+01,1.802178465697063459e+01
2.610000000000000000e+02,6.857999999999999829e+01,8.100000000000000000e+01,1.709999187784082508e+01
2.620000000000000000e+02,6.884275862068965068e+01,8.250000000000000000e+01,1.615157156096238467e+01
2.630000000000000000e+02,6.910551724137931728e+01,8.100000000000000000e+01,1.844265464667889631e+01
2.640000000000000000e+02,6.936827586206896967e+01,8.250000000000000000e+01,1.697485886048344383e+01
2.650000000000000000e+02,6.963103448275862206e+01,8.200000000000000000e+01,1.657766601233921122e+01
2.660000000000000000e+02,6.989379310344827445e+01,8.250000000000000000e+01,1.662369460204987703e+01
2.670000000000000000e+02,7.015655172413792684e+01,8.200000000000000000e+01,1.683601463793878139e+01
2.680000000000000000e+02,7.041931034482757923e+01,8.200000000000000000e+01,1.788639642530974783e+01
2.690000000000000000e+02,7.068206896551724583e+01,8.100000000000000000e+01,1.726568077542524549e+01
2.700000000000000000e+02,7.094482758620689822e+01,8.150000000000000000e+01,1.748610559526874297e+01
2.710000000000000000e+02,7.120758620689655061e+01,8.100000000000000000e+01,1.632800455165568820e+01
2.720000000000000000e+02,7.147034482758620300e+01,8.200000000000000000e+01,1.690614410009962398e+01
2.730000000000000000e+02,7.173310344827585538e+01,8.050000000000000000e+01,1.748112821730908806e+01
2.740000000000000000e+02,7.199586206896552198e+01,8.200000000000000000e+01,1.602726626374219876e+01
2.750000000000000000e+02,7.225862068965517437e+01,8.350000000000000000e+01,1.808731714950193137e+01
2.760000000000000000e+02,7.252137931034482676e+01,8.300000000000000000e+01,1.678374244370625235e+01
2.770000000000000000e+02,7.278413793103447915e+01,8.400000000000000000e+01,1.835357547288508329e+01
2.780000000000000000e+02,7.304689655172413154e+01,8.550000000000000000e+01,1.811047070911067181e+01
2.790000000000000000e+02,7.330965517241379814e+01,8.600000000000000000e+01,1.791177258738571254e+01
2.800000000000000000e+02,7.357241379310345053e+01,8.500000000000000000e+01,1.763596733241474368e+01
2.810000000000000000e+02,7.383517241379310292e+01,8.550000000000000000e+01,1.718768939289591202e+01
2.820000000000000000e+02,7.409793103448275531e+01,8.550000000000000000e+01,1.747049844658767270e+01
2.830000000000000000e+02,7.436068965517240770e+01,8.750000000000000000e+01,1.738862125947757775e+01
2.840000000000000000e+02,7.462344827586207430e+01,8.500000000000000000e+01,1.773374402328321864e+01
2.850000000000000000e+02,7.488620689655172669e+01,8.900000000000000000e+01,1.807765607886032200e+01
2.860000000000000000e+02,7.514896551724137908e+01,1.785000000000000000e+02,1.030789522613882099e+02
2.870000000000000000e+02,7.541172413793103146e+01,5.570000000000000000e+02,1.177035397254003257e+01
2.880000000000000000e+02,7.567448275862068385e+01,5.530000000000000000e+02,1.039956930197912932e+01
2.890000000000000000e+02,7.593724137931035045e+01,5.480000000000000000e+02,1.418502180999380791e+01
2.900000000000000000e+02,7.620000000000000284e+01,5.465000000000000000e+02,1.060543541853264315e+01
2.910000000000000000e+02,7.646275862068965523e+01,5.520000000000000000e+02,1.202902667047042939e+01
2.920000000000000000e+02,7.672551724137930762e+01,1.340000000000000000e+02,1.499118129078077857e+02
2.930000000000000000e+02,7.698827586206896001e+01,1.280000000000000000e+02,1.487433238464466001e+02
2.940000000000000000e+02,7.725103448275862661e+01,1.280000000000000000e+02,1.513702331458827075e+02
2.950000000000000000e+02,7.751379310344827900e+01,1.245000000000000000e+02,1.483697520835474393e+02
2.960000000000000000e+02,7.777655172413793139e+01,1.250000000000000000e+02,1.433575984790016946e+02
2.970000000000000000e+02,7.803931034482758378e+01,1.265000000000000000e+02,1.435354180425127595e+02
2.980000000000000000e+02,7.830206896551723617e+01,1.225000000000000000e+02,1.419120531032238262e+02
2.990000000000000000e+02,7.856482758620690277e+01,1.210000000000000000e+02,1.383305220597874268e+02
3.000000000000000000e+02,7.882758620689655515e+01,1.225000000000000000e+02,1.381260730853238385e+02
3.010000000000000000e+02,7.909034482758620754e+01,1.215000000000000000e+02,1.369989972971213774e+02
3.020000000000000000e+02,7.935310344827585993e+01,1.215000000000000000e+02,1.333611884965870615e+02
3.030000000000000000e+02,7.961586206896551232e+01,1.180000000000000000e+02,1.304575814414614854e+02
3.040000000000000000e+02,7.987862068965517892e+01,1.230000000000000000e+02,1.248526058081421581e+02
3.050000000000000000e+02,8.014137931034483131e+01,1.180000000000000000e+02,1.220357967036038787e+02
3.060000000000000000e+02,8.040413793103448370e+01,1.190000000000000000e+02,1.128944858288284792e+02
3.070000000000000000e+02,8.066689655172413609e+01,1.180000000000000000e+02,1.183715882266752146e+02
3.080000000000000000e+02,8.092965517241378848e+01,1.160000000000000000e+02,1.164380628602128809e+02
3.090000000000000000e+02,8.119241379310345508e+01,1.160000000000000000e+02,1.173845177184793869e+02
3.100000000000000000e+02,8.145517241379310747e+01,1.165000000000000000e+02,1.219062139515455527e+02
3.110000000000000000e+02,8.171793103448275986e+01,1.160000000000000000e+02,1.222103719002605828e+02
3.120000000000000000e+02,8.198068965517241224e+01,1.170000000000000000e+02,1.201062734709695974e+02
3.130000000000000000e+02,8.224344827586206463e+01,1.140000000000000000e+02,1.135508023847573611e+02
3.140000000000000000e+02,8.250620689655173123e+01,1.155000000000000000e+02,1.128845107196583797e+02
3.150000000000000000e+02,8.276896551724138362e+01,1.155000000000000000e+02,1.040188764085901596e+02
3.160000000000000000e+02,8.303172413793103601e+01,1.140000000000000000e+02,8.925787537227301982e+01
3.170000000000000000e+02,8.329448275862068840e+01,1.130000000000000000e+02,6.931899641432273995e+01
3.180000000000000000e+02,8.355724137931034079e+01,1.165000000000000000e+02,6.394064291178359838e+01
3.190000000000000000e+02,8.381999999999999318e+01,1.165000000000000000e+02,6.052332180770391545e+01
3.200000000000000000e+02,8.408275862068965978e+01,1.160000000000000000e+02,4.715366704692458910e+01
3.210000000000000000e+02,8.434551724137931217e+01,1.170000000000000000e+02,5.072915811088223847e+01
3.220000000000000000e+02,8.460827586206896456e+01,1.165000000000000000e+02,7.643078522791424234e+01
3.230000000000000000e+02,8.487103448275861695e+01,1.170000000000000000e+02,8.228127571527639361e+01
3.240000000000000000e+02,8.513379310344826933e+01,1.150000000000000000e+02,7.191776505534328123e+01
3.250000000000000000e+02,8.539655172413793593e+01,1.150000000000000000e+02,6.412752797161293472e+01
3.260000000000000000e+02,8.565931034482758832e+01,1.150000000000000000e+02,4.725943743934467989e+01
3.270000000000000000e+02,8.592206896551724071e+01,1.150000000000000000e+02,8.120389450413624388e+01
3.280000000000000000e+02,8.618482758620689310e+01,1.140000000000000000e+02,3.979458977047005419e+01
3.290000000000000000e+02,8.644758620689654549e+01,1.160000000000000000e+02,3.711561679962582616e+01
3.300000000000000000e+02,8.671034482758621209e+01,1.155000000000000000e+02,3.150683347395538547e+01
3.310000000000000000e+02,8.697310344827586448e+01,1.150000000000000000e+02,2.365492666561356216e+01
3.320000000000000000e+02,8.723586206896551687e+01,1.140000000000000000e+02,4.520761808189952546e+01
3.330000000000000000e+02,8.749862068965516926e+01,1.160000000000000000e+02,6.604132492025142653e+01
3.340000000000000000e+02,8.776137931034482165e+01,1.165000000000000000e+02,7.781726893016741542e+01
3.350000000000000000e+02,8.802413793103448825e+01,1.120000000000000000e+02,4.742184725653590505e+01
3.360000000000000000e+02,8.828689655172414064e+01,1.105000000000000000e+02,5.026202177920555414e+01
3.370000000000000000e+02,8.854965517241379303e+01,1.120000000000000000e+02,5.840667636280975472e+01
3.380000000000000000e+02,8.881241379310344541e+01,1.125000000000000000e+02,4.546335043349630922e+01
3.390000000000000000e+02,8.907517241379309780e+01,1.115000000000000000e+02,2.181041059715902364e+01
3.400000000000000000e+02,8.933793103448276440e+01,1.100000000000000000e+02,1.400886376152216428e+01
3.410000000000000000e+02,8.960068965517241679e+01,1.100000000000000000e+02,8.345407918929627300e+00
3.420000000000000000e+02,8.986344827586205497e+01,1.090000000000000000e+02,8.859924598374913529e+00
3.430000000000000000e+02,9.012620689655170736e+01,1.110000000000000000e+02,1.043398560261396391e+01
3.440000000000000000e+02,9.038896551724137396e+01,1.100000000000000000e+02,1.115731495850741517e+01
3.450000000000000000e+02,9.065172413793104056e+01,1.095000000000000000e+02,1.062162936731774110e+01
3.460000000000000000e+02,9.091448275862069295e+01,1.085000000000000000e+02,1.140310554069470150e+01
3.470000000000000000e+02,9.117724137931034534e+01,1.080000000000000000e+02,1.084038232208112085e+01
3.480000000000000000e+02,9.143999999999999773e+01,1.065000000000000000e+02,9.959270353405525356e+00
3.490000000000000000e+02,9.170275862068965012e+01,1.080000000000000000e+02,8.922481554104402690e+00
3.500000000000000000e+02,9.196551724137931672e+01,1.075000000000000000e+02,8.025025960497989885e+00
3.510000000000000000e+02,9.222827586206896910e+01,1.095000000000000000e+02,7.049305521349840120e+00
3.520000000000000000e+02,9.249103448275862149e+01,1.095000000000000000e+02,8.848233306083699290e+00
3.530000000000000000e+02,9.275379310344827388e+01,1.090000000000000000e+02,8.261749839874520163e+00
3.540000000000000000e+02,9.301655172413792627e+01,1.095000000000000000e+02,9.712870005822171748e+00
3.550000000000000000e+02,9.327931034482759287e+01,1.095000000000000000e+02,1.020856717419246884e+01
3.560000000000000000e+02,9.354206896551724526e+01,1.125000000000000000e+02,1.234233905438241230e+01
3.570000000000000000e+02,9.380482758620689765e+01,1.145000000000000000e+02,1.112880318887285647e+01
3.580000000000000000e+02,9.406758620689655004e+01,1.160000000000000000e+02,1.202859368223161063e+01
3.590000000000000000e+02,9.433034482758620243e+01,1.165000000000000000e+02,1.320662449513711323e+01
3.600000000000000000e+02,9.459310344827586903e+01,1.205000000000000000e+02,1.279458435780111003e+01
3.610000000000000000e+02,9.485586206896552142e+01,1.175000000000000000e+02,1.337011528143601780e+01
3.620000000000000000e+02,9.511862068965517381e+01,1.195000000000000000e+02,1.516115685174892391e+01
3.630000000000000000e+02,9.538137931034482619e+01,1.180000000000000000e+02,1.428964696613134144e+01
3.640000000000000000e+02,9.564413793103447858e+01,1.165000000000000000e+02,1.479630209057505219e+01
3.650000000000000000e+02,9.590689655172413097e+01,1.185000000000000000e+02,1.558088216016310845e+01
3.660000000000000000e+02,9.616965517241379757e+01,1.175000000000000000e+02,1.628872256006863495e+01
3.670000000000000000e+02,9.643241379310344996e+01,1.155000000000000000e+02,1.641453825035057790e+01
3.680000000000000000e+02,9.669517241379310235e+01,1.155000000000000000e+02,1.652896237584870676e+01
3.690000000000000000e+02,9.695793103448275474e+01,1.140000000000000000e+02,1.686074500792365072e+01
3.700000000000000000e+02,9.722068965517240713e+01,1.135000000000000000e+02,1.618121124088744622e+01
3.710000000000000000e+02,9.748344827586207373e+01,1.120000000000000000e+02,1.657636997857693473e+01
3.720000000000000000e+02,9.774620689655172612e+01,1.150000000000000000e+02,1.667437321827187446e+01
3.730000000000000000e+02,9.800896551724137851e+01,1.140000000000000000e+02,1.715047780351581963e+01
3.740000000000000000e+02,9.827172413793103090e+01,1.135000000000000000e+02,1.779121535337032611e+01
3.750000000000000000e+02,9.853448275862068328e+01,1.130000000000000000e+02,1.759733595289039343e+01
3.760000000000000000e+02,9.879724137931034988e+01,1.145000000000000000e+02,1.733852836812346609e+01
3.770000000000000000e+02,9.906000000000000227e+01,1.130000000000000000e+02,1.534142675894259789e+01
3.780000000000000000e+02,9.932275862068965466e+01,1.110000000000000000e+02,1.624421638529302214e+01
3.790000000000000000e+02,9.958551724137930705e+01,1.095000000000000000e+02,1.674221160138515430e+01
3.800000000000000000e+02,9.984827586206895944e+01,1.100000000000000000e+02,1.777985556434272496e+01
3.810000000000000000e+02,1.001110344827586260e+02,1.095000000000000000e+02,1.908195728299379823e+01
3.820000000000000000e+02,1.003737931034482784e+02,1.095000000000000000e+02,1.896486837916069135e+01
3.830000000000000000e+02,1.006365517241379308e+02,1.070000000000000000e+02,1.747215045913543818e+01
3.840000000000000000e+02,1.008993103448275832e+02,1.100000000000000000e+02,1.498934806973123735e+01
3.850000000000000000e+02,1.011620689655172356e+02,1.080000000000000000e+02,1.439177764867456943e+01
3.860000000000000000e+02,1.014248275862069022e+02,1.060000000000000000e+02,1.349742773848245392e+01
3.870000000000000000e+02,1.016875862068965546e+02,1.065000000000000000e+02,1.289822271886927574e+01
3.880000000000000000e+02,1.019503448275862070e+02,1.040000000000000000e+02,1.181189372341849975e+01
3.890000000000000000e+02,1.022131034482758594e+02,1.040000000000000000e+02,1.112646291879559257e+01
3.900000000000000000e+02,1.024758620689655118e+02,1.050000000000000000e+02,1.174490137605818063e+01
3.910000000000000000e+02,1.027386206896551784e+02,1.050000000000000000e+02,1.046812290824970226e+01
3.920000000000000000e+02,1.030013793103448307e+02,1.060000000000000000e+02,9.904557557845109272e+00
3.930000000000000000e+02,1.032641379310344831e+02,1.055000000000000000e+02,1.037171551089254073e+01
3.940000000000000000e+02,1.035268965517241355e+02,1.060000000000000000e+02,1.187054009816832867e+01
3.950000000000000000e+02,1.037896551724137879e+02,1.065000000000000000e+02,1.245296707170178152e+01
3.960000000000000000e+02,1.040524137931034545e+02,1.050000000000000000e+02,1.335712395752418935e+01
3.970000000000000000e+02,1.043151724137931069e+02,1.060000000000000000e+02,1.386540897241124526e+01
3.980000000000000000e+02,1.045779310344827593e+02,1.065000000000000000e+02,1.515565935275224696e+01
3.990000000000000000e+02,1.048406896551724117e+02,1.055000000000000000e+02,1.660874048254914115e+01
4.000000000000000000e+02,1.051034482758620641e+02,1.065000000000000000e+02,1.486360149175009404e+01
4.010000000000000000e+02,1.053662068965517307e+02,1.050000000000000000e+02,1.587711873437859467e+01
4.020000000000000000e+02,1.056289655172413831e+02,1.060000000000000000e+02,1.504276311793223719e+01
4.030000000000000000e+02,1.058917241379310354e+02,1.060000000000000000e+02,1.389017875954885994e+01
4.040000000000000000e+02,1.061544827586206878e+02,1.045000000000000000e+02,1.224567667473800014e+01
4.050000000000000000e+02,1.064172413793103402e+02,1.030000000000000000e+02,1.277693233918063775e+01
4.060000000000000000e+02,1.066800000000000068e+02,1.060000000000000000e+02,1.176858385585208033e+01
4.070000000000000000e+02,1.069427586206896592e+02,1.045000000000000000e+02,1.258083239495702088e+01
4.080000000000000000e+02,1.072055172413793116e+02,1.050000000000000000e+02,1.071552530858327934e+01
4.090000000000000000e+02,1.074682758620689640e+02,1.040000000000000000e+02,1.004642003678701023e+01
4.100000000000000000e+02,1.077310344827586164e+02,1.045000000000000000e+02,7.529456044983152019e+00
4.110000000000000000e+02,1.079937931034482688e+02,1.050000000000000000e+02,6.821095494860045072e+00
4.120000000000000000e+02,1.082565517241379354e+02,1.050000000000000000e+02,6.485962406099293531e+00
4.130000000000000000e+02,1.085193103448275878e+02,1.050000000000000000e+02,5.790579934015437580e+00
4.140000000000000000e+02,1.087820689655172401e+02,1.050000000000000000e+02,5.563865313091450382e+00
4.150000000000000000e+02,1.090448275862068925e+02,1.060000000000000000e+02,5.121060477739612260e+00
4.160000000000000000e+02,1.093075862068965449e+02,1.050000000000000000e+02,4.598412694132134604e+00
4.170000000000000000e+02,1.095703448275862115e+02,1.075000000000000000e+02,5.669385071004908738e+00
4.180000000000000000e+02,1.098331034482758639e+02,1.070000000000000000e+02,5.086064839889043121e+00
4.190000000000000000e+02,1.100958620689655163e+02,1.070000000000000000e+02,4.734211699603923407e+00
4.200000000000000000e+02,1.103586206896551687e+02,1.060000000000000000e+02,4.779876799899995810e+00
4.210000000000000000e+02,1.106213793103448211e+02,1.060000000000000000e+02,4.823580317910476367e+00
4.220000000000000000e+02,1.108841379310344877e+02,1.050000000000000000e+02,5.000000000000000000e+00
4.230000000000000000e+02,1.111468965517241401e+02,1.040000000000000000e+02,4.902123618619000034e+00
4.240000000000000000e+02,1.114096551724137925e+02,1.045000000000000000e+02,4.080568792051749050e+00
4.250000000000000000e+02,1.116724137931034448e+02,1.060000000000000000e+02,4.328873907329199078e+00
4.260000000000000000e+02,1.119351724137930972e+02,1.070000000000000000e+02,4.154983620772636499e+00
4.270000000000000000e+02,1.121979310344827638e+02,3.160000000000000000e+02,1.375766058697440144e+02
4.280000000000000000e+02,1.124606896551724162e+02,5.495000000000000000e+02,1.198260820128721349e+01
4.290000000000000000e+02,1.127234482758620686e+02,5.490000000000000000e+02,1.129418406747472758e+01
4.300000000000000000e+02,1.129862068965517210e+02,5.490000000000000000e+02,1.098513436801449927e+01
4.310000000000000000e+02,1.132489655172413734e+02,5.470000000000000000e+02,1.108294172240485054e+01
4.320000000000000000e+02,1.135117241379310400e+02,5.470000000000000000e+02,8.680652777233339279e+00
4.330000000000000000e+02,1.137744827586206924e+02,5.485000000000000000e+02,1.019035406510599273e+01
4.340000000000000000e+02,1.140372413793103448e+02,5.470000000000000000e+02,1.369604312282281633e+01
4.350000000000000000e+02,1.142999999999999972e+02,5.490000000000000000e+02,1.305909378768509832e+01
4.360000000000000000e+02,1.145627586206896495e+02,4.500000000000000000e+01,2.453650200325130815e+00
4.370000000000000000e+02,1.148255172413793161e+02,3.900000000000000000e+01,1.870364640621953178e+00
4.380000000000000000e+02,1.150882758620689685e+02,3.500000000000000000e+01,1.950783318453270354e+00
4.390000000000000000e+02,1.153510344827586209e+02,3.250000000000000000e+01,1.892510824862626784e+00
4.400000000000000000e+02,1.156137931034482733e+02,3.000000000000000000e+01,1.648731625287215286e+00
4.410000000000000000e+02,1.158765517241379257e+02,3.000000000000000000e+01,1.157516198590758494e+00
4.420000000000000000e+02,1.161393103448275923e+02,2.800000000000000000e+01,1.368672308804736781e+00
4.430000000000000000e+02,1.164020689655172447e+02,2.700000000000000000e+01,1.413599621140614326e+00
4.440000000000000000e+02,1.166648275862068971e+02,2.600000000000000000e+01,1.428261375083550888e+00
4.450000000000000000e+02,1.169275862068965495e+02,2.600000000000000000e+01,1.576190026614811446e+00
4.460000000000000000e+02,1.171903448275862019e+02,2.500000000000000000e+01,1.139375742822942961e+00
4.470000000000000000e+02,1.174531034482758685e+02,2.400000000000000000e+01,1.206895696496686599e+00
4.480000000000000000e+02,1.177158620689655208e+02,2.400000000000000000e+01,1.330563529319647387e+00
4.490000000000000000e+02,1.179786206896551732e+02,2.300000000000000000e+01,1.318768101508205115e+00
4.500000000000000000e+02,1.182413793103448256e+02,2.200000000000000000e+01,1.133455875727953588e+00
4.510000000000000000e+02,1.185041379310344780e+02,2.200000000000000000e+01,1.270491757374110797e+00
4.520000000000000000e+02,1.187668965517241446e+02,2.200000000000000000e+01,1.235330590031132880e+00
4.530000000000000000e+02,1.190296551724137970e+02,2.100000000000000000e+01,1.256752594321306038e+00
4.540000000000000000e+02,1.192924137931034494e+02,2.100000000000000000e+01,1.245652160739728842e+00
4.550000000000000000e+02,1.195551724137931018e+02,2.100000000000000000e+01,1.413599621140614992e+00
4.560000000000000000e+02,1.198179310344827542e+02,2.000000000000000000e+01,1.337882863166860226e+00
4.570000000000000000e+02,1.200806896551724208e+02,2.000000000000000000e+01,1.334472169894233229e+00
4.580000000000000000e+02,1.203434482758620732e+02,2.000000000000000000e+01,1.693533452741798229e+00
4.590000000000000000e+02,1.206062068965517255e+02,2.000000000000000000e+01,1.690968657308585366e+00
4.600000000000000000e+02,1.208689655172413779e+02,1.900000000000000000e+01,1.709730120028694289e+00
4.610000000000000000e+02,1.211317241379310303e+02,1.900000000000000000e+01,1.895604381779653513e+00
4.620000000000000000e+02,1.213944827586206827e+02,1.900000000000000000e+01,1.918477405536889613e+00
4.630000000000000000e+02,1.216572413793103493e+02,1.900000000000000000e+01,1.674979270186815139e+00
4.640000000000000000e+02,1.219200000000000017e+02,1.900000000000000000e+01,1.903487296750070001e+00
4.650000000000000000e+02,1.221827586206896541e+02,1.950000000000000000e+01,2.140770726994265516e+00
4.660000000000000000e+02,1.224455172413793065e+02,1.900000000000000000e+01,2.300267949367831744e+00
4.670000000000000000e+02,1.227082758620689589e+02,1.800000000000000000e+01,2.414870021807016709e+00
4.680000000000000000e+02,1.229710344827586255e+02,1.800000000000000000e+01,2.926174977679906419e+00
4.690000000000000000e+02,1.232337931034482779e+02,1.850000000000000000e+01,3.088888576638673111e+00
4.700000000000000000e+02,1.234965517241379303e+02,1.800000000000000000e+01,3.164952935405727974e+00
4.710000000000000000e+02,1.237593103448275826e+02,1.800000000000000000e+01,3.510895738823482493e+00
4.720000000000000000e+02,1.240220689655172350e+02,1.800000000000000000e+01,3.737421032238971819e+00
4.730000000000000000e+02,1.242848275862069016e+02,1.750000000000000000e+01,3.220418256997062745e+00
4.740000000000000000e+02,1.245475862068965540e+02,1.700000000000000000e+01,2.637536203016410230e+00
4.750000000000000000e+02,1.248103448275862064e+02,1.700000000000000000e+01,2.352599035582183973e+00
4.760000000000000000e+02,1.250731034482758588e+02,1.700000000000000000e+01,2.117634293262177003e+00
4.770000000000000000e+02,1.253358620689655112e+02,1.700000000000000000e+01,2.004227303310014641e+00
4.780000000000000000e+02,1.255986206896551778e+02,1.700000000000000000e+01,1.674979270186814917e+00
4.790000000000000000e+02,1.258613793103448302e+02,1.700000000000000000e+01,1.751487463081975227e+00
4.800000000000000000e+02,1.261241379310344826e+02,1.700000000000000000e+01,1.585524799203370305e+00
4.810000000000000000e+02,1.263868965517241350e+02,1.800000000000000000e+01,2.126123069240244412e+00
4.820000000000000000e+02,1.266496551724137873e+02,1.850000000000000000e+01,1.039998664529056871e+00
4.830000000000000000e+02,1.269124137931034539e+02,1.900000000000000000e+01,1.707316770712323573e+00
4.840000000000000000e+02,1.271751724137931063e+02,2.100000000000000000e+01,1.955117039690690506e+00
4.850000000000000000e+02,1.274379310344827587e+02,2.300000000000000000e+01,2.619952157111948843e+00
4.860000000000000000e+02,1.277006896551724111e+02,2.500000000000000000e+01,1.881816313801346841e+00
4.870000000000000000e+02,1.279634482758620635e+02,2.500000000000000000e+01,1.836644736711182446e+00
4.880000000000000000e+02,1.282262068965517301e+02,2.550000000000000000e+01,2.859484097797285962e+00
4.890000000000000000e+02,1.284889655172413825e+02,2.650000000000000000e+01,3.261132110002427975e+00
4.900000000000000000e+02,1.287517241379310349e+02,2.550000000000000000e+01,4.161611516788498832e+00
4.910000000000000000e+02,1.290144827586206873e+02,2.500000000000000000e+01,3.964195220974870093e+00
4.920000000000000000e+02,1.292772413793103397e+02,2.500000000000000000e+01,2.890282449673195586e+00
4.930000000000000000e+02,1.295399999999999920e+02,2.500000000000000000e+01,1.831319917133237940e+00
4.940000000000000000e+02,1.298027586206896444e+02,2.600000000000000000e+01,2.371342212522032256e+00
4.950000000000000000e+02,1.300655172413792968e+02,2.600000000000000000e+01,3.915724620750999474e+00
4.960000000000000000e+02,1.303282758620689776e+02,2.300000000000000000e+01,3.550173606866132481e+00
4.970000000000000000e+02,1.305910344827586300e+02,2.700000000000000000e+01,2.665364265286579215e+00
4.980000000000000000e+02,1.308537931034482824e+02,2.900000000000000000e+01,2.841211473806356747e+00
4.990000000000000000e+02,1.311165517241379348e+02,3.100000000000000000e+01,2.557583359128082545e+00
5.000000000000000000e+02,1.313793103448275872e+02,3.250000000000000000e+01,3.338537604001688308e+00
5.010000000000000000e+02,1.316420689655172396e+02,3.400000000000000000e+01,5.088752234640192995e+00
5.020000000000000000e+02,1.319048275862068920e+02,3.500000000000000000e+01,2.785674539297239072e+00
5.030000000000000000e+02,1.321675862068965444e+02,3.500000000000000000e+01,1.963092621067300980e+00
5.040000000000000000e+02,1.324303448275861967e+02,3.700000000000000000e+01,1.889182473099585646e+00
5.050000000000000000e+02,1.326931034482758491e+02,3.800000000000000000e+01,3.102138599239061545e+00
5.060000000000000000e+02,1.329558620689655299e+02,5.550000000000000000e+01,4.896554468166591079e+01
5.070000000000000000e+02,1.332186206896551823e+02,8.550000000000000000e+01,5.741805377497180984e+01
5.080000000000000000e+02,1.334813793103448347e+02,8.200000000000000000e+01,8.321195326794502023e+01
5.090000000000000000e+02,1.337441379310344871e+02,3.750000000000000000e+01,9.044513520714578192e+01
5.100000000000000000e+02,1.340068965517241395e+02,3.700000000000000000e+01,8.056919634268145103e+01
5.110000000000000000e+02,1.342696551724137919e+02,3.600000000000000000e+01,6.851873983322616368e+01
5.120000000000000000e+02,1.345324137931034443e+02,3.650000000000000000e+01,6.047330319492690620e+01
5.130000000000000000e+02,1.347951724137930967e+02,3.800000000000000000e+01,4.729311671785744409e+01
5.140000000000000000e+02,1.350579310344827491e+02,4.100000000000000000e+01,5.109685791600975335e+01
5.150000000000000000e+02,1.353206896551724014e+02,3.850000000000000000e+01,4.920079588758925837e+01
5.160000000000000000e+02,1.355834482758620823e+02,3.900000000000000000e+01,5.334817095037092116e+01
5.170000000000000000e+02,1.358462068965517346e+02,4.200000000000000000e+01,6.049890954021864076e+01
5.180000000000000000e+02,1.361089655172413870e+02,4.300000000000000000e+01,4.695602256958689225e+01
5.190000000000000000e+02,1.363717241379310394e+02,4.050000000000000000e+01,5.026471160405564831e+01
5.200000000000000000e+02,1.366344827586206918e+02,6.050000000000000000e+01,4.985722671344199597e+01
5.210000000000000000e+02,1.368972413793103442e+02,5.500000000000000000e+01,5.467371254771345690e+01
5.220000000000000000e+02,1.371599999999999966e+02,5.200000000000000000e+01,5.802584134580807529e+01
5.230000000000000000e+02,1.374227586206896490e+02,4.700000000000000000e+01,5.484618248008596453e+01
5.240000000000000000e+02,1.376855172413793014e+02,5.000000000000000000e+01,5.611167792274221000e+01
5.250000000000000000e+02,1.379482758620689538e+02,6.250000000000000000e+01,5.583880570196878779e+01
5.260000000000000000e+02,1.382110344827586346e+02,7.850000000000000000e+01,6.155885846533832506e+01
5.270000000000000000e+02,1.384737931034482870e+02,9.650000000000000000e+01,7.626306809692066224e+01
5.280000000000000000e+02,1.387365517241379393e+02,9.600000000000000000e+01,7.958170809858813755e+01
5.290000000000000000e+02,1.389993103448275917e+02,1.090000000000000000e+02,7.514783751139410128e+01
5.300000000000000000e+02,1.392620689655172441e+02,1.110000000000000000e+02,8.106671367443128418e+01
5.310000000000000000e+02,1.395248275862068965e+02,1.120000000000000000e+02,8.646996909653405794e+01
5.320000000000000000e+02,1.397875862068965489e+02,1.195000000000000000e+02,7.103407522977968824e+01
5.330000000000000000e+02,1.400503448275862013e+02,1.295000000000000000e+02,6.606120570581161644e+01
5.340000000000000000e+02,1.403131034482758537e+02,1.350000000000000000e+02,6.393103041016588861e+01
5.350000000000000000e+02,1.405758620689655061e+02,1.330000000000000000e+02,6.411399014754026382e+01
5.360000000000000000e+02,1.408386206896551585e+02,1.230000000000000000e+02,5.575672215950488209e+01
5.370000000000000000e+02,1.411013793103448393e+02,1.265000000000000000e+02,5.043250009638845910e+01
5.380000000000000000e+02,1.413641379310344917e+02,1.280000000000000000e+02,5.695118142736129840e+01
5.390000000000000000e+02,1.416268965517241440e+02,1.390000000000000000e+02,5.823381019052038710e+01
5.400000000000000000e+02,1.418896551724137964e+02,1.415000000000000000e+02,5.860620700915561088e+01
5.410000000000000000e+02,1.421524137931034488e+02,1.405000000000000000e+02,5.108468850160050323e+01
5.420000000000000000e+02,1.424151724137931012e+02,1.645000000000000000e+02,5.112664269977053522e+01
5.430000000000000000e+02,1.426779310344827536e+02,1.495000000000000000e+02,5.567068582671374344e+01
5.440000000000000000e+02,1.429406896551724060e+02,1.535000000000000000e+02,5.904106386424810182e+01
5.450000000000000000e+02,1.432034482758620584e+02,1.465000000000000000e+02,5.918285796650355479e+01
5.460000000000000000e+02,1.434662068965517108e+02,1.550000000000000000e+02,5.723261729677307841e+01
5.470000000000000000e+02,1.437289655172413916e+02,1.705000000000000000e+02,6.069304242914138570e+01
5.480000000000000000e+02,1.439917241379310440e+02,1.750000000000000000e+02,7.203355398219331107e+01
5.490000000000000000e+02,1.442544827586206964e+02,1.860000000000000000e+02,7.337070248156882712e+01
5.500000000000000000e+02,1.445172413793103487e+02,1.980000000000000000e+02,7.421392455073522854e+01
5.510000000000000000e+02,1.447800000000000011e+02,2.085000000000000000e+02,7.724850546918187888e+01
5.520000000000000000e+02,1.450427586206896535e+02,2.095000000000000000e+02,6.895026387831222792e+01
5.530000000000000000e+02,1.453055172413793059e+02,2.170000000000000000e+02,7.175750057582055774e+01
5.540000000000000000e+02,1.455682758620689583e+02,2.075000000000000000e+02,7.182864145060025862e+01
5.550000000000000000e+02,1.458310344827586107e+02,2.275000000000000000e+02,8.190923796427902914e+01
5.560000000000000000e+02,1.460937931034482631e+02,2.230000000000000000e+02,8.157996034906828697e+01
5.570000000000000000e+02,1.463565517241379439e+02,2.100000000000000000e+02,7.139512510591244165e+01
5.580000000000000000e+02,1.466193103448275963e+02,2.395000000000000000e+02,8.274240482095957816e+01
5.590000000000000000e+02,1.468820689655172487e+02,2.340000000000000000e+02,6.848680681951329063e+01
5.600000000000000000e+02,1.471448275862069011e+02,2.505000000000000000e+02,7.578434486807505266e+01
5.610000000000000000e+02,1.474075862068965534e+02,2.390000000000000000e+02,7.526036980967400325e+01
5.620000000000000000e+02,1.476703448275862058e+02,2.620000000000000000e+02,8.191058122106217354e+01
5.630000000000000000e+02,1.479331034482758582e+02,2.625000000000000000e+02,7.479885062990977929e+01
5.640000000000000000e+02,1.481958620689655106e+02,2.795000000000000000e+02,5.509724672996122052e+01
5.650000000000000000e+02,1.484586206896551630e+02,2.755000000000000000e+02,4.952240216278106288e+01
5.660000000000000000e+02,1.487213793103448154e+02,2.935000000000000000e+02,5.208306666598399914e+01
5.670000000000000000e+02,1.489841379310344962e+02,3.135000000000000000e+02,7.081635826009568291e+01
5.680000000000000000e+02,1.492468965517241486e+02,3.245000000000000000e+02,6.590473119397422863e+01
5.690000000000000000e+02,1.495096551724138010e+02,3.110000000000000000e+02,5.982856004637101677e+01
5.700000000000000000e+02,1.497724137931034534e+02,3.335000000000000000e+02,5.982404756171774096e+01
5.710000000000000000e+02,1.500351724137931058e+02,3.585000000000000000e+02,7.010319464407849921e+01
5.720000000000000000e+02,1.502979310344827582e+02,5.025000000000000000e+02,2.919188641795676986e+01
5.730000000000000000e+02,1.505606896551724105e+02,5.450000000000000000e+02,1.145522685162638865e+01
5.740000000000000000e+02,1.508234482758620629e+02,5.440000000000000000e+02,8.767814207213918465e+00
5.750000000000000000e+02,1.510862068965517153e+02,5.415000000000000000e+02,1.074507316039412963e+01
5.760000000000000000e+02,1.513489655172413677e+02,5.450000000000000000e+02,1.213523336771439531e+01
5.770000000000000000e+02,1.516117241379310485e+02,5.445000000000000000e+02,1.112006366763347920e+01
5.780000000000000000e+02,1.518744827586207009e+02,5.415000000000000000e+02,1.276000424503586750e+01
5.790000000000000000e+02,1.521372413793103533e+02,5.435000000000000000e+02,1.105070384887567236e+01
5.800000000000000000e+02,1.524000000000000057e+02,5.590000000000000000e+02,1.258719587517410510e+01
5.810000000000000000e+02,1.526627586206896581e+02,7.550000000000000000e+01,1.232458515754406747e+01
5.820000000000000000e+02,1.529255172413793105e+02,7.300000000000000000e+01,1.278806952679810394e+01
5.830000000000000000e+02,1.531882758620689629e+02,6.850000000000000000e+01,1.164177031092016534e+01
5.840000000000000000e+02,1.534510344827586152e+02,6.650000000000000000e+01,1.174229578986437694e+01
5.850000000000000000e+02,1.537137931034482676e+02,6.400000000000000000e+01,1.182186577561539842e+01
5.860000000000000000e+02,1.539765517241379200e+02,6.250000000000000000e+01,1.059775919711332115e+01
5.870000000000000000e+02,1.542393103448275724e+02,6.150000000000000000e+01,1.018711655720106180e+01
5.880000000000000000e+02,1.545020689655172532e+02,6.050000000000000000e+01,9.509498175800631614e+00
5.890000000000000000e+02,1.547648275862069056e+02,5.950000000000000000e+01,9.725909519023003824e+00
5.900000000000000000e+02,1.550275862068965580e+02,5.850000000000000000e+01,9.799996456915458509e+00
5.910000000000000000e+02,1.552903448275862104e+02,5.650000000000000000e+01,9.265166807576763475e+00
5.920000000000000000e+02,1.555531034482758628e+02,5.800000000000000000e+01,9.643088162282639431e+00
5.930000000000000000e+02,1.558158620689655152e+02,5.350000000000000000e+01,8.968671360475987342e+00
5.940000000000000000e+02,1.560786206896551676e+02,5.600000000000000000e+01,9.630319597788826513e+00
5.950000000000000000e+02,1.563413793103448199e+02,5.350000000000000000e+01,9.481318437092784990e+00
5.960000000000000000e+02,1.566041379310344723e+02,5.400000000000000000e+01,9.424568034604497768e+00
5.970000000000000000e+02,1.568668965517241247e+02,5.250000000000000000e+01,9.447221813845592564e+00
5.980000000000000000e+02,1.571296551724138055e+02,5.250000000000000000e+01,9.312639819979438016e+00
5.990000000000000000e+02,1.573924137931034579e+02,5.200000000000000000e+01,9.675911527545553170e+00
6.000000000000000000e+02,1.576551724137931103e+02,5.150000000000000000e+01,9.968613940206978441e+00
6.010000000000000000e+02,1.579179310344827627e+02,5.150000000000000000e+01,9.781643806413907072e+00
6.020000000000000000e+02,1.581806896551724151e+02,5.100000000000000000e+01,9.961035198322621298e+00
6.030000000000000000e+02,1.584434482758620675e+02,5.000000000000000000e+01,9.932060880468531749e+00
6.040000000000000000e+02,1.587062068965517199e+02,5.150000000000000000e+01,1.015075171682701871e+01
6.050000000000000000e+02,1.589689655172413723e+02,4.800000000000000000e+01,1.044577183867020764e+01
6.060000000000000000e+02,1.592317241379310246e+02,4.750000000000000000e+01,9.674363853619638576e+00
6.070000000000000000e+02,1.594944827586206770e+02,4.900000000000000000e+01,1.024279896100453335e+01
6.080000000000000000e+02,1.597572413793103578e+02,4.750000000000000000e+01,1.010360823199096458e+01
6.090000000000000000e+02,1.600200000000000102e+02,4.750000000000000000e+01,9.686671111492442421e+00
6.100000000000000000e+02,1.602827586206896626e+02,4.750000000000000000e+01,9.740179348964781880e+00
6.110000000000000000e+02,1.605455172413793150e+02,4.600000000000000000e+01,9.878339800908968016e+00
6.120000000000000000e+02,1.608082758620689674e+02,4.550000000000000000e+01,9.851677804087765722e+00
6.130000000000000000e+02,1.610710344827586198e+02,4.600000000000000000e+01,1.079994855954827493e+01
6.140000000000000000e+02,1.613337931034482722e+02,4.400000000000000000e+01,9.838187361275222642e+00
6.150000000000000000e+02,1.615965517241379246e+02,4.500000000000000000e+01,1.081849945951635128e+01
6.160000000000000000e+02,1.618593103448275770e+02,4.750000000000000000e+01,1.100725770672342207e+01
6.170000000000000000e+02,1.621220689655172293e+02,4.650000000000000000e+01,1.062424425416802087e+01
6.180000000000000000e+02,1.623848275862069102e+02,4.650000000000000000e+01,1.163237146811527190e+01
6.190000000000000000e+02,1.626475862068965625e+02,4.750000000000000000e+01,1.190996314949052248e+01
6.200000000000000000e+02,1.629103448275862149e+02,4.850000000000000000e+01,1.163619532607916796e+01
6.210000000000000000e+02,1.631731034482758673e+02,4.650000000000000000e+01,1.245380352431425841e+01
6.220000000000000000e+02,1.634358620689655197e+02,4.650000000000000000e+01,1.261514673253281416e+01
6.230000000000000000e+02,1.636986206896551721e+02,4.500000000000000000e+01,1.268912482753987447e+01
6.240000000000000000e+02,1.639613793103448245e+02,4.550000000000000000e+01,1.282655056145476458e+01
6.250000000000000000e+02,1.642241379310344769e+02,4.600000000000000000e+01,1.272191896775884068e+01
6.260000000000000000e+02,1.644868965517241293e+02,4.550000000000000000e+01,1.340449758683836556e+01
6.270000000000000000e+02,1.647496551724137817e+02,4.600000000000000000e+01,1.352614495051055776e+01
6.280000000000000000e+02,1.650124137931034625e+02,4.600000000000000000e+01,1.294533109743517407e+01
6.290000000000000000e+02,1.652751724137931149e+02,4.550000000000000000e+01,1.348146876271276362e+01
6.300000000000000000e+02,1.655379310344827672e+02,4.500000000000000000e+01,1.446546113928699384e+01
6.310000000000000000e+02,1.658006896551724196e+02,4.550000000000000000e+01,1.444768760332716084e+01
6.320000000000000000e+02,1.660634482758620720e+02,4.550000000000000000e+01,1.449315870697466835e+01
6.330000000000000000e+02,1.663262068965517244e+02,4.600000000000000000e+01,1.459303248890450000e+01
6.340000000000000000e+02,1.665889655172413768e+02,4.500000000000000000e+01,1.528797639395816788e+01
6.350000000000000000e+02,1.668517241379310292e+02,4.500000000000000000e+01,1.639608481382742511e+01
6.360000000000000000e+02,1.671144827586206816e+02,4.350000000000000000e+01,1.631887114832259655e+01
6.370000000000000000e+02,1.673772413793103340e+02,4.400000000000000000e+01,1.693050285973022540e+01
6.380000000000000000e+02,1.676399999999999864e+02,4.500000000000000000e+01,1.808764109597121106e+01
6.390000000000000000e+02,1.679027586206896672e+02,4.400000000000000000e+01,2.012974409231826556e+01
6.400000000000000000e+02,1.681655172413793196e+02,4.450000000000000000e+01,2.043366639206537982e+01
6.410000000000000000e+02,1.684282758620689719e+02,4.450000000000000000e+01,2.131818106100987364e+01
6.420000000000000000e+02,1.686910344827586243e+02,4.500000000000000000e+01,2.419104373982697709e+01
6.430000000000000000e+02,1.689537931034482767e+02,4.400000000000000000e+01,3.027570074425289448e+01
6.440000000000000000e+02,1.692165517241379291e+02,4.400000000000000000e+01,3.458849735541507187e+01
6.450000000000000000e+02,1.694793103448275815e+02,4.450000000000000000e+01,3.773757498796420862e+01
6.460000000000000000e+02,1.697420689655172339e+02,4.450000000000000000e+01,4.095741669879691926e+01
6.470000000000000000e+02,1.700048275862068863e+02,4.400000000000000000e+01,4.490951067764550686e+01
6.480000000000000000e+02,1.702675862068965387e+02,4.300000000000000000e+01,4.805723945347765635e+01
6.490000000000000000e+02,1.705303448275862195e+02,4.400000000000000000e+01,5.297831055147840829e+01
6.500000000000000000e+02,1.707931034482758719e+02,4.250000000000000000e+01,5.395059468316050300e+01
6.510000000000000000e+02,1.710558620689655243e+02,4.350000000000000000e+01,5.275965880502092631e+01
6.520000000000000000e+02,1.713186206896551766e+02,4.500000000000000000e+01,5.368308172868702144e+01
6.530000000000000000e+02,1.715813793103448290e+02,4.500000000000000000e+01,5.410531381148148711e+01
6.540000000000000000e+02,1.718441379310344814e+02,4.350000000000000000e+01,5.565590199685325246e+01
6.550000000000000000e+02,1.721068965517241338e+02,4.200000000000000000e+01,5.720595103075670096e+01
6.560000000000000000e+02,1.723696551724137862e+02,4.250000000000000000e+01,5.542534001674886213e+01
6.570000000000000000e+02,1.726324137931034386e+02,4.150000000000000000e+01,5.780792774712363524e+01
6.580000000000000000e+02,1.728951724137930910e+02,4.350000000000000000e+01,5.748391985300468576e+01
6.590000000000000000e+02,1.731579310344827718e+02,4.150000000000000000e+01,6.072281270361979466e+01
6.600000000000000000e+02,1.734206896551724242e+02,4.150000000000000000e+01,5.750288338181158565e+01
6.610000000000000000e+02,1.736834482758620766e+02,4.250000000000000000e+01,6.130807903984233320e+01
6.620000000000000000e+02,1.739462068965517290e+02,4.250000000000000000e+01,6.431845885362581328e+01
6.630000000000000000e+02,1.742089655172413813e+02,4.200000000000000000e+01,6.301085664832335453e+01
6.640000000000000000e+02,1.744717241379310337e+02,4.150000000000000000e+01,6.336164046675944661e+01
6.650000000000000000e+02,1.747344827586206861e+02,4.100000000000000000e+01,6.822384521232700649e+01
6.660000000000000000e+02,1.749972413793103385e+02,4.150000000000000000e+01,6.978931277124982557e+01
6.670000000000000000e+02,1.752599999999999909e+02,4.200000000000000000e+01,7.182540559501832433e+01
6.680000000000000000e+02,1.755227586206896433e+02,4.100000000000000000e+01,6.957339000812180529e+01
6.690000000000000000e+02,1.757855172413793241e+02,4.050000000000000000e+01,7.269484115503352939e+01
6.700000000000000000e+02,1.760482758620689765e+02,4.200000000000000000e+01,7.356440866493947794e+01
6.710000000000000000e+02,1.763110344827586289e+02,4.150000000000000000e+01,7.806100712476961689e+01
6.720000000000000000e+02,1.765737931034482813e+02,4.300000000000000000e+01,8.671424725547315404e+01
6.730000000000000000e+02,1.768365517241379337e+02,4.150000000000000000e+01,8.551323809147265820e+01
6.740000000000000000e+02,1.770993103448275861e+02,4.350000000000000000e+01,8.495188333779829293e+01
6.750000000000000000e+02,1.773620689655172384e+02,4.250000000000000000e+01,7.937887949836951407e+01
6.760000000000000000e+02,1.776248275862068908e+02,4.000000000000000000e+01,9.427707161679815329e+01
6.770000000000000000e+02,1.778875862068965432e+02,4.150000000000000000e+01,8.991741726208184105e+01
6.780000000000000000e+02,1.781503448275861956e+02,4.150000000000000000e+01,9.150882006290737536e+01
6.790000000000000000e+02,1.784131034482758480e+02,4.100000000000000000e+01,7.563617915536335090e+01
6.800000000000000000e+02,1.786758620689655288e+02,4.050000000000000000e+01,8.096822668577401316e+01
6.810000000000000000e+02,1.789386206896551812e+02,4.100000000000000000e+01,8.184852201204098776e+01
6.820000000000000000e+02,1.792013793103448336e+02,4.200000000000000000e+01,8.163042350537369884e+01
6.830000000000000000e+02,1.794641379310344576e+02,4.100000000000000000e+01,8.093487769239743557e+01
6.840000000000000000e+02,1.797268965517241099e+02,4.150000000000000000e+01,8.347535554065576946e+01
6.850000000000000000e+02,1.799896551724137623e+02,4.250000000000000000e+01,8.197846251285895391e+01
6.860000000000000000e+02,1.802524137931034147e+02,4.350000000000000000e+01,8.052134540587496758e+01
6.870000000000000000e+02,1.805151724137930955e+02,4.350000000000000000e+01,8.847919364649145280e+01
6.880000000000000000e+02,1.807779310344827479e+02,4.550000000000000000e+01,8.754718717719539711e+01
6.890000000000000000e+02,1.810406896551724003e+02,4.700000000000000000e+01,8.783548532705269452e+01
6.900000000000000000e+02,1.813034482758620811e+02,4.550000000000000000e+01,7.940471884592250262e+01
6.910000000000000000e+02,1.815662068965517335e+02,4.600000000000000000e+01,8.517756932416079962e+01
6.920000000000000000e+02,1.818289655172413859e+02,4.600000000000000000e+01,8.434230848156813920e+01
6.930000000000000000e+02,1.820917241379310383e+02,4.450000000000000000e+01,8.879795261653777061e+01
6.940000000000000000e+02,1.823544827586206907e+02,4.450000000000000000e+01,8.792290410338037532e+01
6.950000000000000000e+02,1.826172413793103431e+02,4.500000000000000000e+01,8.691248941304247921e+01
6.960000000000000000e+02,1.828799999999999955e+02,4.500000000000000000e+01,8.792260791536433828e+01
6.970000000000000000e+02,1.831427586206896478e+02,4.750000000000000000e+01,8.690606958409495064e+01
6.980000000000000000e+02,1.834055172413793002e+02,4.750000000000000000e+01,9.072950631394520826e+01
6.990000000000000000e+02,1.836682758620689526e+02,4.750000000000000000e+01,8.789126558408533185e+01
7.000000000000000000e+02,1.839310344827586334e+02,4.800000000000000000e+01,9.066731531247752685e+01
7.010000000000000000e+02,1.841937931034482858e+02,4.800000000000000000e+01,8.697201567410442635e+01
7.020000000000000000e+02,1.844565517241379382e+02,4.800000000000000000e+01,9.134834882652961596e+01
7.030000000000000000e+02,1.847193103448275906e+02,4.650000000000000000e+01,9.424675797548098899e+01
7.040000000000000000e+02,1.849820689655172430e+02,5.000000000000000000e+01,9.949245330118706931e+01
7.050000000000000000e+02,1.852448275862068954e+02,4.950000000000000000e+01,9.654406512270273311e+01
7.060000000000000000e+02,1.855075862068965478e+02,4.900000000000000000e+01,9.791747340093198204e+01
7.070000000000000000e+02,1.857703448275862002e+02,5.200000000000000000e+01,1.059929898101232624e+02
7.080000000000000000e+02,1.860331034482758525e+02,5.300000000000000000e+01,1.029629450606166188e+02
7.090000000000000000e+02,1.862958620689655049e+02,5.350000000000000000e+01,1.046756212166105797e+02
7.100000000000000000e+02,1.865586206896551857e+02,5.450000000000000000e+01,1.080393366505408181e+02
7.110000000000000000e+02,1.868213793103448381e+02,5.400000000000000000e+01,1.174919305000938863e+02
7.120000000000000000e+02,1.870841379310344905e+02,5.500000000000000000e+01,1.155091311325645762e+02
7.130000000000000000e+02,1.873468965517241429e+02,5.650000000000000000e+01,1.192568932901667722e+02
7.140000000000000000e+02,1.876096551724137953e+02,6.000000000000000000e+01,1.176212565085022845e+02
7.150000000000000000e+02,1.878724137931034477e+02,6.400000000000000000e+01,1.236454875732318044e+02
7.160000000000000000e+02,1.881351724137931001e+02,2.695000000000000000e+02,1.344361101353848653e+02
7.170000000000000000e+02,1.883979310344827525e+02,5.550000000000000000e+02,1.120050842099986532e+01
7.180000000000000000e+02,1.886606896551724049e+02,5.540000000000000000e+02,1.155465199124962439e+01
7.190000000000000000e+02,1.889234482758620572e+02,5.520000000000000000e+02,9.717895862788404671e+00
7.200000000000000000e+02,1.891862068965517381e+02,5.535000000000000000e+02,9.284844281587782078e+00
7.210000000000000000e+02,1.894489655172413904e+02,5.530000000000000000e+02,1.208793016010415045e+01
7.220000000000000000e+02,1.897117241379310428e+02,5.565000000000000000e+02,1.150405650074017672e+01
7.230000000000000000e+02,1.899744827586206952e+02,6.150000000000000000e+01,1.810343544745029787e+00
7.240000000000000000e+02,1.902372413793103476e+02,5.600000000000000000e+01,1.589352593563387428e+00
7.250000000000000000e+02,1.905000000000000000e+02,5.400000000000000000e+01,1.567768894179099926e+00
7.260000000000000000e+02,1.907627586206896524e+02,5.300000000000000000e+01,1.743539662742306984e+00
7.270000000000000000e+02,1.910255172413793048e+02,5.300000000000000000e+01,2.043685226632407925e+00
7.280000000000000000e+02,1.912882758620689572e+02,5.300000000000000000e+01,1.342255305653717645e+00
7.290000000000000000e+02,1.915510344827586096e+02,5.300000000000000000e+01,1.682735042192389674e+00
7.300000000000000000e+02,1.918137931034482619e+02,5.250000000000000000e+01,1.238839062276542169e+00
7.310000000000000000e+02,1.920765517241379428e+02,5.200000000000000000e+01,1.605113357021518139e+00
7.320000000000000000e+02,1.923393103448275951e+02,5.200000000000000000e+01,1.299038105676658006e+00
7.330000000000000000e+02,1.926020689655172475e+02,5.200000000000000000e+01,1.574399135825755858e+00
7.340000000000000000e+02,1.928648275862068999e+02,5.200000000000000000e+01,1.270491757374110575e+00
7.350000000000000000e+02,1.931275862068965523e+02,5.100000000000000000e+01,1.391941090707505380e+00
7.360000000000000000e+02,1.933903448275862047e+02,5.100000000000000000e+01,1.332682132643289608e+00
7.370000000000000000e+02,1.936531034482758571e+02,5.200000000000000000e+01,1.512534434869721167e+00
7.380000000000000000e+02,1.939158620689655095e+02,5.100000000000000000e+01,1.499855317096359997e+00
7.390000000000000000e+02,1.941786206896551619e+02,5.200000000000000000e+01,1.594124411358438964e+00
7.400000000000000000e+02,1.944413793103448143e+02,5.100000000000000000e+01,2.160146439223250781e+00
7.410000000000000000e+02,1.947041379310344951e+02,5.200000000000000000e+01,3.484090826727811674e+00
7.420000000000000000e+02,1.949668965517241475e+02,5.400000000000000000e+01,1.483858462758493602e+01
7.430000000000000000e+02,1.952296551724137998e+02,5.650000000000000000e+01,2.684416836111709515e+01
7.440000000000000000e+02,1.954924137931034522e+02,5.650000000000000000e+01,4.779643884194953785e+01
7.450000000000000000e+02,1.957551724137931046e+02,6.350000000000000000e+01,5.323408734594363523e+01
7.460000000000000000e+02,1.960179310344827570e+02,9.650000000000000000e+01,6.134430098948791965e+01
7.470000000000000000e+02,1.962806896551724094e+02,9.950000000000000000e+01,7.510013858823577948e+01
7.480000000000000000e+02,1.965434482758620618e+02,1.435000000000000000e+02,7.796284003987625510e+01
7.490000000000000000e+02,1.968062068965517142e+02,1.550000000000000000e+02,7.968035098650942416e+01
7.500000000000000000e+02,1.970689655172413666e+02,1.780000000000000000e+02,7.876282688746992733e+01
7.510000000000000000e+02,1.973317241379310474e+02,1.920000000000000000e+02,7.409133580700692789e+01
7.520000000000000000e+02,1.975944827586206998e+02,1.815000000000000000e+02,7.269685917103525696e+01
7.530000000000000000e+02,1.978572413793103522e+02,1.765000000000000000e+02,6.810862443349023465e+01
7.540000000000000000e+02,1.981200000000000045e+02,1.620000000000000000e+02,6.378639688117940665e+01
7.550000000000000000e+02,1.983827586206896569e+02,1.465000000000000000e+02,6.271561419526153003e+01
7.560000000000000000e+02,1.986455172413793093e+02,1.395000000000000000e+02,5.747408458866966896e+01
7.570000000000000000e+02,1.989082758620689617e+02,1.260000000000000000e+02,5.292220689501608888e+01
7.580000000000000000e+02,1.991710344827586141e+02,1.065000000000000000e+02,4.710028732366950521e+01
7.590000000000000000e+02,1.994337931034482665e+02,8.900000000000000000e+01,4.519017972690527074e+01
7.600000000000000000e+02,1.996965517241379189e+02,8.000000000000000000e+01,4.783950308641966132e+01
7.610000000000000000e+02,1.999593103448275997e+02,7.050000000000000000e+01,5.004518357749880408e+01
7.620000000000000000e+02,2.002220689655172521e+02,6.900000000000000000e+01,5.620015924626508053e+01
7.630000000000000000e+02,2.004848275862069045e+02,6.500000000000000000e+01,5.535489978814481304e+01
7.640000000000000000e+02,2.007475862068965569e+02,6.350000000000000000e+01,4.490961215473686963e+01
7.650000000000000000e+02,2.010103448275862092e+02,6.300000000000000000e+01,4.039732677315006271e+01
7.660000000000000000e+02,2.012731034482758616e+02,6.200000000000000000e+01,3.536088131089683628e+01
7.670000000000000000e+02,2.015358620689655140e+02,6.100000000000000000e+01,3.056714347819675837e+01
7.680000000000000000e+02,2.017986206896551664e+02,6.250000000000000000e+01,2.786923053147802065e+01
7.690000000000000000e+02,2.020613793103448188e+02,6.200000000000000000e+01,2.591318304561513131e+01
7.700000000000000000e+02,2.023241379310344712e+02,6.200000000000000000e+01,2.651846022375524470e+01
7.710000000000000000e+02,2.025868965517241520e+02,6.300000000000000000e+01,2.719967798777935997e+01
7.720000000000000000e+02,2.028496551724138044e+02,6.250000000000000000e+01,3.001578722337444916e+01
7.730000000000000000e+02,2.031124137931034568e+02,6.400000000000000000e+01,3.588087326100386321e+01
7.740000000000000000e+02,2.033751724137931092e+02,6.200000000000000000e+01,3.911574149417199919e+01
7.750000000000000000e+02,2.036379310344827616e+02,6.400000000000000000e+01,4.156090222492769470e+01
7.760000000000000000e+02,2.039006896551724139e+02,6.300000000000000000e+01,4.724510832262602378e+01
7.770000000000000000e+02,2.041634482758620663e+02,6.500000000000000000e+01,4.084957160118084118e+01
7.780000000000000000e+02,2.044262068965517187e+02,6.550000000000000000e+01,3.505291139437952808e+01
7.790000000000000000e+02,2.046889655172413711e+02,6.500000000000000000e+01,2.946652408525081768e+01
7.800000000000000000e+02,2.049517241379310235e+02,6.550000000000000000e+01,2.703264487409415295e+01
7.810000000000000000e+02,2.052144827586206759e+02,7.100000000000000000e+01,2.774048886054862351e+01
7.820000000000000000e+02,2.054772413793103567e+02,7.350000000000000000e+01,3.481675741969981885e+01
7.830000000000000000e+02,2.057400000000000091e+02,7.300000000000000000e+01,3.250766469448226559e+01
7.840000000000000000e+02,2.060027586206896615e+02,7.500000000000000000e+01,3.342450422427965862e+01
7.850000000000000000e+02,2.062655172413793139e+02,7.600000000000000000e+01,3.082744876278642465e+01
7.860000000000000000e+02,2.065282758620689663e+02,7.500000000000000000e+01,2.526306042866189117e+01
7.870000000000000000e+02,2.067910344827586187e+02,7.500000000000000000e+01,2.664240432718738916e+01
7.880000000000000000e+02,2.070537931034482710e+02,7.600000000000000000e+01,3.232428460151902527e+01
7.890000000000000000e+02,2.073165517241379234e+02,7.450000000000000000e+01,4.023556935929534717e+01
7.900000000000000000e+02,2.075793103448275758e+02,7.450000000000000000e+01,3.779053540203184269e+01
7.910000000000000000e+02,2.078420689655172282e+02,7.200000000000000000e+01,3.123830336657582052e+01
7.920000000000000000e+02,2.081048275862069090e+02,7.050000000000000000e+01,2.796770831393472179e+01
7.930000000000000000e+02,2.083675862068965614e+02,7.000000000000000000e+01,2.874888282853594745e+01
7.940000000000000000e+02,2.086303448275862138e+02,6.700000000000000000e+01,3.183289021288446463e+01
7.950000000000000000e+02,2.088931034482758662e+02,6.750000000000000000e+01,3.340011539401223928e+01
7.960000000000000000e+02,2.091558620689655186e+02,6.450000000000000000e+01,4.380622874755750473e+01
7.970000000000000000e+02,2.094186206896551710e+02,6.400000000000000000e+01,4.846906229751097328e+01
7.980000000000000000e+02,2.096813793103448234e+02,6.650000000000000000e+01,4.672747154749786347e+01
7.990000000000000000e+02,2.099441379310344757e+02,6.950000000000000000e+01,3.878356521202705665e+01
8.000000000000000000e+02,2.102068965517241281e+02,7.050000000000000000e+01,3.339956311049925120e+01
8.010000000000000000e+02,2.104696551724137805e+02,7.450000000000000000e+01,2.495408978949587819e+01
8.020000000000000000e+02,2.107324137931034613e+02,8.400000000000000000e+01,2.342526532519013927e+01
8.030000000000000000e+02,2.109951724137931137e+02,8.300000000000000000e+01,2.516320857864159777e+01
8.040000000000000000e+02,2.112579310344827661e+02,8.300000000000000000e+01,2.441900408322720040e+01
8.050000000000000000e+02,2.115206896551724185e+02,8.200000000000000000e+01,2.371487717247457283e+01
8.060000000000000000e+02,2.117834482758620709e+02,8.100000000000000000e+01,2.496239359015877568e+01
8.070000000000000000e+02,2.120462068965517233e+02,8.150000000000000000e+01,2.578839337064038517e+01
8.080000000000000000e+02,2.123089655172413757e+02,8.350000000000000000e+01,2.635592879484403639e+01
8.090000000000000000e+02,2.125717241379310281e+02,8.300000000000000000e+01,2.822454605480839263e+01
8.100000000000000000e+02,2.128344827586206804e+02,8.400000000000000000e+01,2.991776199248347368e+01
8.110000000000000000e+02,2.130972413793103328e+02,8.500000000000000000e+01,2.988307654658216350e+01
8.120000000000000000e+02,2.133600000000000136e+02,9.250000000000000000e+01,3.828592516803298906e+01
8.130000000000000000e+02,2.136227586206896660e+02,9.250000000000000000e+01,3.668822756234848015e+01
8.140000000000000000e+02,2.138855172413793184e+02,8.450000000000000000e+01,3.579627444146791504e+01
8.150000000000000000e+02,2.141482758620689708e+02,8.800000000000000000e+01,3.693349292045846255e+01
8.160000000000000000e+02,2.144110344827586232e+02,9.650000000000000000e+01,4.046652852118100441e+01
8.170000000000000000e+02,2.146737931034482756e+02,8.950000000000000000e+01,4.862733856130269317e+01
8.180000000000000000e+02,2.149365517241379280e+02,9.950000000000000000e+01,5.335425614986639431e+01
8.190000000000000000e+02,2.151993103448275804e+02,1.115000000000000000e+02,5.796225723597114410e+01
8.200000000000000000e+02,2.154620689655172328e+02,1.275000000000000000e+02,5.943527277051529012e+01
8.210000000000000000e+02,2.157248275862068851e+02,1.450000000000000000e+02,6.838717391116229294e+01
8.220000000000000000e+02,2.159875862068965375e+02,1.525000000000000000e+02,7.747014433889282259e+01
8.230000000000000000e+02,2.162503448275862183e+02,1.805000000000000000e+02,8.290751362797116997e+01
8.240000000000000000e+02,2.165131034482758707e+02,1.920000000000000000e+02,8.579930302342529558e+01
8.250000000000000000e+02,2.167758620689655231e+02,2.075000000000000000e+02,9.029078939352314137e+01
8.260000000000000000e+02,2.170386206896551755e+02,2.290000000000000000e+02,9.393518515666356450e+01
8.270000000000000000e+02,2.173013793103448279e+02,2.560000000000000000e+02,1.045451768873947884e+02
8.280000000000000000e+02,2.175641379310344803e+02,2.510000000000000000e+02,1.096567066620743418e+02
8.290000000000000000e+02,2.178268965517241327e+02,2.450000000000000000e+02,1.152417277550637067e+02
8.300000000000000000e+02,2.180896551724137851e+02,2.305000000000000000e+02,1.144450301697524850e+02
8.310000000000000000e+02,2.183524137931034375e+02,2.250000000000000000e+02,1.268222574418185218e+02
8.320000000000000000e+02,2.186151724137930898e+02,2.215000000000000000e+02,1.227494059727649613e+02
8.330000000000000000e+02,2.188779310344827707e+02,1.930000000000000000e+02,1.103607012255721429e+02
8.340000000000000000e+02,2.191406896551724230e+02,1.575000000000000000e+02,1.131423559430036505e+02
8.350000000000000000e+02,2.194034482758620754e+02,1.490000000000000000e+02,1.153425134081339536e+02
8.360000000000000000e+02,2.196662068965517278e+02,1.585000000000000000e+02,1.163259589800956206e+02
8.370000000000000000e+02,2.199289655172413802e+02,1.835000000000000000e+02,1.160557741275001575e+02
8.380000000000000000e+02,2.201917241379310326e+02,2.425000000000000000e+02,1.135294259456796340e+02
8.390000000000000000e+02,2.204544827586206850e+02,2.585000000000000000e+02,1.110642331666180098e+02
8.400000000000000000e+02,2.207172413793103374e+02,2.420000000000000000e+02,1.084967817463059703e+02
8.410000000000000000e+02,2.209799999999999898e+02,2.555000000000000000e+02,1.010618600955485107e+02
8.420000000000000000e+02,2.212427586206896422e+02,2.695000000000000000e+02,9.545290205340361922e+01
8.430000000000000000e+02,2.215055172413793230e+02,2.690000000000000000e+02,8.610167399005020172e+01
8.440000000000000000e+02,2.217682758620689754e+02,2.875000000000000000e+02,8.691398755458692449e+01
8.450000000000000000e+02,2.220310344827586277e+02,2.810000000000000000e+02,8.537781382625114190e+01
8.460000000000000000e+02,2.222937931034482801e+02,2.830000000000000000e+02,8.313859537944254896e+01
8.470000000000000000e+02,2.225565517241379325e+02,2.975000000000000000e+02,8.256087558331326193e+01
8.480000000000000000e+02,2.228193103448275849e+02,2.850000000000000000e+02,8.486799390164047452e+01
8.490000000000000000e+02,2.230820689655172373e+02,2.825000000000000000e+02,8.961746442828847137e+01
8.500000000000000000e+02,2.233448275862068897e+02,2.810000000000000000e+02,9.160692892507276497e+01
8.510000000000000000e+02,2.236075862068965421e+02,2.950000000000000000e+02,9.346218783848125611e+01
8.520000000000000000e+02,2.238703448275861945e+02,3.075000000000000000e+02,9.611445858613340931e+01
8.530000000000000000e+02,2.241331034482758753e+02,3.165000000000000000e+02,8.754129977711473032e+01
8.540000000000000000e+02,2.243958620689655277e+02,4.210000000000000000e+02,6.182118872199077941e+01
8.550000000000000000e+02,2.246586206896551801e+02,5.310000000000000000e+02,1.082176866705869500e+01
8.560000000000000000e+02,2.249213793103448324e+02,5.505000000000000000e+02,7.266474338051125414e+00
8.570000000000000000e+02,2.251841379310344848e+02,5.660000000000000000e+02,9.520787746061538215e+00
8.580000000000000000e+02,2.254468965517241372e+02,5.905000000000000000e+02,1.076498874309159959e+01
8.590000000000000000e+02,2.257096551724137896e+02,1.035500000000000000e+03,1.416116343937168267e+03
8.600000000000000000e+02,2.259724137931034420e+02,4.020500000000000000e+03,9.544645641230829369e+00
8.610000000000000000e+02,2.262351724137930944e+02,0.000000000000000000e+00,0.000000000000000000e+00
8.620000000000000000e+02,2.264979310344827468e+02,0.000000000000000000e+00,0.000000000000000000e+00
8.630000000000000000e+02,2.267606896551724276e+02,0.000000000000000000e+00,0.000000000000000000e+00
8.640000000000000000e+02,2.270234482758620800e+02,0.000000000000000000e+00,0.000000000000000000e+00
8.650000000000000000e+02,2.272862068965517324e+02,0.000000000000000000e+00,0.000000000000000000e+00
8.660000000000000000e+02,2.275489655172413848e+02,0.000000000000000000e+00,0.000000000000000000e+00
8.670000000000000000e+02,2.278117241379310371e+02,0.000000000000000000e+00,0.000000000000000000e+00
8.680000000000000000e+02,2.280744827586206895e+02,0.000000000000000000e+00,0.000000000000000000e+00
8.690000000000000000e+02,2.283372413793103419e+02,0.000000000000000000e+00,0.000000000000000000e+00
8.700000000000000000e+02,2.285999999999999943e+02,0.000000000000000000e+00,0.000000000000000000e+00
8.710000000000000000e+02,2.288627586206896467e+02,0.000000000000000000e+00,0.000000000000000000e+00
8.720000000000000000e+02,2.291255172413792991e+02,0.000000000000000000e+00,0.000000000000000000e+00
8.730000000000000000e+02,2.293882758620689515e+02,0.000000000000000000e+00,0.000000000000000000e+00
8.740000000000000000e+02,2.296510344827586323e+02,0.000000000000000000e+00,0.000000000000000000e+00
8.750000000000000000e+02,2.299137931034482847e+02,0.000000000000000000e+00,0.000000000000000000e+00
8.760000000000000000e+02,2.301765517241379371e+02,0.000000000000000000e+00,0.000000000000000000e+00
8.770000000000000000e+02,2.304393103448275895e+02,0.000000000000000000e+00,0.000000000000000000e+00
8.780000000000000000e+02,2.307020689655172418e+02,0.000000000000000000e+00,0.000000000000000000e+00
8.790000000000000000e+02,2.309648275862068942e+02,0.000000000000000000e+00,0.000000000000000000e+00
8.800000000000000000e+02,2.312275862068965466e+02,0.000000000000000000e+00,0.000000000000000000e+00
8.810000000000000000e+02,2.314903448275861990e+02,0.000000000000000000e+00,0.000000000000000000e+00
8.820000000000000000e+02,2.317531034482758514e+02,0.000000000000000000e+00,0.000000000000000000e+00
8.830000000000000000e+02,2.320158620689655038e+02,0.000000000000000000e+00,0.000000000000000000e+00
8.840000000000000000e+02,2.322786206896551846e+02,0.000000000000000000e+00,0.000000000000000000e+00
8.850000000000000000e+02,2.325413793103448370e+02,0.000000000000000000e+00,0.000000000000000000e+00
8.860000000000000000e+02,2.328041379310344894e+02,0.000000000000000000e+00,0.000000000000000000e+00
8.870000000000000000e+02,2.330668965517241418e+02,0.000000000000000000e+00,0.000000000000000000e+00
8.880000000000000000e+02,2.333296551724137942e+02,0.000000000000000000e+00,0.000000000000000000e+00
8.890000000000000000e+02,2.335924137931034466e+02,0.000000000000000000e+00,0.000000000000000000e+00
8.900000000000000000e+02,2.338551724137930989e+02,0.000000000000000000e+00,0.000000000000000000e+00
8.910000000000000000e+02,2.341179310344827513e+02,0.000000000000000000e+00,0.000000000000000000e+00
8.920000000000000000e+02,2.343806896551724037e+02,0.000000000000000000e+00,0.000000000000000000e+00
8.930000000000000000e+02,2.346434482758620561e+02,0.000000000000000000e+00,0.000000000000000000e+00
8.940000000000000000e+02,2.349062068965517369e+02,0.000000000000000000e+00,0.000000000000000000e+00
8.950000000000000000e+02,2.351689655172413893e+02,0.000000000000000000e+00,0.000000000000000000e+00
8.960000000000000000e+02,2.354317241379310417e+02,0.000000000000000000e+00,0.000000000000000000e+00
8.970000000000000000e+02,2.356944827586206941e+02,0.000000000000000000e+00,0.000000000000000000e+00
8.980000000000000000e+02,2.359572413793103465e+02,0.000000000000000000e+00,0.000000000000000000e+00
8.990000000000000000e+02,2.362199999999999989e+02,0.000000000000000000e+00,0.000000000000000000e+00
9.000000000000000000e+02,2.364827586206896513e+02,0.000000000000000000e+00,0.000000000000000000e+00
9.010000000000000000e+02,2.367455172413793036e+02,0.000000000000000000e+00,0.000000000000000000e+00
9.020000000000000000e+02,2.370082758620689560e+02,0.000000000000000000e+00,0.000000000000000000e+00
9.030000000000000000e+02,2.372710344827586084e+02,0.000000000000000000e+00,0.000000000000000000e+00
9.040000000000000000e+02,2.375337931034482892e+02,0.000000000000000000e+00,0.000000000000000000e+00
9.050000000000000000e+02,2.377965517241379416e+02,0.000000000000000000e+00,0.000000000000000000e+00
9.060000000000000000e+02,2.380593103448275940e+02,0.000000000000000000e+00,0.000000000000000000e+00
9.070000000000000000e+02,2.383220689655172464e+02,0.000000000000000000e+00,0.000000000000000000e+00
9.080000000000000000e+02,2.385848275862068988e+02,0.000000000000000000e+00,0.000000000000000000e+00
9.090000000000000000e+02,2.388475862068965512e+02,0.000000000000000000e+00,0.000000000000000000e+00
9.100000000000000000e+02,2.391103448275862036e+02,0.000000000000000000e+00,0.000000000000000000e+00
9.110000000000000000e+02,2.393731034482758560e+02,0.000000000000000000e+00,0.000000000000000000e+00
9.120000000000000000e+02,2.396358620689655083e+02,0.000000000000000000e+00,0.000000000000000000e+00
9.130000000000000000e+02,2.398986206896551607e+02,0.000000000000000000e+00,0.000000000000000000e+00
9.140000000000000000e+02,2.401613793103448415e+02,0.000000000000000000e+00,0.000000000000000000e+00
9.150000000000000000e+02,2.404241379310344939e+02,0.000000000000000000e+00,0.000000000000000000e+00
9.160000000000000000e+02,2.406868965517241463e+02,0.000000000000000000e+00,0.000000000000000000e+00
9.170000000000000000e+02,2.409496551724137987e+02,0.000000000000000000e+00,0.000000000000000000e+00
9.180000000000000000e+02,2.412124137931034511e+02,0.000000000000000000e+00,0.000000000000000000e+00
9.190000000000000000e+02,2.414751724137931035e+02,0.000000000000000000e+00,0.000000000000000000e+00
9.200000000000000000e+02,2.417379310344827559e+02,0.000000000000000000e+00,0.000000000000000000e+00
9.210000000000000000e+02,2.420006896551724083e+02,0.000000000000000000e+00,0.000000000000000000e+00
9.220000000000000000e+02,2.422634482758620607e+02,0.000000000000000000e+00,0.000000000000000000e+00
9.230000000000000000e+02,2.425262068965517130e+02,0.000000000000000000e+00,0.000000000000000000e+00
9.240000000000000000e+02,2.427889655172413654e+02,0.000000000000000000e+00,0.000000000000000000e+00
9.250000000000000000e+02,2.430517241379310462e+02,0.000000000000000000e+00,0.000000000000000000e+00
9.260000000000000000e+02,2.433144827586206986e+02,0.000000000000000000e+00,0.000000000000000000e+00
9.270000000000000000e+02,2.435772413793103510e+02,0.000000000000000000e+00,0.000000000000000000e+00
9.280000000000000000e+02,2.438400000000000034e+02,0.000000000000000000e+00,0.000000000000000000e+00
9.290000000000000000e+02,2.441027586206896558e+02,0.000000000000000000e+00,0.000000000000000000e+00
9.300000000000000000e+02,2.443655172413793082e+02,0.000000000000000000e+00,0.000000000000000000e+00
9.310000000000000000e+02,2.446282758620689606e+02,0.000000000000000000e+00,0.000000000000000000e+00
9.320000000000000000e+02,2.448910344827586130e+02,0.000000000000000000e+00,0.000000000000000000e+00
9.330000000000000000e+02,2.451537931034482654e+02,0.000000000000000000e+00,0.000000000000000000e+00
9.340000000000000000e+02,2.454165517241379177e+02,0.000000000000000000e+00,0.000000000000000000e+00
9.350000000000000000e+02,2.456793103448275986e+02,0.000000000000000000e+00,0.000000000000000000e+00
9.360000000000000000e+02,2.459420689655172509e+02,0.000000000000000000e+00,0.000000000000000000e+00
9.370000000000000000e+02,2.462048275862069033e+02,0.000000000000000000e+00,0.000000000000000000e+00
9.380000000000000000e+02,2.464675862068965557e+02,0.000000000000000000e+00,0.000000000000000000e+00
9.390000000000000000e+02,2.467303448275862081e+02,0.000000000000000000e+00,0.000000000000000000e+00
9.400000000000000000e+02,2.469931034482758605e+02,0.000000000000000000e+00,0.000000000000000000e+00
9.410000000000000000e+02,2.472558620689655129e+02,0.000000000000000000e+00,0.000000000000000000e+00
9.420000000000000000e+02,2.475186206896551653e+02,0.000000000000000000e+00,0.000000000000000000e+00
9.430000000000000000e+02,2.477813793103448177e+02,0.000000000000000000e+00,0.000000000000000000e+00
9.440000000000000000e+02,2.480441379310344701e+02,0.000000000000000000e+00,0.000000000000000000e+00
9.450000000000000000e+02,2.483068965517241509e+02,0.000000000000000000e+00,0.000000000000000000e+00
9.460000000000000000e+02,2.485696551724138033e+02,0.000000000000000000e+00,0.000000000000000000e+00
9.470000000000000000e+02,2.488324137931034556e+02,0.000000000000000000e+00,0.000000000000000000e+00
9.480000000000000000e+02,2.490951724137931080e+02,0.000000000000000000e+00,0.000000000000000000e+00
9.490000000000000000e+02,2.493579310344827604e+02,0.000000000000000000e+00,0.000000000000000000e+00
9.500000000000000000e+02,2.496206896551724128e+02,0.000000000000000000e+00,0.000000000000000000e+00
9.510000000000000000e+02,2.498834482758620652e+02,0.000000000000000000e+00,0.000000000000000000e+00
9.520000000000000000e+02,2.501462068965517176e+02,0.000000000000000000e+00,0.000000000000000000e+00
9.530000000000000000e+02,2.504089655172413700e+02,0.000000000000000000e+00,0.000000000000000000e+00
9.540000000000000000e+02,2.506717241379310224e+02,0.000000000000000000e+00,0.000000000000000000e+00
9.550000000000000000e+02,2.509344827586207032e+02,0.000000000000000000e+00,0.000000000000000000e+00
9.560000000000000000e+02,2.511972413793103556e+02,0.000000000000000000e+00,0.000000000000000000e+00
9.570000000000000000e+02,2.514600000000000080e+02,0.000000000000000000e+00,0.000000000000000000e+00
9.580000000000000000e+02,2.517227586206896603e+02,0.000000000000000000e+00,0.000000000000000000e+00
9.590000000000000000e+02,2.519855172413793127e+02,0.000000000000000000e+00,0.000000000000000000e+00
9.600000000000000000e+02,2.522482758620689651e+02,0.000000000000000000e+00,0.000000000000000000e+00
9.610000000000000000e+02,2.525110344827586175e+02,0.000000000000000000e+00,0.000000000000000000e+00
9.620000000000000000e+02,2.527737931034482699e+02,0.000000000000000000e+00,0.000000000000000000e+00
9.630000000000000000e+02,2.530365517241379223e+02,0.000000000000000000e+00,0.000000000000000000e+00
9.640000000000000000e+02,2.532993103448275747e+02,0.000000000000000000e+00,0.000000000000000000e+00
9.650000000000000000e+02,2.535620689655172555e+02,0.000000000000000000e+00,0.000000000000000000e+00
9.660000000000000000e+02,2.538248275862069079e+02,0.000000000000000000e+00,0.000000000000000000e+00
9.670000000000000000e+02,2.540875862068965603e+02,0.000000000000000000e+00,0.000000000000000000e+00
9.680000000000000000e+02,2.543503448275862127e+02,0.000000000000000000e+00,0.000000000000000000e+00
9.690000000000000000e+02,2.546131034482758650e+02,0.000000000000000000e+00,0.000000000000000000e+00
9.700000000000000000e+02,2.548758620689655174e+02,0.000000000000000000e+00,0.000000000000000000e+00
9.710000000000000000e+02,2.551386206896551698e+02,0.000000000000000000e+00,0.000000000000000000e+00
9.720000000000000000e+02,2.554013793103448222e+02,0.000000000000000000e+00,0.000000000000000000e+00
9.730000000000000000e+02,2.556641379310344746e+02,0.000000000000000000e+00,0.000000000000000000e+00
9.740000000000000000e+02,2.559268965517241270e+02,0.000000000000000000e+00,0.000000000000000000e+00
9.750000000000000000e+02,2.561896551724137794e+02,0.000000000000000000e+00,0.000000000000000000e+00
9.760000000000000000e+02,2.564524137931034602e+02,0.000000000000000000e+00,0.000000000000000000e+00
9.770000000000000000e+02,2.567151724137930842e+02,0.000000000000000000e+00,0.000000000000000000e+00
9.780000000000000000e+02,2.569779310344827650e+02,0.000000000000000000e+00,0.000000000000000000e+00
9.790000000000000000e+02,2.572406896551723889e+02,0.000000000000000000e+00,0.000000000000000000e+00
9.800000000000000000e+02,2.575034482758620697e+02,0.000000000000000000e+00,0.000000000000000000e+00
9.810000000000000000e+02,2.577662068965517506e+02,0.000000000000000000e+00,0.000000000000000000e+00
9.820000000000000000e+02,2.580289655172413745e+02,0.000000000000000000e+00,0.000000000000000000e+00
9.830000000000000000e+02,2.582917241379310553e+02,0.000000000000000000e+00,0.000000000000000000e+00
9.840000000000000000e+02,2.585544827586206793e+02,0.000000000000000000e+00,0.000000000000000000e+00
9.850000000000000000e+02,2.588172413793103601e+02,0.000000000000000000e+00,0.000000000000000000e+00
9.860000000000000000e+02,2.590799999999999841e+02,0.000000000000000000e+00,0.000000000000000000e+00
9.870000000000000000e+02,2.593427586206896649e+02,0.000000000000000000e+00,0.000000000000000000e+00
9.880000000000000000e+02,2.596055172413792889e+02,0.000000000000000000e+00,0.000000000000000000e+00
9.890000000000000000e+02,2.598682758620689697e+02,0.000000000000000000e+00,0.000000000000000000e+00
9.900000000000000000e+02,2.601310344827585936e+02,0.000000000000000000e+00,0.000000000000000000e+00
9.910000000000000000e+02,2.603937931034482745e+02,0.000000000000000000e+00,0.000000000000000000e+00
9.920000000000000000e+02,2.606565517241379553e+02,0.000000000000000000e+00,0.000000000000000000e+00
9.930000000000000000e+02,2.609193103448275792e+02,0.000000000000000000e+00,0.000000000000000000e+00
9.940000000000000000e+02,2.611820689655172600e+02,0.000000000000000000e+00,0.000000000000000000e+00
9.950000000000000000e+02,2.614448275862068840e+02,0.000000000000000000e+00,0.000000000000000000e+00
9.960000000000000000e+02,2.617075862068965648e+02,0.000000000000000000e+00,0.000000000000000000e+00
9.970000000000000000e+02,2.619703448275861888e+02,0.000000000000000000e+00,0.000000000000000000e+00
9.980000000000000000e+02,2.622331034482758696e+02,0.000000000000000000e+00,0.000000000000000000e+00
9.990000000000000000e+02,2.624958620689654936e+02,0.000000000000000000e+00,0.000000000000000000e+00
1.000000000000000000e+03,2.627586206896551744e+02,0.000000000000000000e+00,0.000000000000000000e+00
1.001000000000000000e+03,2.630213793103448552e+02,0.000000000000000000e+00,0.000000000000000000e+00
1.002000000000000000e+03,2.632841379310344792e+02,0.000000000000000000e+00,0.000000000000000000e+00
1.003000000000000000e+03,2.635468965517241600e+02,0.000000000000000000e+00,0.000000000000000000e+00
1.004000000000000000e+03,2.638096551724137839e+02,0.000000000000000000e+00,0.000000000000000000e+00
1.005000000000000000e+03,2.640724137931034647e+02,0.000000000000000000e+00,0.000000000000000000e+00
1.006000000000000000e+03,2.643351724137930887e+02,0.000000000000000000e+00,0.000000000000000000e+00
1.007000000000000000e+03,2.645979310344827695e+02,0.000000000000000000e+00,0.000000000000000000e+00
1.008000000000000000e+03,2.648606896551723935e+02,0.000000000000000000e+00,0.000000000000000000e+00
1.009000000000000000e+03,2.651234482758620743e+02,0.000000000000000000e+00,0.000000000000000000e+00
1.010000000000000000e+03,2.653862068965516983e+02,0.000000000000000000e+00,0.000000000000000000e+00
1.011000000000000000e+03,2.656489655172413791e+02,0.000000000000000000e+00,0.000000000000000000e+00
1.012000000000000000e+03,2.659117241379310599e+02,0.000000000000000000e+00,0.000000000000000000e+00
1.013000000000000000e+03,2.661744827586206839e+02,0.000000000000000000e+00,0.000000000000000000e+00
1.014000000000000000e+03,2.664372413793103647e+02,0.000000000000000000e+00,0.000000000000000000e+00
1.015000000000000000e+03,2.666999999999999886e+02,0.000000000000000000e+00,0.000000000000000000e+00
1.016000000000000000e+03,2.669627586206896694e+02,0.000000000000000000e+00,0.000000000000000000e+00
1.017000000000000000e+03,2.672255172413792934e+02,0.000000000000000000e+00,0.000000000000000000e+00
1.018000000000000000e+03,2.674882758620689742e+02,0.000000000000000000e+00,0.000000000000000000e+00
1.019000000000000000e+03,2.677510344827585982e+02,0.000000000000000000e+00,0.000000000000000000e+00
1.020000000000000000e+03,2.680137931034482790e+02,0.000000000000000000e+00,0.000000000000000000e+00
1.021000000000000000e+03,2.682765517241379030e+02,0.000000000000000000e+00,0.000000000000000000e+00
1.022000000000000000e+03,2.685393103448275838e+02,0.000000000000000000e+00,0.000000000000000000e+00
1.023000000000000000e+03,2.688020689655172646e+02,0.000000000000000000e+00,0.000000000000000000e+00
1.024000000000000000e+03,2.690648275862068886e+02,0.000000000000000000e+00,0.000000000000000000e+00
1.025000000000000000e+03,2.693275862068965694e+02,0.000000000000000000e+00,0.000000000000000000e+00
1.026000000000000000e+03,2.695903448275861933e+02,0.000000000000000000e+00,0.000000000000000000e+00
1.027000000000000000e+03,2.698531034482758741e+02,0.000000000000000000e+00,0.000000000000000000e+00
1.028000000000000000e+03,2.701158620689654981e+02,0.000000000000000000e+00,0.000000000000000000e+00
1.029000000000000000e+03,2.703786206896551789e+02,0.000000000000000000e+00,0.000000000000000000e+00
1.030000000000000000e+03,2.706413793103448029e+02,0.000000000000000000e+00,0.000000000000000000e+00
1.031000000000000000e+03,2.709041379310344837e+02,0.000000000000000000e+00,0.000000000000000000e+00
1.032000000000000000e+03,2.711668965517241645e+02,0.000000000000000000e+00,0.000000000000000000e+00
1.033000000000000000e+03,2.714296551724137885e+02,0.000000000000000000e+00,0.000000000000000000e+00
1.034000000000000000e+03,2.716924137931034693e+02,0.000000000000000000e+00,0.000000000000000000e+00
1.035000000000000000e+03,2.719551724137930933e+02,0.000000000000000000e+00,0.000000000000000000e+00
1.036000000000000000e+03,2.722179310344827741e+02,0.000000000000000000e+00,0.000000000000000000e+00
1.037000000000000000e+03,2.724806896551723980e+02,0.000000000000000000e+00,0.000000000000000000e+00
1.038000000000000000e+03,2.727434482758620788e+02,0.000000000000000000e+00,0.000000000000000000e+00
1.039000000000000000e+03,2.730062068965517028e+02,0.000000000000000000e+00,0.000000000000000000e+00
1.040000000000000000e+03,2.732689655172413836e+02,0.000000000000000000e+00,0.000000000000000000e+00
1.041000000000000000e+03,2.735317241379310076e+02,0.000000000000000000e+00,0.000000000000000000e+00
1.042000000000000000e+03,2.737944827586206884e+02,0.000000000000000000e+00,0.000000000000000000e+00
1.043000000000000000e+03,2.740572413793103692e+02,0.000000000000000000e+00,0.000000000000000000e+00
1.044000000000000000e+03,2.743199999999999932e+02,0.000000000000000000e+00,0.000000000000000000e+00
1.045000000000000000e+03,2.745827586206896740e+02,0.000000000000000000e+00,0.000000000000000000e+00
1.046000000000000000e+03,2.748455172413792980e+02,0.000000000000000000e+00,0.000000000000000000e+00
1.047000000000000000e+03,2.751082758620689788e+02,0.000000000000000000e+00,0.000000000000000000e+00
1.048000000000000000e+03,2.753710344827586027e+02,0.000000000000000000e+00,0.000000000000000000e+00
1.049000000000000000e+03,2.756337931034482835e+02,0.000000000000000000e+00,0.000000000000000000e+00
1.050000000000000000e+03,2.758965517241379075e+02,0.000000000000000000e+00,0.000000000000000000e+00
1.051000000000000000e+03,2.761593103448275883e+02,0.000000000000000000e+00,0.000000000000000000e+00
1.052000000000000000e+03,2.764220689655172691e+02,0.000000000000000000e+00,0.000000000000000000e+00
1.053000000000000000e+03,2.766848275862068931e+02,0.000000000000000000e+00,0.000000000000000000e+00
1.054000000000000000e+03,2.769475862068965739e+02,0.000000000000000000e+00,0.000000000000000000e+00
1.055000000000000000e+03,2.772103448275861979e+02,0.000000000000000000e+00,0.000000000000000000e+00
1.056000000000000000e+03,2.774731034482758787e+02,0.000000000000000000e+00,0.000000000000000000e+00
1.057000000000000000e+03,2.777358620689655027e+02,0.000000000000000000e+00,0.000000000000000000e+00
1.058000000000000000e+03,2.779986206896551835e+02,0.000000000000000000e+00,0.000000000000000000e+00
1.059000000000000000e+03,2.782613793103448074e+02,0.000000000000000000e+00,0.000000000000000000e+00
1.060000000000000000e+03,2.785241379310344882e+02,0.000000000000000000e+00,0.000000000000000000e+00
1.061000000000000000e+03,2.787868965517241122e+02,0.000000000000000000e+00,0.000000000000000000e+00
1.062000000000000000e+03,2.790496551724137930e+02,0.000000000000000000e+00,0.000000000000000000e+00
1.063000000000000000e+03,2.793124137931034738e+02,0.000000000000000000e+00,0.000000000000000000e+00
1.064000000000000000e+03,2.795751724137930978e+02,0.000000000000000000e+00,0.000000000000000000e+00
1.065000000000000000e+03,2.798379310344827786e+02,0.000000000000000000e+00,0.000000000000000000e+00
1.066000000000000000e+03,2.801006896551724026e+02,0.000000000000000000e+00,0.000000000000000000e+00
1.067000000000000000e+03,2.803634482758620834e+02,0.000000000000000000e+00,0.000000000000000000e+00
1.068000000000000000e+03,2.806262068965517074e+02,0.000000000000000000e+00,0.000000000000000000e+00
1.069000000000000000e+03,2.808889655172413882e+02,0.000000000000000000e+00,0.000000000000000000e+00
1.070000000000000000e+03,2.811517241379310121e+02,0.000000000000000000e+00,0.000000000000000000e+00
1.071000000000000000e+03,2.814144827586206929e+02,0.000000000000000000e+00,0.000000000000000000e+00
1.072000000000000000e+03,2.816772413793103169e+02,0.000000000000000000e+00,0.000000000000000000e+00
1.073000000000000000e+03,2.819399999999999977e+02,0.000000000000000000e+00,0.000000000000000000e+00
1.074000000000000000e+03,2.822027586206896785e+02,0.000000000000000000e+00,0.000000000000000000e+00
1.075000000000000000e+03,2.824655172413793025e+02,0.000000000000000000e+00,0.000000000000000000e+00
1.076000000000000000e+03,2.827282758620689833e+02,0.000000000000000000e+00,0.000000000000000000e+00
1.077000000000000000e+03,2.829910344827586073e+02,0.000000000000000000e+00,0.000000000000000000e+00
1.078000000000000000e+03,2.832537931034482881e+02,0.000000000000000000e+00,0.000000000000000000e+00
1.079000000000000000e+03,2.835165517241379121e+02,0.000000000000000000e+00,0.000000000000000000e+00
1.080000000000000000e+03,2.837793103448275929e+02,0.000000000000000000e+00,0.000000000000000000e+00
1.081000000000000000e+03,2.840420689655172168e+02,0.000000000000000000e+00,0.000000000000000000e+00
1.082000000000000000e+03,2.843048275862068976e+02,0.000000000000000000e+00,0.000000000000000000e+00
1.083000000000000000e+03,2.845675862068965785e+02,0.000000000000000000e+00,0.000000000000000000e+00
1.084000000000000000e+03,2.848303448275862024e+02,0.000000000000000000e+00,0.000000000000000000e+00
1.085000000000000000e+03,2.850931034482758832e+02,0.000000000000000000e+00,0.000000000000000000e+00
1.086000000000000000e+03,2.853558620689655072e+02,0.000000000000000000e+00,0.000000000000000000e+00
1.087000000000000000e+03,2.856186206896551880e+02,0.000000000000000000e+00,0.000000000000000000e+00
1.088000000000000000e+03,2.858813793103448120e+02,0.000000000000000000e+00,0.000000000000000000e+00
1.089000000000000000e+03,2.861441379310344928e+02,0.000000000000000000e+00,0.000000000000000000e+00
1.090000000000000000e+03,2.864068965517241168e+02,0.000000000000000000e+00,0.000000000000000000e+00
1.091000000000000000e+03,2.866696551724137976e+02,0.000000000000000000e+00,0.000000000000000000e+00
1.092000000000000000e+03,2.869324137931034215e+02,0.000000000000000000e+00,0.000000000000000000e+00
1.093000000000000000e+03,2.871951724137931024e+02,0.000000000000000000e+00,0.000000000000000000e+00
1.094000000000000000e+03,2.874579310344827832e+02,0.000000000000000000e+00,0.000000000000000000e+00
1.095000000000000000e+03,2.877206896551724071e+02,0.000000000000000000e+00,0.000000000000000000e+00
1.096000000000000000e+03,2.879834482758620879e+02,0.000000000000000000e+00,0.000000000000000000e+00
1.097000000000000000e+03,2.882462068965517119e+02,0.000000000000000000e+00,0.000000000000000000e+00
1.098000000000000000e+03,2.885089655172413927e+02,0.000000000000000000e+00,0.000000000000000000e+00
1.099000000000000000e+03,2.887717241379310167e+02,0.000000000000000000e+00,0.000000000000000000e+00
1.100000000000000000e+03,2.890344827586206975e+02,0.000000000000000000e+00,0.000000000000000000e+00
1.101000000000000000e+03,2.892972413793103215e+02,0.000000000000000000e+00,0.000000000000000000e+00
1.102000000000000000e+03,2.895600000000000023e+02,0.000000000000000000e+00,0.000000000000000000e+00
1.103000000000000000e+03,2.898227586206896831e+02,0.000000000000000000e+00,0.000000000000000000e+00
1.104000000000000000e+03,2.900855172413793071e+02,0.000000000000000000e+00,0.000000000000000000e+00
1.105000000000000000e+03,2.903482758620689879e+02,0.000000000000000000e+00,0.000000000000000000e+00
1.106000000000000000e+03,2.906110344827586118e+02,0.000000000000000000e+00,0.000000000000000000e+00
1.107000000000000000e+03,2.908737931034482926e+02,0.000000000000000000e+00,0.000000000000000000e+00
1.108000000000000000e+03,2.911365517241379166e+02,0.000000000000000000e+00,0.000000000000000000e+00
1.109000000000000000e+03,2.913993103448275974e+02,0.000000000000000000e+00,0.000000000000000000e+00
1.110000000000000000e+03,2.916620689655172214e+02,0.000000000000000000e+00,0.000000000000000000e+00
1.111000000000000000e+03,2.919248275862069022e+02,0.000000000000000000e+00,0.000000000000000000e+00
1.112000000000000000e+03,2.921875862068965262e+02,0.000000000000000000e+00,0.000000000000000000e+00
1.113000000000000000e+03,2.924503448275862070e+02,0.000000000000000000e+00,0.000000000000000000e+00
1.114000000000000000e+03,2.927131034482758878e+02,0.000000000000000000e+00,0.000000000000000000e+00
1.115000000000000000e+03,2.929758620689655118e+02,0.000000000000000000e+00,0.000000000000000000e+00
1.116000000000000000e+03,2.932386206896551926e+02,0.000000000000000000e+00,0.000000000000000000e+00
1.117000000000000000e+03,2.935013793103448165e+02,0.000000000000000000e+00,0.000000000000000000e+00
1.118000000000000000e+03,2.937641379310344973e+02,0.000000000000000000e+00,0.000000000000000000e+00
1.119000000000000000e+03,2.940268965517241213e+02,0.000000000000000000e+00,0.000000000000000000e+00
1.120000000000000000e+03,2.942896551724138021e+02,0.000000000000000000e+00,0.000000000000000000e+00
1.121000000000000000e+03,2.945524137931034261e+02,0.000000000000000000e+00,0.000000000000000000e+00
1.122000000000000000e+03,2.948151724137931069e+02,0.000000000000000000e+00,0.000000000000000000e+00
1.123000000000000000e+03,2.950779310344827309e+02,0.000000000000000000e+00,0.000000000000000000e+00
1.124000000000000000e+03,2.953406896551724117e+02,0.000000000000000000e+00,0.000000000000000000e+00
1.125000000000000000e+03,2.956034482758620925e+02,0.000000000000000000e+00,0.000000000000000000e+00
1.126000000000000000e+03,2.958662068965517165e+02,0.000000000000000000e+00,0.000000000000000000e+00
1.127000000000000000e+03,2.961289655172413973e+02,0.000000000000000000e+00,0.000000000000000000e+00
1.128000000000000000e+03,2.963917241379310212e+02,0.000000000000000000e+00,0.000000000000000000e+00
1.129000000000000000e+03,2.966544827586207020e+02,0.000000000000000000e+00,0.000000000000000000e+00
1.130000000000000000e+03,2.969172413793103260e+02,0.000000000000000000e+00,0.000000000000000000e+00
1.131000000000000000e+03,2.971800000000000068e+02,0.000000000000000000e+00,0.000000000000000000e+00
1.132000000000000000e+03,2.974427586206896308e+02,0.000000000000000000e+00,0.000000000000000000e+00
1.133000000000000000e+03,2.977055172413793116e+02,0.000000000000000000e+00,0.000000000000000000e+00
1.134000000000000000e+03,2.979682758620689924e+02,0.000000000000000000e+00,0.000000000000000000e+00
1.135000000000000000e+03,2.982310344827586164e+02,0.000000000000000000e+00,0.000000000000000000e+00
1.136000000000000000e+03,2.984937931034482972e+02,0.000000000000000000e+00,0.000000000000000000e+00
1.137000000000000000e+03,2.987565517241379212e+02,0.000000000000000000e+00,0.000000000000000000e+00
1.138000000000000000e+03,2.990193103448276020e+02,0.000000000000000000e+00,0.000000000000000000e+00
1.139000000000000000e+03,2.992820689655172259e+02,0.000000000000000000e+00,0.000000000000000000e+00
1.140000000000000000e+03,2.995448275862069067e+02,0.000000000000000000e+00,0.000000000000000000e+00
1.141000000000000000e+03,2.998075862068965307e+02,0.000000000000000000e+00,0.000000000000000000e+00
1.142000000000000000e+03,3.000703448275862115e+02,0.000000000000000000e+00,0.000000000000000000e+00
1.143000000000000000e+03,3.003331034482758355e+02,0.000000000000000000e+00,0.000000000000000000e+00
1.144000000000000000e+03,3.005958620689655163e+02,0.000000000000000000e+00,0.000000000000000000e+00
1.145000000000000000e+03,3.008586206896551971e+02,0.000000000000000000e+00,0.000000000000000000e+00
1.146000000000000000e+03,3.011213793103448211e+02,0.000000000000000000e+00,0.000000000000000000e+00
1.147000000000000000e+03,3.013841379310345019e+02,0.000000000000000000e+00,0.000000000000000000e+00
1.148000000000000000e+03,3.016468965517241259e+02,0.000000000000000000e+00,0.000000000000000000e+00
1.149000000000000000e+03,3.019096551724138067e+02,0.000000000000000000e+00,0.000000000000000000e+00
1.150000000000000000e+03,3.021724137931034306e+02,0.000000000000000000e+00,0.000000000000000000e+00
1.151000000000000000e+03,3.024351724137931114e+02,0.000000000000000000e+00,0.000000000000000000e+00
1.152000000000000000e+03,3.026979310344827354e+02,0.000000000000000000e+00,0.000000000000000000e+00
1.153000000000000000e+03,3.029606896551724162e+02,0.000000000000000000e+00,0.000000000000000000e+00
1.154000000000000000e+03,3.032234482758620970e+02,0.000000000000000000e+00,0.000000000000000000e+00
