column,nominal_position_mm,green_median,green_std
0.000000000000000000e+00,3.888827586206896569e+01,5.769300000000000000e+04,1.631801972747853370e+03
1.000000000000000000e+00,3.892331034482758412e+01,5.752500000000000000e+04,1.589106739586526373e+03
2.000000000000000000e+00,3.895834482758620254e+01,5.756500000000000000e+04,1.519610749860441956e+03
3.000000000000000000e+00,3.899337931034482096e+01,5.782900000000000000e+04,1.652210887943997250e+03
4.000000000000000000e+00,3.902841379310344649e+01,5.778900000000000000e+04,1.494830625193049173e+03
5.000000000000000000e+00,3.906344827586207202e+01,5.760500000000000000e+04,1.547154630579068908e+03
6.000000000000000000e+00,3.909848275862068334e+01,5.757300000000000000e+04,1.532103234311985261e+03
7.000000000000000000e+00,3.913351724137930887e+01,5.766100000000000000e+04,1.611833032872529429e+03
8.000000000000000000e+00,3.916855172413792729e+01,5.766100000000000000e+04,1.577017695297316095e+03
9.000000000000000000e+00,3.920358620689655282e+01,5.778100000000000000e+04,1.585597708893808885e+03
1.000000000000000000e+01,3.923862068965517125e+01,5.793300000000000000e+04,1.657729904183313920e+03
1.100000000000000000e+01,3.927365517241378967e+01,5.782100000000000000e+04,1.659640605593109740e+03
1.200000000000000000e+01,3.930868965517241520e+01,5.776500000000000000e+04,1.787602143974655746e+03
1.300000000000000000e+01,3.934372413793103362e+01,5.760500000000000000e+04,1.762094003734018997e+03
1.400000000000000000e+01,3.937875862068965205e+01,5.787700000000000000e+04,1.733855081772010180e+03
1.500000000000000000e+01,3.941379310344827758e+01,5.798900000000000000e+04,1.668195871563966421e+03
1.600000000000000000e+01,3.944882758620689600e+01,5.790100000000000000e+04,1.854598930895137528e+03
1.700000000000000000e+01,3.948386206896551442e+01,5.745300000000000000e+04,1.726147548094188323e+03
1.800000000000000000e+01,3.951889655172413285e+01,5.805300000000000000e+04,1.740144587817642105e+03
1.900000000000000000e+01,3.955393103448275838e+01,5.778100000000000000e+04,1.590591226761033340e+03
2.000000000000000000e+01,3.958896551724137680e+01,5.797300000000000000e+04,1.754396750870792403e+03
2.100000000000000000e+01,3.962399999999999523e+01,5.804500000000000000e+04,1.719419252829307879e+03
2.200000000000000000e+01,3.965903448275862075e+01,5.795700000000000000e+04,1.569565744106987495e+03
2.300000000000000000e+01,3.969406896551723918e+01,5.777300000000000000e+04,1.814759034922936735e+03
2.400000000000000000e+01,3.972910344827585760e+01,5.803700000000000000e+04,1.780357295549806622e+03
2.500000000000000000e+01,3.976413793103448313e+01,5.790100000000000000e+04,1.700812311771341456e+03
2.600000000000000000e+01,3.979917241379310155e+01,5.774100000000000000e+04,1.849510985535177724e+03
2.700000000000000000e+01,3.983420689655171998e+01,5.799700000000000000e+04,1.625958391360520181e+03
2.800000000000000000e+01,3.986924137931033840e+01,5.762100000000000000e+04,1.639398086567464588e+03
2.900000000000000000e+01,3.990427586206896393e+01,5.792500000000000000e+04,1.975956794432587685e+03
3.000000000000000000e+01,3.993931034482758946e+01,5.806100000000000000e+04,1.887247957445921884e+03
3.100000000000000000e+01,3.997434482758620078e+01,5.782100000000000000e+04,1.921976481293243523e+03
3.200000000000000000e+01,4.000937931034482631e+01,5.871700000000000000e+04,1.766333613709291512e+03
3.300000000000000000e+01,4.004441379310344473e+01,5.959000000000000000e+04,2.530266266958134111e+03
3.400000000000000000e+01,4.007944827586207026e+01,3.293600000000000000e+04,1.753563651426771685e+04
3.500000000000000000e+01,4.011448275862068868e+01,1.269900000000000000e+04,1.608148826277406806e+04
3.600000000000000000e+01,4.014951724137930711e+01,1.312300000000000000e+04,1.552400309237958209e+04
3.700000000000000000e+01,4.018455172413793264e+01,1.321100000000000000e+04,1.565946434964613582e+04
3.800000000000000000e+01,4.021958620689655106e+01,1.301900000000000000e+04,1.583287229544804359e+04
3.900000000000000000e+01,4.025462068965516949e+01,1.299500000000000000e+04,1.556771107146140275e+04
4.000000000000000000e+01,4.028965517241379501e+01,1.294700000000000000e+04,1.570336950218272250e+04
4.100000000000000000e+01,4.032468965517241344e+01,1.268300000000000000e+04,1.541563997536916577e+04
4.200000000000000000e+01,4.035972413793103186e+01,1.249900000000000000e+04,1.556609124523097125e+04
4.300000000000000000e+01,4.039475862068965029e+01,1.256300000000000000e+04,1.535686565591294857e+04
4.400000000000000000e+01,4.042979310344827582e+01,1.242700000000000000e+04,1.547540571303175784e+04
4.500000000000000000e+01,4.046482758620689424e+01,1.222700000000000000e+04,1.528750343069091468e+04
4.600000000000000000e+01,4.049986206896551266e+01,1.228300000000000000e+04,1.515123493034247440e+04
4.700000000000000000e+01,4.053489655172413819e+01,1.234700000000000000e+04,1.505009295099703559e+04
4.800000000000000000e+01,4.056993103448275662e+01,1.238700000000000000e+04,1.548762730230730449e+04
4.900000000000000000e+01,4.060496551724137504e+01,1.250700000000000000e+04,1.522349447676580166e+04
5.000000000000000000e+01,4.064000000000000057e+01,1.225100000000000000e+04,1.529653152774786395e+04
5.100000000000000000e+01,4.067503448275861899e+01,1.214700000000000000e+04,1.520298308468542928e+04
5.200000000000000000e+01,4.071006896551723742e+01,1.205900000000000000e+04,1.524075017785573436e+04
5.300000000000000000e+01,4.074510344827585584e+01,1.207500000000000000e+04,1.522746667963267464e+04
5.400000000000000000e+01,4.078013793103448137e+01,1.216300000000000000e+04,1.513969668921996163e+04
5.500000000000000000e+01,4.081517241379310690e+01,1.200300000000000000e+04,1.512680961655889223e+04
5.600000000000000000e+01,4.085020689655171822e+01,1.195500000000000000e+04,1.466806810308142849e+04
5.700000000000000000e+01,4.088524137931034375e+01,1.197100000000000000e+04,1.485897850517422194e+04
5.800000000000000000e+01,4.092027586206896217e+01,1.193900000000000000e+04,1.510407811970573493e+04
5.900000000000000000e+01,4.095531034482758770e+01,1.200300000000000000e+04,1.509825744949927321e+04
6.000000000000000000e+01,4.099034482758620612e+01,1.190700000000000000e+04,1.510677238097144800e+04
6.100000000000000000e+01,4.102537931034482455e+01,1.185900000000000000e+04,1.510971066205161878e+04
6.200000000000000000e+01,4.106041379310345008e+01,1.171500000000000000e+04,1.462544353749852598e+04
6.300000000000000000e+01,4.109544827586206850e+01,1.184300000000000000e+04,1.502255043171617945e+04
6.400000000000000000e+01,4.113048275862068692e+01,1.181100000000000000e+04,1.505467836906791308e+04
6.500000000000000000e+01,4.116551724137931245e+01,1.181100000000000000e+04,1.480393071385460098e+04
6.600000000000000000e+01,4.120055172413793088e+01,1.167500000000000000e+04,1.463915875182423952e+04
6.700000000000000000e+01,4.123558620689654930e+01,1.177100000000000000e+04,1.491353127451803812e+04
6.800000000000000000e+01,4.127062068965516772e+01,1.178700000000000000e+04,1.445030497337905945e+04
6.900000000000000000e+01,4.130565517241379325e+01,1.164300000000000000e+04,1.465815779899092377e+04
7.000000000000000000e+01,4.134068965517241168e+01,1.163500000000000000e+04,1.487033988377075912e+04
7.100000000000000000e+01,4.137572413793103010e+01,1.161900000000000000e+04,1.475356469973303501e+04
7.200000000000000000e+01,4.141075862068965563e+01,1.154700000000000000e+04,1.471367477694234913e+04
7.300000000000000000e+01,4.144579310344827405e+01,1.151500000000000000e+04,1.484302787567150335e+04
7.400000000000000000e+01,4.148082758620689248e+01,1.149100000000000000e+04,1.473464158325244352e+04
7.500000000000000000e+01,4.151586206896551801e+01,1.157900000000000000e+04,1.500438963588327169e+04
7.600000000000000000e+01,4.155089655172413643e+01,1.154700000000000000e+04,1.488829361904076904e+04
7.700000000000000000e+01,4.158593103448275485e+01,1.148300000000000000e+04,1.523387996951849527e+04
7.800000000000000000e+01,4.162096551724137328e+01,1.145900000000000000e+04,1.462325760260096649e+04
7.900000000000000000e+01,4.165599999999999881e+01,1.141100000000000000e+04,1.487766057996472227e+04
8.000000000000000000e+01,4.169103448275861723e+01,1.134700000000000000e+04,1.505357577479241445e+04
8.100000000000000000e+01,4.172606896551723565e+01,1.143500000000000000e+04,1.485921110641487030e+04
8.200000000000000000e+01,4.176110344827586118e+01,1.163500000000000000e+04,1.478683279032873725e+04
8.300000000000000000e+01,4.179613793103447961e+01,1.155500000000000000e+04,1.476305148696165270e+04
8.400000000000000000e+01,4.183117241379309803e+01,1.147500000000000000e+04,1.519436408784068772e+04
8.500000000000000000e+01,4.186620689655172356e+01,1.154700000000000000e+04,1.468257532441894546e+04
8.600000000000000000e+01,4.190124137931034198e+01,1.143500000000000000e+04,1.515215917647360584e+04
8.700000000000000000e+01,4.193627586206896751e+01,1.138700000000000000e+04,1.485331028436790257e+04
8.800000000000000000e+01,4.197131034482757883e+01,1.142700000000000000e+04,1.493621601313145038e+04
8.900000000000000000e+01,4.200634482758620436e+01,1.144300000000000000e+04,1.497083184199211610e+04
9.000000000000000000e+01,4.204137931034482989e+01,1.146700000000000000e+04,1.504706578321334382e+04
9.100000000000000000e+01,4.207641379310344831e+01,1.142700000000000000e+04,1.495333272224443135e+04
9.200000000000000000e+01,4.211144827586206674e+01,1.132300000000000000e+04,1.450640894191173538e+04
9.300000000000000000e+01,4.214648275862068516e+01,1.141100000000000000e+04,1.481825745829503830e+04
9.400000000000000000e+01,4.218151724137931069e+01,1.132300000000000000e+04,1.496383854750542741e+04
9.500000000000000000e+01,4.221655172413792911e+01,1.143500000000000000e+04,1.507206981206855926e+04
9.600000000000000000e+01,4.225158620689654754e+01,1.136300000000000000e+04,1.453676208603495252e+04
9.700000000000000000e+01,4.228662068965517307e+01,1.129900000000000000e+04,1.480215400743207283e+04
9.800000000000000000e+01,4.232165517241379149e+01,1.125100000000000000e+04,1.480691667832525127e+04
9.900000000000000000e+01,4.235668965517240991e+01,1.119500000000000000e+04,1.493665720250586855e+04
1.000000000000000000e+02,4.239172413793103544e+01,1.136300000000000000e+04,1.485591424459936934e+04
1.010000000000000000e+02,4.242675862068965387e+01,1.129100000000000000e+04,1.486484128246369437e+04
1.020000000000000000e+02,4.246179310344827229e+01,1.121900000000000000e+04,1.493596300515392613e+04
1.030000000000000000e+02,4.249682758620689071e+01,1.133100000000000000e+04,1.511700369307696019e+04
1.040000000000000000e+02,4.253186206896551624e+01,1.125100000000000000e+04,1.464525180003372225e+04
1.050000000000000000e+02,4.256689655172413467e+01,1.113100000000000000e+04,1.485918676904655877e+04
1.060000000000000000e+02,4.260193103448275309e+01,1.117100000000000000e+04,1.461127700460448614e+04
1.070000000000000000e+02,4.263696551724137862e+01,1.124300000000000000e+04,1.479663379065522713e+04
1.080000000000000000e+02,4.267199999999999704e+01,1.125900000000000000e+04,1.489472111667247918e+04
1.090000000000000000e+02,4.270703448275861547e+01,1.110700000000000000e+04,1.437832630783547575e+04
1.100000000000000000e+02,4.274206896551724100e+01,1.128300000000000000e+04,1.426397075776946440e+04
1.110000000000000000e+02,4.277710344827585942e+01,1.110700000000000000e+04,1.451284478590891922e+04
1.120000000000000000e+02,4.281213793103448495e+01,1.099500000000000000e+04,1.482637822982896796e+04
1.130000000000000000e+02,4.284717241379309627e+01,1.123500000000000000e+04,1.457963099728768611e+04
1.140000000000000000e+02,4.288220689655172180e+01,1.122700000000000000e+04,1.437765623284122739e+04
1.150000000000000000e+02,4.291724137931034733e+01,1.117100000000000000e+04,1.484611338077152323e+04
1.160000000000000000e+02,4.295227586206896575e+01,1.126700000000000000e+04,1.472527559129007568e+04
1.170000000000000000e+02,4.298731034482758417e+01,1.115500000000000000e+04,1.451541280178180932e+04
1.180000000000000000e+02,4.302234482758620260e+01,1.113100000000000000e+04,1.457016545508220952e+04
1.190000000000000000e+02,4.305737931034482813e+01,1.132300000000000000e+04,1.482953971241067302e+04
1.200000000000000000e+02,4.309241379310344655e+01,1.119500000000000000e+04,1.508125772267890534e+04
1.210000000000000000e+02,4.312744827586206497e+01,1.134700000000000000e+04,1.508467689129201790e+04
1.220000000000000000e+02,4.316248275862069050e+01,1.133100000000000000e+04,1.498069081276238467e+04
1.230000000000000000e+02,4.319751724137930893e+01,1.126700000000000000e+04,1.500446903368158564e+04
1.240000000000000000e+02,4.323255172413792735e+01,1.136300000000000000e+04,1.491525356452831511e+04
1.250000000000000000e+02,4.326758620689655288e+01,1.127500000000000000e+04,1.494451928571279495e+04
1.260000000000000000e+02,4.330262068965517130e+01,1.133100000000000000e+04,1.489130096836557095e+04
1.270000000000000000e+02,4.333765517241378973e+01,1.128300000000000000e+04,1.485367307249679288e+04
1.280000000000000000e+02,4.337268965517240815e+01,1.114700000000000000e+04,1.511535372623847616e+04
1.290000000000000000e+02,4.340772413793103368e+01,1.122700000000000000e+04,1.507892926249284392e+04
1.300000000000000000e+02,4.344275862068965210e+01,1.126700000000000000e+04,1.494215479533199141e+04
1.310000000000000000e+02,4.347779310344827053e+01,1.131500000000000000e+04,1.471074057023778914e+04
1.320000000000000000e+02,4.351282758620689606e+01,1.118700000000000000e+04,1.524947716785075500e+04
1.330000000000000000e+02,4.354786206896551448e+01,1.125900000000000000e+04,1.465752532202427574e+04
1.340000000000000000e+02,4.358289655172413291e+01,1.118700000000000000e+04,1.470564090822151957e+04
1.350000000000000000e+02,4.361793103448275843e+01,1.112300000000000000e+04,1.471049626578565221e+04
1.360000000000000000e+02,4.365296551724137686e+01,1.107500000000000000e+04,1.449885044542885953e+04
1.370000000000000000e+02,4.368800000000000239e+01,1.121900000000000000e+04,1.494356713728352224e+04
1.380000000000000000e+02,4.372303448275861371e+01,1.108300000000000000e+04,1.457884414406882206e+04
1.390000000000000000e+02,4.375806896551723923e+01,1.107500000000000000e+04,1.363131136502837762e+04
1.400000000000000000e+02,4.379310344827586476e+01,1.111500000000000000e+04,1.392722854784856827e+04
1.410000000000000000e+02,4.382813793103448319e+01,1.097100000000000000e+04,1.409028000493927357e+04
1.420000000000000000e+02,4.386317241379310161e+01,1.088200000000000000e+04,1.382058576903154972e+04
1.430000000000000000e+02,4.389820689655172004e+01,1.081800000000000000e+04,1.377749874708586685e+04
1.440000000000000000e+02,4.393324137931034556e+01,1.090600000000000000e+04,1.379411486676332061e+04
1.450000000000000000e+02,4.396827586206896399e+01,1.099500000000000000e+04,1.360088097374837525e+04
1.460000000000000000e+02,4.400331034482758241e+01,1.097100000000000000e+04,1.361183686271590886e+04
1.470000000000000000e+02,4.403834482758620794e+01,1.089000000000000000e+04,1.369669277908850381e+04
1.480000000000000000e+02,4.407337931034482637e+01,1.097900000000000000e+04,1.379343109788101719e+04
1.490000000000000000e+02,4.410841379310344479e+01,1.105100000000000000e+04,1.380017482043727250e+04
1.500000000000000000e+02,4.414344827586207032e+01,1.097100000000000000e+04,1.372108561825553443e+04
1.510000000000000000e+02,4.417848275862068874e+01,1.085800000000000000e+04,1.378648512895034582e+04
1.520000000000000000e+02,4.421351724137930717e+01,1.096300000000000000e+04,1.348832849760067984e+04
1.530000000000000000e+02,4.424855172413792559e+01,1.088200000000000000e+04,1.378829204872605806e+04
1.540000000000000000e+02,4.428358620689655112e+01,1.084200000000000000e+04,1.356586207701230160e+04
1.550000000000000000e+02,4.431862068965516954e+01,1.081800000000000000e+04,1.355770522220714884e+04
1.560000000000000000e+02,4.435365517241378797e+01,1.083400000000000000e+04,1.349506472835570275e+04
1.570000000000000000e+02,4.438868965517241350e+01,1.097100000000000000e+04,1.383173090426628187e+04
1.580000000000000000e+02,4.442372413793103192e+01,1.083400000000000000e+04,1.410997196722658555e+04
1.590000000000000000e+02,4.445875862068965034e+01,1.093900000000000000e+04,1.397126601236861643e+04
1.600000000000000000e+02,4.449379310344827587e+01,1.096300000000000000e+04,1.415451767519461282e+04
1.610000000000000000e+02,4.452882758620689430e+01,1.084200000000000000e+04,1.372874895357276364e+04
1.620000000000000000e+02,4.456386206896551272e+01,1.069000000000000000e+04,1.388805258412810872e+04
1.630000000000000000e+02,4.459889655172413114e+01,1.067400000000000000e+04,1.399500222430834583e+04
1.640000000000000000e+02,4.463393103448275667e+01,1.081000000000000000e+04,1.380519813473905197e+04
1.650000000000000000e+02,4.466896551724138220e+01,1.093050000000000000e+04,1.379583304906890407e+04
1.660000000000000000e+02,4.470399999999999352e+01,1.090600000000000000e+04,1.367047121887492904e+04
1.670000000000000000e+02,4.473903448275861905e+01,1.101100000000000000e+04,1.352892012659453030e+04
1.680000000000000000e+02,4.477406896551723747e+01,1.086600000000000000e+04,1.359451318493409053e+04
1.690000000000000000e+02,4.480910344827586300e+01,1.075400000000000000e+04,1.366497251280788441e+04
1.700000000000000000e+02,4.484413793103448143e+01,1.080200000000000000e+04,1.328351583755305728e+04
1.710000000000000000e+02,4.487917241379309985e+01,1.089000000000000000e+04,1.359863148758280295e+04
1.720000000000000000e+02,4.491420689655172538e+01,1.082600000000000000e+04,1.346229634057191652e+04
1.730000000000000000e+02,4.494924137931034380e+01,1.096300000000000000e+04,1.311546099124577995e+04
1.740000000000000000e+02,4.498427586206896223e+01,1.081000000000000000e+04,1.313350175298589602e+04
1.750000000000000000e+02,4.501931034482758065e+01,1.105900000000000000e+04,1.325933659811825601e+04
1.760000000000000000e+02,4.505434482758620618e+01,1.079400000000000000e+04,1.333271194550422115e+04
1.770000000000000000e+02,4.508937931034482460e+01,1.088200000000000000e+04,1.359676382527367787e+04
1.780000000000000000e+02,4.512441379310344303e+01,1.085800000000000000e+04,1.327957494201737427e+04
1.790000000000000000e+02,4.515944827586206856e+01,1.093100000000000000e+04,1.330475022591962261e+04
1.800000000000000000e+02,4.519448275862068698e+01,1.091400000000000000e+04,1.285112469415118176e+04
1.810000000000000000e+02,4.522951724137931251e+01,1.085000000000000000e+04,1.343730829031194298e+04
1.820000000000000000e+02,4.526455172413792383e+01,1.090600000000000000e+04,1.319401691268860668e+04
1.830000000000000000e+02,4.529958620689654936e+01,1.080200000000000000e+04,1.257388549159329887e+04
1.840000000000000000e+02,4.533462068965516778e+01,1.091400000000000000e+04,1.252872287329913524e+04
1.850000000000000000e+02,4.536965517241379331e+01,1.096300000000000000e+04,1.275833879855690247e+04
1.860000000000000000e+02,4.540468965517241884e+01,1.088200000000000000e+04,1.248599173724278444e+04
1.870000000000000000e+02,4.543972413793103016e+01,1.091450000000000000e+04,1.277793618408540715e+04
1.880000000000000000e+02,4.547475862068964858e+01,1.080200000000000000e+04,1.281343649111258492e+04
1.890000000000000000e+02,4.550979310344827411e+01,1.088200000000000000e+04,1.308399354165004661e+04
1.900000000000000000e+02,4.554482758620689964e+01,1.082600000000000000e+04,1.277131290266567339e+04
1.910000000000000000e+02,4.557986206896551806e+01,1.085800000000000000e+04,1.281191659771141349e+04
1.920000000000000000e+02,4.561489655172412938e+01,1.079400000000000000e+04,1.287917756726533844e+04
1.930000000000000000e+02,4.564993103448275491e+01,1.095500000000000000e+04,1.269177586922181217e+04
1.940000000000000000e+02,4.568496551724138044e+01,1.078600000000000000e+04,1.271382844546990964e+04
1.950000000000000000e+02,4.571999999999999886e+01,1.094700000000000000e+04,1.267716830509594729e+04
1.960000000000000000e+02,4.575503448275862439e+01,1.077000000000000000e+04,1.266361036165879159e+04
1.970000000000000000e+02,4.579006896551723571e+01,1.095500000000000000e+04,1.261507265412766174e+04
1.980000000000000000e+02,4.582510344827586124e+01,1.114700000000000000e+04,1.292138824191789536e+04
1.990000000000000000e+02,4.586013793103447966e+01,1.081800000000000000e+04,1.290295895418535292e+04
2.000000000000000000e+02,4.589517241379310519e+01,1.077000000000000000e+04,1.275631731492680956e+04
2.010000000000000000e+02,4.593020689655172362e+01,1.084200000000000000e+04,1.246180696547751177e+04
2.020000000000000000e+02,4.596524137931034204e+01,1.083400000000000000e+04,1.257006628592744710e+04
2.030000000000000000e+02,4.600027586206896046e+01,1.101900000000000000e+04,1.251187965347959107e+04
2.040000000000000000e+02,4.603531034482758599e+01,1.091450000000000000e+04,1.269511645378655339e+04
2.050000000000000000e+02,4.607034482758620442e+01,1.089800000000000000e+04,1.249885945528380944e+04
2.060000000000000000e+02,4.610537931034482995e+01,1.101900000000000000e+04,1.237176526996968278e+04
2.070000000000000000e+02,4.614041379310344126e+01,1.100300000000000000e+04,1.256846743786408479e+04
2.080000000000000000e+02,4.617544827586206679e+01,1.105100000000000000e+04,1.237853830539291630e+04
2.090000000000000000e+02,4.621048275862068522e+01,1.095500000000000000e+04,1.249139807717717304e+04
2.100000000000000000e+02,4.624551724137931075e+01,1.105100000000000000e+04,1.251922479217709770e+04
2.110000000000000000e+02,4.628055172413793628e+01,1.102700000000000000e+04,1.289871293663509095e+04
2.120000000000000000e+02,4.631558620689654759e+01,1.100300000000000000e+04,1.228978560417424342e+04
2.130000000000000000e+02,4.635062068965516602e+01,1.115500000000000000e+04,1.245600708004819171e+04
2.140000000000000000e+02,4.638565517241379155e+01,1.114700000000000000e+04,1.230363541916525719e+04
2.150000000000000000e+02,4.642068965517241708e+01,1.102700000000000000e+04,1.249326255126617616e+04
2.160000000000000000e+02,4.645572413793103550e+01,1.090600000000000000e+04,1.254334381268497600e+04
2.170000000000000000e+02,4.649075862068964682e+01,1.114700000000000000e+04,1.219387617977668015e+04
2.180000000000000000e+02,4.652579310344827235e+01,1.120300000000000000e+04,1.241534894472370070e+04
2.190000000000000000e+02,4.656082758620689788e+01,1.112300000000000000e+04,1.230830673334568019e+04
2.200000000000000000e+02,4.659586206896551630e+01,1.102700000000000000e+04,1.236494188253016728e+04
2.210000000000000000e+02,4.663089655172414183e+01,1.121900000000000000e+04,1.232128279733429372e+04
2.220000000000000000e+02,4.666593103448275315e+01,1.099500000000000000e+04,1.248092290735252209e+04
2.230000000000000000e+02,4.670096551724137868e+01,1.108300000000000000e+04,1.208113419121815969e+04
2.240000000000000000e+02,4.673599999999999710e+01,1.107500000000000000e+04,1.215219085831088341e+04
2.250000000000000000e+02,4.677103448275862263e+01,1.095500000000000000e+04,1.240932734372482446e+04
2.260000000000000000e+02,4.680606896551724105e+01,1.101900000000000000e+04,1.235955891593065098e+04
2.270000000000000000e+02,4.684110344827585948e+01,1.097900000000000000e+04,1.220300236791621865e+04
2.280000000000000000e+02,4.687613793103447790e+01,1.117100000000000000e+04,1.216303875541285925e+04
2.290000000000000000e+02,4.691117241379310343e+01,1.109900000000000000e+04,1.193783452065356687e+04
2.300000000000000000e+02,4.694620689655172185e+01,1.091400000000000000e+04,1.231685420588208217e+04
2.310000000000000000e+02,4.698124137931034738e+01,1.094700000000000000e+04,1.233042059280899412e+04
2.320000000000000000e+02,4.701627586206895870e+01,1.109100000000000000e+04,1.207320581416256573e+04
2.330000000000000000e+02,4.705131034482758423e+01,1.094700000000000000e+04,1.230755442427546768e+04
2.340000000000000000e+02,4.708634482758620265e+01,1.089000000000000000e+04,1.219039254076850557e+04
2.350000000000000000e+02,4.712137931034482818e+01,1.097900000000000000e+04,1.213298433791550451e+04
2.360000000000000000e+02,4.715641379310345371e+01,1.089000000000000000e+04,1.212018582359952961e+04
2.370000000000000000e+02,4.719144827586206503e+01,1.085800000000000000e+04,1.172781916905843536e+04
2.380000000000000000e+02,4.722648275862068346e+01,1.081000000000000000e+04,1.184667980951852041e+04
2.390000000000000000e+02,4.726151724137930898e+01,1.083400000000000000e+04,1.189687792314543003e+04
2.400000000000000000e+02,4.729655172413793451e+01,1.085000000000000000e+04,1.177874291389121026e+04
2.410000000000000000e+02,4.733158620689655294e+01,1.082600000000000000e+04,1.184384544839906630e+04
2.420000000000000000e+02,4.736662068965516426e+01,1.094700000000000000e+04,1.176744869996531452e+04
2.430000000000000000e+02,4.740165517241378978e+01,1.101900000000000000e+04,1.150732258404650383e+04
2.440000000000000000e+02,4.743668965517241531e+01,1.081800000000000000e+04,1.178883620559599694e+04
2.450000000000000000e+02,4.747172413793103374e+01,1.101900000000000000e+04,1.192550263153984633e+04
2.460000000000000000e+02,4.750675862068965927e+01,1.099500000000000000e+04,1.153468649613372872e+04
2.470000000000000000e+02,4.754179310344827059e+01,1.109100000000000000e+04,1.166910562270875016e+04
2.480000000000000000e+02,4.757682758620688901e+01,1.098700000000000000e+04,1.162825450405679294e+04
2.490000000000000000e+02,4.761186206896551454e+01,1.110700000000000000e+04,1.138020280324110172e+04
2.500000000000000000e+02,4.764689655172414007e+01,1.117100000000000000e+04,1.117117230314057815e+04
2.510000000000000000e+02,4.768193103448275849e+01,1.105100000000000000e+04,1.128188959764631909e+04
2.520000000000000000e+02,4.771696551724136981e+01,1.109100000000000000e+04,1.119303595278917055e+04
2.530000000000000000e+02,4.775199999999999534e+01,1.097100000000000000e+04,1.131197189956353577e+04
2.540000000000000000e+02,4.778703448275862087e+01,1.114700000000000000e+04,1.118806335354543080e+04
2.550000000000000000e+02,4.782206896551723929e+01,1.109100000000000000e+04,1.139530711034329943e+04
2.560000000000000000e+02,4.785710344827586482e+01,1.109100000000000000e+04,1.141954700933771346e+04
2.570000000000000000e+02,4.789213793103447614e+01,1.124300000000000000e+04,1.144965681537717137e+04
2.580000000000000000e+02,4.792717241379310167e+01,1.113900000000000000e+04,1.139744259198617510e+04
2.590000000000000000e+02,4.796220689655172009e+01,1.123500000000000000e+04,1.118773809563216309e+04
2.600000000000000000e+02,4.799724137931034562e+01,1.122700000000000000e+04,1.105891247331367958e+04
2.610000000000000000e+02,4.803227586206896405e+01,1.113900000000000000e+04,1.100300862193799003e+04
2.620000000000000000e+02,4.806731034482758247e+01,1.120300000000000000e+04,1.110728671389209012e+04
2.630000000000000000e+02,4.810234482758620089e+01,1.134700000000000000e+04,1.060882293431117614e+04
2.640000000000000000e+02,4.813737931034482642e+01,1.114700000000000000e+04,1.069353773929259660e+04
2.650000000000000000e+02,4.817241379310344485e+01,1.100300000000000000e+04,1.036394614414132229e+04
2.660000000000000000e+02,4.820744827586207037e+01,1.127500000000000000e+04,1.059897442176229561e+04
2.670000000000000000e+02,4.824248275862068169e+01,1.103500000000000000e+04,1.088590738739408334e+04
2.680000000000000000e+02,4.827751724137930722e+01,1.104300000000000000e+04,1.052900080821189476e+04
2.690000000000000000e+02,4.831255172413792565e+01,1.117900000000000000e+04,1.076818642830163844e+04
2.700000000000000000e+02,4.834758620689655118e+01,1.112300000000000000e+04,1.033349891439379280e+04
2.710000000000000000e+02,4.838262068965517670e+01,1.114700000000000000e+04,1.036033937643816716e+04
2.720000000000000000e+02,4.841765517241378802e+01,1.105100000000000000e+04,1.070207713471483839e+04
2.730000000000000000e+02,4.845268965517240645e+01,1.086600000000000000e+04,1.057912646647236033e+04
2.740000000000000000e+02,4.848772413793103198e+01,1.110700000000000000e+04,1.008254539414314422e+04
2.750000000000000000e+02,4.852275862068965750e+01,1.086600000000000000e+04,1.031636545857588862e+04
2.760000000000000000e+02,4.855779310344827593e+01,1.101900000000000000e+04,1.007816801361566650e+04
2.770000000000000000e+02,4.859282758620688725e+01,1.097100000000000000e+04,1.017596950528812522e+04
2.780000000000000000e+02,4.862786206896551278e+01,1.107500000000000000e+04,9.956155462859984254e+03
2.790000000000000000e+02,4.866289655172413831e+01,1.102700000000000000e+04,1.012870253696245163e+04
2.800000000000000000e+02,4.869793103448275673e+01,1.089000000000000000e+04,9.924904557567620941e+03
2.810000000000000000e+02,4.873296551724138226e+01,1.096300000000000000e+04,1.000054909192414380e+04
2.820000000000000000e+02,4.876799999999999358e+01,1.086600000000000000e+04,9.956893818535965693e+03
2.830000000000000000e+02,4.880303448275861911e+01,1.083400000000000000e+04,9.764847824504766322e+03
2.840000000000000000e+02,4.883806896551723753e+01,1.101900000000000000e+04,9.875041027909754121e+03
2.850000000000000000e+02,4.887310344827586306e+01,1.089800000000000000e+04,1.010634468893669145e+04
2.860000000000000000e+02,4.890813793103448148e+01,1.088200000000000000e+04,1.024513206969664316e+04
2.870000000000000000e+02,4.894317241379309991e+01,1.098700000000000000e+04,9.870545556727987787e+03
2.880000000000000000e+02,4.897820689655171833e+01,1.101100000000000000e+04,1.006612284784270014e+04
2.890000000000000000e+02,4.901324137931034386e+01,1.097100000000000000e+04,1.012254655797316445e+04
2.900000000000000000e+02,4.904827586206896228e+01,1.084200000000000000e+04,1.053276748448150647e+04
2.910000000000000000e+02,4.908331034482758781e+01,1.083400000000000000e+04,1.061129479882997657e+04
2.920000000000000000e+02,4.911834482758619913e+01,1.089800000000000000e+04,1.050169932340773994e+04
2.930000000000000000e+02,4.915337931034482466e+01,1.083400000000000000e+04,1.090231141102087531e+04
2.940000000000000000e+02,4.918841379310344308e+01,1.089000000000000000e+04,1.058025203672420321e+04
2.950000000000000000e+02,4.922344827586206861e+01,1.103500000000000000e+04,1.053454310455268205e+04
2.960000000000000000e+02,4.925848275862069414e+01,1.093900000000000000e+04,1.079149510944508074e+04
2.970000000000000000e+02,4.929351724137930546e+01,1.095500000000000000e+04,1.049779848053241221e+04
2.980000000000000000e+02,4.932855172413792388e+01,1.085000000000000000e+04,1.056467660091288963e+04
2.990000000000000000e+02,4.936358620689654941e+01,1.089800000000000000e+04,1.046537808502588814e+04
3.000000000000000000e+02,4.939862068965517494e+01,1.089800000000000000e+04,1.050512435943897799e+04
3.010000000000000000e+02,4.943365517241379337e+01,1.101100000000000000e+04,1.029864950393557774e+04
3.020000000000000000e+02,4.946868965517240468e+01,1.092250000000000000e+04,1.037422027306564814e+04
3.030000000000000000e+02,4.950372413793103021e+01,1.104300000000000000e+04,1.006279321290491498e+04
3.040000000000000000e+02,4.953875862068965574e+01,1.121100000000000000e+04,1.004393041072736014e+04
3.050000000000000000e+02,4.957379310344827417e+01,1.092250000000000000e+04,1.017024935469964657e+04
3.060000000000000000e+02,4.960882758620689970e+01,1.108300000000000000e+04,1.032718078030973811e+04
3.070000000000000000e+02,4.964386206896551101e+01,1.100300000000000000e+04,9.799702683599141892e+03
3.080000000000000000e+02,4.967889655172413654e+01,1.115500000000000000e+04,9.804558135617293374e+03
3.090000000000000000e+02,4.971393103448275497e+01,1.105100000000000000e+04,9.931649443924981824e+03
3.100000000000000000e+02,4.974896551724138050e+01,1.098700000000000000e+04,9.690680591964850464e+03
3.110000000000000000e+02,4.978399999999999892e+01,1.102700000000000000e+04,9.556091553573642159e+03
3.120000000000000000e+02,4.981903448275861734e+01,1.088200000000000000e+04,9.230086761132230095e+03
3.130000000000000000e+02,4.985406896551723577e+01,1.086600000000000000e+04,8.914231007437343578e+03
3.140000000000000000e+02,4.988910344827586130e+01,1.081000000000000000e+04,8.723727555930032395e+03
3.150000000000000000e+02,4.992413793103447972e+01,1.075400000000000000e+04,8.643501789353385902e+03
3.160000000000000000e+02,4.995917241379310525e+01,1.072200000000000000e+04,8.409800021710885630e+03
3.170000000000000000e+02,4.999420689655171657e+01,1.086600000000000000e+04,8.219235981009502211e+03
3.180000000000000000e+02,5.002924137931034210e+01,1.077000000000000000e+04,8.232988348412460255e+03
3.190000000000000000e+02,5.006427586206896052e+01,1.075400000000000000e+04,7.925599440082552974e+03
3.200000000000000000e+02,5.009931034482758605e+01,1.090600000000000000e+04,7.590900073048649574e+03
3.210000000000000000e+02,5.013434482758621158e+01,1.102700000000000000e+04,7.788596081277643862e+03
3.220000000000000000e+02,5.016937931034482290e+01,1.096300000000000000e+04,8.038194135100215135e+03
3.230000000000000000e+02,5.020441379310344132e+01,1.083400000000000000e+04,7.628404428933401505e+03
3.240000000000000000e+02,5.023944827586206685e+01,1.079400000000000000e+04,8.144463591798355083e+03
3.250000000000000000e+02,5.027448275862069238e+01,1.083400000000000000e+04,7.815272275139660451e+03
3.260000000000000000e+02,5.030951724137931080e+01,1.069800000000000000e+04,7.654490429084161406e+03
3.270000000000000000e+02,5.034455172413792212e+01,1.077800000000000000e+04,7.778937298421606101e+03
3.280000000000000000e+02,5.037958620689654765e+01,1.100300000000000000e+04,7.481879322169304942e+03
3.290000000000000000e+02,5.041462068965517318e+01,1.093050000000000000e+04,7.206057872947183569e+03
3.300000000000000000e+02,5.044965517241379160e+01,1.098700000000000000e+04,6.910074891035487781e+03
3.310000000000000000e+02,5.048468965517241713e+01,1.097900000000000000e+04,6.952179067749769274e+03
3.320000000000000000e+02,5.051972413793102845e+01,1.104300000000000000e+04,6.867068236544505453e+03
3.330000000000000000e+02,5.055475862068965398e+01,1.081800000000000000e+04,6.985027606265191025e+03
3.340000000000000000e+02,5.058979310344827240e+01,1.078600000000000000e+04,7.332127376632936830e+03
3.350000000000000000e+02,5.062482758620689793e+01,1.101100000000000000e+04,7.326747794371137388e+03
3.360000000000000000e+02,5.065986206896551636e+01,1.081800000000000000e+04,7.136151444957896274e+03
3.370000000000000000e+02,5.069489655172413478e+01,1.097100000000000000e+04,7.271691185340128868e+03
3.380000000000000000e+02,5.072993103448275320e+01,1.089800000000000000e+04,7.033415001950230362e+03
3.390000000000000000e+02,5.076496551724137873e+01,1.092250000000000000e+04,7.022017128316134404e+03
3.400000000000000000e+02,5.079999999999999716e+01,1.095500000000000000e+04,7.454323171199215722e+03
3.410000000000000000e+02,5.083503448275862269e+01,1.099500000000000000e+04,6.870548260611517435e+03
3.420000000000000000e+02,5.087006896551723401e+01,1.101100000000000000e+04,7.403162508068856368e+03
3.430000000000000000e+02,5.090510344827585953e+01,1.090600000000000000e+04,7.407439863183702982e+03
3.440000000000000000e+02,5.094013793103447796e+01,1.083400000000000000e+04,7.283873021548388351e+03
3.450000000000000000e+02,5.097517241379310349e+01,1.090600000000000000e+04,6.585909390155174151e+03
3.460000000000000000e+02,5.101020689655172902e+01,1.097900000000000000e+04,6.203582046204325707e+03
3.470000000000000000e+02,5.104524137931034033e+01,1.085000000000000000e+04,5.964794917470821929e+03
3.480000000000000000e+02,5.108027586206895876e+01,1.081800000000000000e+04,6.310079033375628569e+03
3.490000000000000000e+02,5.111531034482758429e+01,1.089800000000000000e+04,6.296928023181981189e+03
3.500000000000000000e+02,5.115034482758620982e+01,1.087400000000000000e+04,6.429251014606111312e+03
3.510000000000000000e+02,5.118537931034482824e+01,1.096300000000000000e+04,5.981107989550203456e+03
3.520000000000000000e+02,5.122041379310343956e+01,1.092250000000000000e+04,5.869155834912122373e+03
3.530000000000000000e+02,5.125544827586206509e+01,1.082600000000000000e+04,5.765741589265529910e+03
3.540000000000000000e+02,5.129048275862069062e+01,1.105900000000000000e+04,5.509226457811896580e+03
3.550000000000000000e+02,5.132551724137930904e+01,1.093900000000000000e+04,5.703808637591160732e+03
3.560000000000000000e+02,5.136055172413793457e+01,1.080200000000000000e+04,6.726385129610071999e+03
3.570000000000000000e+02,5.139558620689654589e+01,1.095500000000000000e+04,6.022459230698574174e+03
3.580000000000000000e+02,5.143062068965517142e+01,1.085800000000000000e+04,5.588993427887373400e+03
3.590000000000000000e+02,5.146565517241378984e+01,1.081800000000000000e+04,5.694143295789371223e+03
3.600000000000000000e+02,5.150068965517241537e+01,1.091450000000000000e+04,5.370221725783602778e+03
3.610000000000000000e+02,5.153572413793103379e+01,1.087400000000000000e+04,5.458052144348357615e+03
3.620000000000000000e+02,5.157075862068965222e+01,1.070600000000000000e+04,5.389472813899325956e+03
3.630000000000000000e+02,5.160579310344827064e+01,1.072200000000000000e+04,5.072743834125231842e+03
3.640000000000000000e+02,5.164082758620689617e+01,1.085800000000000000e+04,5.142239253468261268e+03
3.650000000000000000e+02,5.167586206896551460e+01,1.085800000000000000e+04,5.267978912247752305e+03
3.660000000000000000e+02,5.171089655172414012e+01,1.087400000000000000e+04,5.315219197092826107e+03
3.670000000000000000e+02,5.174593103448275144e+01,1.086600000000000000e+04,5.240622679796885677e+03
3.680000000000000000e+02,5.178096551724137697e+01,1.069000000000000000e+04,5.452559640865142683e+03
3.690000000000000000e+02,5.181599999999999540e+01,1.073000000000000000e+04,5.244116727462154813e+03
3.700000000000000000e+02,5.185103448275862092e+01,1.080200000000000000e+04,5.405964077580969388e+03
3.710000000000000000e+02,5.188606896551724645e+01,1.068200000000000000e+04,5.368396744836251855e+03
3.720000000000000000e+02,5.192110344827585777e+01,1.080200000000000000e+04,5.221091779057748681e+03
3.730000000000000000e+02,5.195613793103447620e+01,1.081800000000000000e+04,5.735089216203312390e+03
3.740000000000000000e+02,5.199117241379310173e+01,1.085800000000000000e+04,5.523237667670347946e+03
3.750000000000000000e+02,5.202620689655172725e+01,1.079400000000000000e+04,5.665481009170179277e+03
3.760000000000000000e+02,5.206124137931034568e+01,1.069000000000000000e+04,5.611491049076500531e+03
3.770000000000000000e+02,5.209627586206895700e+01,1.073800000000000000e+04,5.722524983697234347e+03
3.780000000000000000e+02,5.213131034482758253e+01,1.068200000000000000e+04,5.430773987456759642e+03
3.790000000000000000e+02,5.216634482758620805e+01,1.063400000000000000e+04,6.014129962701541444e+03
3.800000000000000000e+02,5.220137931034482648e+01,1.062600000000000000e+04,6.778423108709036569e+03
3.810000000000000000e+02,5.223641379310345201e+01,1.053000000000000000e+04,7.276058102292953663e+03
3.820000000000000000e+02,5.227144827586206333e+01,1.067400000000000000e+04,6.534537880775008489e+03
3.830000000000000000e+02,5.230648275862068886e+01,1.053800000000000000e+04,6.828644789885853243e+03
3.840000000000000000e+02,5.234151724137930728e+01,1.069000000000000000e+04,6.933255749955213105e+03
3.850000000000000000e+02,5.237655172413793281e+01,1.057000000000000000e+04,6.612787473418188711e+03
3.860000000000000000e+02,5.241158620689655123e+01,1.044200000000000000e+04,6.418901732239897683e+03
3.870000000000000000e+02,5.244662068965516966e+01,1.036200000000000000e+04,6.435739789255522737e+03
3.880000000000000000e+02,5.248165517241378808e+01,1.048200000000000000e+04,6.267414267775949156e+03
3.890000000000000000e+02,5.251668965517241361e+01,1.038600000000000000e+04,6.588061007340182186e+03
3.900000000000000000e+02,5.255172413793103203e+01,1.049000000000000000e+04,6.618958633744450708e+03
3.910000000000000000e+02,5.258675862068965756e+01,1.049000000000000000e+04,6.578906994291439332e+03
3.920000000000000000e+02,5.262179310344826888e+01,1.032200000000000000e+04,6.285593633434932599e+03
3.930000000000000000e+02,5.265682758620689441e+01,1.025000000000000000e+04,6.375689905670370536e+03
3.940000000000000000e+02,5.269186206896551283e+01,1.029800000000000000e+04,6.172679273966200526e+03
3.950000000000000000e+02,5.272689655172413836e+01,1.037800000000000000e+04,6.196959198297077819e+03
3.960000000000000000e+02,5.276193103448276389e+01,1.017000000000000000e+04,6.065737313403472399e+03
3.970000000000000000e+02,5.279696551724137521e+01,1.018600000000000000e+04,5.947267750353885276e+03
3.980000000000000000e+02,5.283199999999999363e+01,1.017800000000000000e+04,6.054728954691489889e+03
3.990000000000000000e+02,5.286703448275861916e+01,1.016200000000000000e+04,6.508462027740719350e+03
4.000000000000000000e+02,5.290206896551724469e+01,1.020200000000000000e+04,5.555896289473254001e+03
4.010000000000000000e+02,5.293710344827586312e+01,1.010600000000000000e+04,5.775278471472998717e+03
4.020000000000000000e+02,5.297213793103447443e+01,1.025000000000000000e+04,5.493594494820863474e+03
4.030000000000000000e+02,5.300717241379309996e+01,1.024200000000000000e+04,5.535314404073997139e+03
4.040000000000000000e+02,5.304220689655172549e+01,1.006600000000000000e+04,5.616238529109001320e+03
4.050000000000000000e+02,5.307724137931034392e+01,1.023400000000000000e+04,6.058731850678984301e+03
4.060000000000000000e+02,5.311227586206896945e+01,1.031400000000000000e+04,5.889239729418040952e+03
4.070000000000000000e+02,5.314731034482758076e+01,1.019400000000000000e+04,5.394587477332391245e+03
4.080000000000000000e+02,5.318234482758620629e+01,1.029800000000000000e+04,5.058362479893758973e+03
4.090000000000000000e+02,5.321737931034482472e+01,1.033800000000000000e+04,5.395046200215323552e+03
4.100000000000000000e+02,5.325241379310345025e+01,1.021800000000000000e+04,5.710220839035437166e+03
4.110000000000000000e+02,5.328744827586206867e+01,1.021800000000000000e+04,5.193976500776328066e+03
4.120000000000000000e+02,5.332248275862068709e+01,1.019400000000000000e+04,5.161306050858380331e+03
4.130000000000000000e+02,5.335751724137930552e+01,1.022600000000000000e+04,4.878682298691694086e+03
4.140000000000000000e+02,5.339255172413793105e+01,1.008200000000000000e+04,4.843828819632931300e+03
4.150000000000000000e+02,5.342758620689654947e+01,1.019400000000000000e+04,4.798489438207408966e+03
4.160000000000000000e+02,5.346262068965517500e+01,9.978000000000000000e+03,4.674419374591912856e+03
4.170000000000000000e+02,5.349765517241378632e+01,1.004200000000000000e+04,4.476461347043539718e+03
4.180000000000000000e+02,5.353268965517241185e+01,9.858000000000000000e+03,4.337371993985159861e+03
4.190000000000000000e+02,5.356772413793103027e+01,9.978000000000000000e+03,4.361860051280496918e+03
4.200000000000000000e+02,5.360275862068965580e+01,1.001800000000000000e+04,4.255166591313167373e+03
4.210000000000000000e+02,5.363779310344828133e+01,9.898000000000000000e+03,4.213272484334041110e+03
4.220000000000000000e+02,5.367282758620689265e+01,9.882000000000000000e+03,4.510122661645770677e+03
4.230000000000000000e+02,5.370786206896551107e+01,1.000200000000000000e+04,4.540178852041000027e+03
4.240000000000000000e+02,5.374289655172413660e+01,1.003400000000000000e+04,4.655291841170729640e+03
4.250000000000000000e+02,5.377793103448276213e+01,1.010600000000000000e+04,4.179122125466094076e+03
4.260000000000000000e+02,5.381296551724137345e+01,1.009800000000000000e+04,4.228995182921175001e+03
4.270000000000000000e+02,5.384799999999999187e+01,1.006600000000000000e+04,4.269405028293899704e+03
4.280000000000000000e+02,5.388303448275861740e+01,1.006600000000000000e+04,4.261835563620061293e+03
4.290000000000000000e+02,5.391806896551723582e+01,1.012200000000000000e+04,4.369169568002624146e+03
4.300000000000000000e+02,5.395310344827586135e+01,1.002600000000000000e+04,3.999006665896782579e+03
4.310000000000000000e+02,5.398813793103447267e+01,1.010600000000000000e+04,4.372096498191258434e+03
4.320000000000000000e+02,5.402317241379309820e+01,1.018600000000000000e+04,4.232001975161148948e+03
4.330000000000000000e+02,5.405820689655171662e+01,1.015400000000000000e+04,4.262295744074546747e+03
4.340000000000000000e+02,5.409324137931034215e+01,1.017800000000000000e+04,4.463603682064239365e+03
4.350000000000000000e+02,5.412827586206896768e+01,1.032200000000000000e+04,4.042244195348327594e+03
4.360000000000000000e+02,5.416331034482757900e+01,1.021000000000000000e+04,4.207360303009021663e+03
4.370000000000000000e+02,5.419834482758619743e+01,1.010600000000000000e+04,4.623586547679095929e+03
4.380000000000000000e+02,5.423337931034482295e+01,1.024200000000000000e+04,4.603498677820034573e+03
4.390000000000000000e+02,5.426841379310344848e+01,1.005800000000000000e+04,4.421847168187036914e+03
4.400000000000000000e+02,5.430344827586206691e+01,1.013800000000000000e+04,4.282355416224137116e+03
4.410000000000000000e+02,5.433848275862067823e+01,1.019400000000000000e+04,4.306473314747245240e+03
4.420000000000000000e+02,5.437351724137930375e+01,1.015400000000000000e+04,4.134119515998559109e+03
4.430000000000000000e+02,5.440855172413792928e+01,1.019400000000000000e+04,4.306881355095147228e+03
4.440000000000000000e+02,5.444358620689654771e+01,1.027400000000000000e+04,4.433342712183647564e+03
4.450000000000000000e+02,5.447862068965517324e+01,1.013000000000000000e+04,4.627692963094780680e+03
4.460000000000000000e+02,5.451365517241378456e+01,1.017800000000000000e+04,4.259821562033311238e+03
4.470000000000000000e+02,5.454868965517241008e+01,1.017800000000000000e+04,4.234265877065406130e+03
4.480000000000000000e+02,5.458372413793102851e+01,1.009800000000000000e+04,4.376156628377554625e+03
4.490000000000000000e+02,5.461875862068965404e+01,1.025000000000000000e+04,4.284275609513892960e+03
4.500000000000000000e+02,5.465379310344827246e+01,1.030600000000000000e+04,4.008716261844358542e+03
4.510000000000000000e+02,5.468882758620689089e+01,1.020200000000000000e+04,3.951655110553269878e+03
4.520000000000000000e+02,5.472386206896550931e+01,1.017800000000000000e+04,4.311408094687148150e+03
4.530000000000000000e+02,5.475889655172413484e+01,1.043400000000000000e+04,4.271027350961141565e+03
4.540000000000000000e+02,5.479393103448275326e+01,1.023400000000000000e+04,4.029736440877289624e+03
4.550000000000000000e+02,5.482896551724137879e+01,1.025800000000000000e+04,4.014998461040027905e+03
4.560000000000000000e+02,5.486399999999999011e+01,1.026600000000000000e+04,3.889523756439861700e+03
4.570000000000000000e+02,5.489903448275861564e+01,1.032200000000000000e+04,3.950677011480080182e+03
4.580000000000000000e+02,5.493406896551723406e+01,1.035400000000000000e+04,4.062895146414218743e+03
4.590000000000000000e+02,5.496910344827585959e+01,1.026600000000000000e+04,4.075813694412236146e+03
4.600000000000000000e+02,5.500413793103448512e+01,1.033800000000000000e+04,3.826229354682092435e+03
4.610000000000000000e+02,5.503917241379309644e+01,1.039400000000000000e+04,3.944958523571529440e+03
4.620000000000000000e+02,5.507420689655171486e+01,1.049800000000000000e+04,3.911105271917354912e+03
4.630000000000000000e+02,5.510924137931034039e+01,1.042600000000000000e+04,3.923773473897396798e+03
4.640000000000000000e+02,5.514427586206896592e+01,1.045000000000000000e+04,4.100269131342451146e+03
4.650000000000000000e+02,5.517931034482758434e+01,1.047400000000000000e+04,4.212573210584202570e+03
4.660000000000000000e+02,5.521434482758619566e+01,1.041000000000000000e+04,4.197873537980733090e+03
4.670000000000000000e+02,5.524937931034482119e+01,1.043400000000000000e+04,3.764486994269268052e+03
4.680000000000000000e+02,5.528441379310344672e+01,1.055400000000000000e+04,3.880114789406453838e+03
4.690000000000000000e+02,5.531944827586206515e+01,1.051400000000000000e+04,4.065308764467617493e+03
4.700000000000000000e+02,5.535448275862069067e+01,1.056200000000000000e+04,3.794258171821717497e+03
4.710000000000000000e+02,5.538951724137930199e+01,1.058600000000000000e+04,3.994262387637175379e+03
4.720000000000000000e+02,5.542455172413792752e+01,1.064200000000000000e+04,3.736726976261905293e+03
4.730000000000000000e+02,5.545958620689654595e+01,1.062600000000000000e+04,3.979956744060369147e+03
4.740000000000000000e+02,5.549462068965517147e+01,1.064200000000000000e+04,3.909786198384324962e+03
4.750000000000000000e+02,5.552965517241378990e+01,1.073000000000000000e+04,3.899928109228052108e+03
4.760000000000000000e+02,5.556468965517240832e+01,1.068200000000000000e+04,3.901302193458966485e+03
4.770000000000000000e+02,5.559972413793102675e+01,1.069000000000000000e+04,4.146671506518429851e+03
4.780000000000000000e+02,5.563475862068965228e+01,1.069000000000000000e+04,3.856051787855618386e+03
4.790000000000000000e+02,5.566979310344827070e+01,1.065800000000000000e+04,3.862616226699102754e+03
4.800000000000000000e+02,5.570482758620689623e+01,1.073800000000000000e+04,3.992129805466736798e+03
4.810000000000000000e+02,5.573986206896550755e+01,1.069800000000000000e+04,4.029928125640042708e+03
4.820000000000000000e+02,5.577489655172413308e+01,1.067400000000000000e+04,3.964150026342794717e+03
4.830000000000000000e+02,5.580993103448275150e+01,1.074600000000000000e+04,4.304277235092263254e+03
4.840000000000000000e+02,5.584496551724137703e+01,1.075400000000000000e+04,4.084853617045306237e+03
4.850000000000000000e+02,5.588000000000000256e+01,1.072200000000000000e+04,3.962048736707186436e+03
4.860000000000000000e+02,5.591503448275861388e+01,1.075400000000000000e+04,3.930758394310932545e+03
4.870000000000000000e+02,5.595006896551723230e+01,1.073000000000000000e+04,3.873612950121706035e+03
4.880000000000000000e+02,5.598510344827585783e+01,1.073800000000000000e+04,3.894880229088779743e+03
4.890000000000000000e+02,5.602013793103448336e+01,1.070600000000000000e+04,3.887071205095960067e+03
4.900000000000000000e+02,5.605517241379310178e+01,1.070600000000000000e+04,3.833593597235092147e+03
4.910000000000000000e+02,5.609020689655171310e+01,1.079400000000000000e+04,3.654249388907344837e+03
4.920000000000000000e+02,5.612524137931033863e+01,1.078600000000000000e+04,3.797916065346041705e+03
4.930000000000000000e+02,5.616027586206896416e+01,1.070600000000000000e+04,3.843680779226362574e+03
4.940000000000000000e+02,5.619531034482758258e+01,1.057800000000000000e+04,3.583776407319675855e+03
4.950000000000000000e+02,5.623034482758620811e+01,1.051400000000000000e+04,3.922508949744236361e+03
4.960000000000000000e+02,5.626537931034481943e+01,1.053000000000000000e+04,3.784458906617913271e+03
4.970000000000000000e+02,5.630041379310344496e+01,1.063400000000000000e+04,3.797637285322999105e+03
4.980000000000000000e+02,5.633544827586206338e+01,1.069000000000000000e+04,3.763225719461835070e+03
4.990000000000000000e+02,5.637048275862068891e+01,1.061800000000000000e+04,3.678530476618203011e+03
5.000000000000000000e+02,5.640551724137930734e+01,1.063400000000000000e+04,3.436047057223070624e+03
5.010000000000000000e+02,5.644055172413792576e+01,1.055400000000000000e+04,3.475898329950087827e+03
5.020000000000000000e+02,5.647558620689654418e+01,1.054600000000000000e+04,3.540141722022349768e+03
5.030000000000000000e+02,5.651062068965516971e+01,1.070600000000000000e+04,3.661560737123849776e+03
5.040000000000000000e+02,5.654565517241378814e+01,1.055400000000000000e+04,3.420515227906334530e+03
5.050000000000000000e+02,5.658068965517241367e+01,1.060200000000000000e+04,3.395050573219907619e+03
5.060000000000000000e+02,5.661572413793102498e+01,1.065800000000000000e+04,3.421816749647606230e+03
5.070000000000000000e+02,5.665075862068965051e+01,1.064200000000000000e+04,3.669667939192984704e+03
5.080000000000000000e+02,5.668579310344826894e+01,1.066600000000000000e+04,3.942154066933398553e+03
5.090000000000000000e+02,5.672082758620689447e+01,1.062600000000000000e+04,3.997715041457820462e+03
5.100000000000000000e+02,5.675586206896552000e+01,1.066600000000000000e+04,3.847501858457420440e+03
5.110000000000000000e+02,5.679089655172413131e+01,1.056200000000000000e+04,3.780636900233470897e+03
5.120000000000000000e+02,5.682593103448274974e+01,1.065800000000000000e+04,3.672536559600208875e+03
5.130000000000000000e+02,5.686096551724137527e+01,1.067400000000000000e+04,3.912690326587709933e+03
5.140000000000000000e+02,5.689600000000000080e+01,1.062600000000000000e+04,3.496155322224187330e+03
5.150000000000000000e+02,5.693103448275861922e+01,1.069000000000000000e+04,3.724630614715332285e+03
5.160000000000000000e+02,5.696606896551723054e+01,1.065800000000000000e+04,3.567886008219390988e+03
5.170000000000000000e+02,5.700110344827585607e+01,1.069000000000000000e+04,3.917769302221479848e+03
5.180000000000000000e+02,5.703613793103448160e+01,1.069000000000000000e+04,3.947055053535873867e+03
5.190000000000000000e+02,5.707117241379310002e+01,1.065000000000000000e+04,3.770510045318696484e+03
5.200000000000000000e+02,5.710620689655172555e+01,1.058600000000000000e+04,3.807367511332591221e+03
5.210000000000000000e+02,5.714124137931033687e+01,1.073000000000000000e+04,3.698710171439941405e+03
5.220000000000000000e+02,5.717627586206896240e+01,1.057800000000000000e+04,3.726570962973304177e+03
5.230000000000000000e+02,5.721131034482758082e+01,1.077800000000000000e+04,3.891487508576590244e+03
5.240000000000000000e+02,5.724634482758620635e+01,1.069800000000000000e+04,3.772685927263325993e+03
5.250000000000000000e+02,5.728137931034482477e+01,1.077000000000000000e+04,3.714193132168206830e+03
5.260000000000000000e+02,5.731641379310344320e+01,1.067400000000000000e+04,3.786939593459608659e+03
5.270000000000000000e+02,5.735144827586206162e+01,1.068200000000000000e+04,4.084869714003298213e+03
5.280000000000000000e+02,5.738648275862068715e+01,1.070600000000000000e+04,3.807708694307144924e+03
5.290000000000000000e+02,5.742151724137930557e+01,1.061800000000000000e+04,4.245722836344113603e+03
5.300000000000000000e+02,5.745655172413793110e+01,1.070600000000000000e+04,3.865516388841823300e+03
5.310000000000000000e+02,5.749158620689654242e+01,1.081000000000000000e+04,4.363061633506057660e+03
5.320000000000000000e+02,5.752662068965516795e+01,1.083400000000000000e+04,4.078404339348125632e+03
5.330000000000000000e+02,5.756165517241378637e+01,1.077000000000000000e+04,4.131692439995204040e+03
5.340000000000000000e+02,5.759668965517241190e+01,1.076200000000000000e+04,3.990891879820681424e+03
5.350000000000000000e+02,5.763172413793103743e+01,1.073000000000000000e+04,4.341955067960278939e+03
5.360000000000000000e+02,5.766675862068964875e+01,1.069000000000000000e+04,4.055375555325132609e+03
5.370000000000000000e+02,5.770179310344826717e+01,1.072200000000000000e+04,3.963694844363225002e+03
5.380000000000000000e+02,5.773682758620689270e+01,1.080200000000000000e+04,4.244740074450652173e+03
5.390000000000000000e+02,5.777186206896551823e+01,1.068200000000000000e+04,4.107676189990384046e+03
5.400000000000000000e+02,5.780689655172413666e+01,1.057800000000000000e+04,4.306413679204853906e+03
5.410000000000000000e+02,5.784193103448274798e+01,1.063400000000000000e+04,4.043885402420801711e+03
5.420000000000000000e+02,5.787696551724137350e+01,1.058600000000000000e+04,4.239813751203286301e+03
5.430000000000000000e+02,5.791199999999999903e+01,1.056200000000000000e+04,4.199350923575301749e+03
5.440000000000000000e+02,5.794703448275861746e+01,1.058600000000000000e+04,4.149791584500297176e+03
5.450000000000000000e+02,5.798206896551724299e+01,1.046600000000000000e+04,4.111924049063186430e+03
5.460000000000000000e+02,5.801710344827585430e+01,1.045000000000000000e+04,4.100170669793329580e+03
5.470000000000000000e+02,5.805213793103447983e+01,1.055400000000000000e+04,4.114502213717148152e+03
5.480000000000000000e+02,5.808717241379309826e+01,1.035400000000000000e+04,4.176479411485501259e+03
5.490000000000000000e+02,5.812220689655172379e+01,1.029800000000000000e+04,3.645157431423383969e+03
5.500000000000000000e+02,5.815724137931034221e+01,1.033800000000000000e+04,3.835380431086466615e+03
5.510000000000000000e+02,5.819227586206896063e+01,1.031400000000000000e+04,3.217820858553835023e+03
5.520000000000000000e+02,5.822731034482757906e+01,1.031400000000000000e+04,3.622663605638061199e+03
5.530000000000000000e+02,5.826234482758620459e+01,1.029000000000000000e+04,3.487804866069349828e+03
5.540000000000000000e+02,5.829737931034482301e+01,1.033800000000000000e+04,3.881389111385641627e+03
5.550000000000000000e+02,5.833241379310344854e+01,1.038600000000000000e+04,3.904237550262678269e+03
5.560000000000000000e+02,5.836744827586205986e+01,1.024200000000000000e+04,3.524235927457504658e+03
5.570000000000000000e+02,5.840248275862068539e+01,1.030600000000000000e+04,3.818651033962139081e+03
5.580000000000000000e+02,5.843751724137930381e+01,1.031400000000000000e+04,3.387859978854234214e+03
5.590000000000000000e+02,5.847255172413792934e+01,1.029800000000000000e+04,3.505031478165619319e+03
5.600000000000000000e+02,5.850758620689655487e+01,1.037800000000000000e+04,3.520142978141792355e+03
5.610000000000000000e+02,5.854262068965516619e+01,1.033000000000000000e+04,3.865788145141347741e+03
5.620000000000000000e+02,5.857765517241378461e+01,1.020200000000000000e+04,3.505118239398464539e+03
5.630000000000000000e+02,5.861268965517241014e+01,1.023400000000000000e+04,3.464661877222776184e+03
5.640000000000000000e+02,5.864772413793103567e+01,1.033000000000000000e+04,3.821775483599178187e+03
5.650000000000000000e+02,5.868275862068965409e+01,1.011400000000000000e+04,3.676502230388271528e+03
5.660000000000000000e+02,5.871779310344826541e+01,1.021800000000000000e+04,3.681440916318321797e+03
5.670000000000000000e+02,5.875282758620689094e+01,1.022600000000000000e+04,3.961151057762444907e+03
5.680000000000000000e+02,5.878786206896551647e+01,1.013000000000000000e+04,3.852274517395525436e+03
5.690000000000000000e+02,5.882289655172413489e+01,1.014600000000000000e+04,3.516396257817078094e+03
5.700000000000000000e+02,5.885793103448276042e+01,1.013000000000000000e+04,3.772453769571828161e+03
5.710000000000000000e+02,5.889296551724137174e+01,1.016200000000000000e+04,3.747173489164767034e+03
5.720000000000000000e+02,5.892799999999999727e+01,1.007400000000000000e+04,4.087463258790070086e+03
5.730000000000000000e+02,5.896303448275861570e+01,1.014600000000000000e+04,3.767451518625716290e+03
5.740000000000000000e+02,5.899806896551724122e+01,1.021000000000000000e+04,3.813002173183714149e+03
5.750000000000000000e+02,5.903310344827585965e+01,1.032200000000000000e+04,3.631069586602321579e+03
5.760000000000000000e+02,5.906813793103447807e+01,1.024200000000000000e+04,4.118023119335195588e+03
5.770000000000000000e+02,5.910317241379309650e+01,1.009000000000000000e+04,3.718749658946150248e+03
5.780000000000000000e+02,5.913820689655172202e+01,1.020200000000000000e+04,3.922807723227515453e+03
5.790000000000000000e+02,5.917324137931034045e+01,1.019400000000000000e+04,3.908894346402450083e+03
5.800000000000000000e+02,5.920827586206896598e+01,1.013800000000000000e+04,3.765869489923522906e+03
5.810000000000000000e+02,5.924331034482757730e+01,1.007400000000000000e+04,4.035632365537724127e+03
5.820000000000000000e+02,5.927834482758620283e+01,1.013800000000000000e+04,3.908037026927220722e+03
5.830000000000000000e+02,5.931337931034482125e+01,1.008200000000000000e+04,3.972707726418267157e+03
5.840000000000000000e+02,5.934841379310344678e+01,1.011400000000000000e+04,4.282851600368534491e+03
5.850000000000000000e+02,5.938344827586207231e+01,9.962000000000000000e+03,4.065881278224342623e+03
5.860000000000000000e+02,5.941848275862068363e+01,9.930000000000000000e+03,4.572310458292128715e+03
5.870000000000000000e+02,5.945351724137930205e+01,9.874000000000000000e+03,4.214127407360626421e+03
5.880000000000000000e+02,5.948855172413792758e+01,1.011400000000000000e+04,4.356511734293266272e+03
5.890000000000000000e+02,5.952358620689655311e+01,9.986000000000000000e+03,4.121151466680708836e+03
5.900000000000000000e+02,5.955862068965517153e+01,9.986000000000000000e+03,4.498608487101598257e+03
5.910000000000000000e+02,5.959365517241378285e+01,1.005800000000000000e+04,4.589730721965388511e+03
5.920000000000000000e+02,5.962868965517240838e+01,9.970000000000000000e+03,4.205762536604959678e+03
5.930000000000000000e+02,5.966372413793103391e+01,1.006600000000000000e+04,4.344389157334991978e+03
5.940000000000000000e+02,5.969875862068965233e+01,9.938000000000000000e+03,4.068693829118875328e+03
5.950000000000000000e+02,5.973379310344827786e+01,1.011400000000000000e+04,4.038289870936435364e+03
5.960000000000000000e+02,5.976882758620688918e+01,1.001000000000000000e+04,4.569224332163594227e+03
5.970000000000000000e+02,5.980386206896551471e+01,1.008200000000000000e+04,4.035918367922233756e+03
5.980000000000000000e+02,5.983889655172413313e+01,1.009800000000000000e+04,4.322676302947441400e+03
5.990000000000000000e+02,5.987393103448275866e+01,1.009800000000000000e+04,4.130323507746456016e+03
6.000000000000000000e+02,5.990896551724137709e+01,1.017800000000000000e+04,4.274367612225439188e+03
6.010000000000000000e+02,5.994399999999999551e+01,1.021000000000000000e+04,4.103155495881687784e+03
6.020000000000000000e+02,5.997903448275861393e+01,1.021000000000000000e+04,4.326135668560285922e+03
6.030000000000000000e+02,6.001406896551723946e+01,1.006600000000000000e+04,4.257396803922600157e+03
6.040000000000000000e+02,6.004910344827585789e+01,1.005000000000000000e+04,3.821393130503413886e+03
6.050000000000000000e+02,6.008413793103448342e+01,1.011400000000000000e+04,3.675822410350463542e+03
6.060000000000000000e+02,6.011917241379309473e+01,1.008200000000000000e+04,3.760113872492558130e+03
6.070000000000000000e+02,6.015420689655172026e+01,1.005000000000000000e+04,3.678598832405652502e+03
6.080000000000000000e+02,6.018924137931033869e+01,9.978000000000000000e+03,3.711993976614105122e+03
6.090000000000000000e+02,6.022427586206896422e+01,1.000200000000000000e+04,4.004309000180594467e+03
6.100000000000000000e+02,6.025931034482758974e+01,9.986000000000000000e+03,3.785502498765460587e+03
6.110000000000000000e+02,6.029434482758620106e+01,9.938000000000000000e+03,3.848817833847476322e+03
6.120000000000000000e+02,6.032937931034481949e+01,9.898000000000000000e+03,3.942206302917206813e+03
6.130000000000000000e+02,6.036441379310344502e+01,9.970000000000000000e+03,4.077242817698724139e+03
6.140000000000000000e+02,6.039944827586206344e+01,9.978000000000000000e+03,4.105449474319796536e+03
6.150000000000000000e+02,6.043448275862068897e+01,9.970000000000000000e+03,3.648492407929953970e+03
6.160000000000000000e+02,6.046951724137930029e+01,9.994000000000000000e+03,3.976564879696969456e+03
6.170000000000000000e+02,6.050455172413792582e+01,1.003400000000000000e+04,3.892447374519422283e+03
6.180000000000000000e+02,6.053958620689654424e+01,9.978000000000000000e+03,3.730880195078881570e+03
6.190000000000000000e+02,6.057462068965516977e+01,9.858000000000000000e+03,3.678733410846128663e+03
6.200000000000000000e+02,6.060965517241379530e+01,9.826000000000000000e+03,3.996538157783748829e+03
6.210000000000000000e+02,6.064468965517240662e+01,9.914000000000000000e+03,3.771109938653067729e+03
6.220000000000000000e+02,6.067972413793102504e+01,9.922000000000000000e+03,3.929586698817246997e+03
6.230000000000000000e+02,6.071475862068965057e+01,9.874000000000000000e+03,4.183030246309548602e+03
6.240000000000000000e+02,6.074979310344827610e+01,9.938000000000000000e+03,3.635361695726785456e+03
6.250000000000000000e+02,6.078482758620689452e+01,9.834000000000000000e+03,3.870641604660407666e+03
6.260000000000000000e+02,6.081986206896550584e+01,9.874000000000000000e+03,4.005317679324089113e+03
6.270000000000000000e+02,6.085489655172413137e+01,9.834000000000000000e+03,3.711150588324125238e+03
6.280000000000000000e+02,6.088993103448275690e+01,9.850000000000000000e+03,4.163097480037736204e+03
6.290000000000000000e+02,6.092496551724137532e+01,9.834000000000000000e+03,3.809146628268546010e+03
6.300000000000000000e+02,6.096000000000000085e+01,9.834000000000000000e+03,4.100204567281385607e+03
6.310000000000000000e+02,6.099503448275861217e+01,9.810000000000000000e+03,3.643140036591353237e+03
6.320000000000000000e+02,6.103006896551723770e+01,9.802000000000000000e+03,4.062686804417036001e+03
6.330000000000000000e+02,6.106510344827585612e+01,9.850000000000000000e+03,3.934613286932456504e+03
6.340000000000000000e+02,6.110013793103448165e+01,9.650000000000000000e+03,3.784807613034457518e+03
6.350000000000000000e+02,6.113517241379310008e+01,9.698000000000000000e+03,3.674149617179564302e+03
6.360000000000000000e+02,6.117020689655171850e+01,9.786000000000000000e+03,3.814612199374571446e+03
6.370000000000000000e+02,6.120524137931033692e+01,9.690000000000000000e+03,3.420769046946331400e+03
6.380000000000000000e+02,6.124027586206896245e+01,9.682000000000000000e+03,3.519993103747604891e+03
6.390000000000000000e+02,6.127531034482758088e+01,9.658000000000000000e+03,3.860843015084180934e+03
6.400000000000000000e+02,6.131034482758620641e+01,9.722000000000000000e+03,3.522780315017250359e+03
6.410000000000000000e+02,6.134537931034481772e+01,9.682000000000000000e+03,3.888918466797487781e+03
6.420000000000000000e+02,6.138041379310344325e+01,9.666000000000000000e+03,3.571437143770225248e+03
6.430000000000000000e+02,6.141544827586206168e+01,9.690000000000000000e+03,3.687589457473025504e+03
6.440000000000000000e+02,6.145048275862068721e+01,9.682000000000000000e+03,3.425033714544252689e+03
6.450000000000000000e+02,6.148551724137931274e+01,9.778000000000000000e+03,3.782330537892763459e+03
6.460000000000000000e+02,6.152055172413792405e+01,9.778000000000000000e+03,3.574747149344090758e+03
6.470000000000000000e+02,6.155558620689654248e+01,9.762000000000000000e+03,3.280522136237709219e+03
6.480000000000000000e+02,6.159062068965516801e+01,9.722000000000000000e+03,3.128097809293239607e+03
6.490000000000000000e+02,6.162565517241379354e+01,9.666000000000000000e+03,2.781083399029747397e+03
6.500000000000000000e+02,6.166068965517241196e+01,9.666000000000000000e+03,3.029943489193239657e+03
6.510000000000000000e+02,6.169572413793102328e+01,9.682000000000000000e+03,3.134787135484009468e+03
6.520000000000000000e+02,6.173075862068964881e+01,9.682000000000000000e+03,2.874246986185080914e+03
6.530000000000000000e+02,6.176579310344827434e+01,9.770000000000000000e+03,2.997425355497910914e+03
6.540000000000000000e+02,6.180082758620689276e+01,9.658000000000000000e+03,2.570879064466091222e+03
6.550000000000000000e+02,6.183586206896551829e+01,9.682000000000000000e+03,2.686907239611851764e+03
6.560000000000000000e+02,6.187089655172412961e+01,9.626000000000000000e+03,2.523080983246730284e+03
6.570000000000000000e+02,6.190593103448275514e+01,9.610000000000000000e+03,2.702028274378935748e+03
6.580000000000000000e+02,6.194096551724137356e+01,9.586000000000000000e+03,2.241512694027343969e+03
6.590000000000000000e+02,6.197599999999999909e+01,9.538000000000000000e+03,2.199955176761278381e+03
6.600000000000000000e+02,6.201103448275861751e+01,9.650000000000000000e+03,2.425096973875216463e+03
6.610000000000000000e+02,6.204606896551723594e+01,9.658000000000000000e+03,2.194738482250118977e+03
6.620000000000000000e+02,6.208110344827585436e+01,9.530000000000000000e+03,2.063384354496805372e+03
6.630000000000000000e+02,6.211613793103447989e+01,9.538000000000000000e+03,2.064330056212469572e+03
6.640000000000000000e+02,6.215117241379309831e+01,9.578000000000000000e+03,2.027979930502815705e+03
6.650000000000000000e+02,6.218620689655172384e+01,9.522000000000000000e+03,1.962561996431710668e+03
6.660000000000000000e+02,6.222124137931033516e+01,9.482000000000000000e+03,1.940478070670883881e+03
6.670000000000000000e+02,6.225627586206896069e+01,9.522000000000000000e+03,1.956826871728160540e+03
6.680000000000000000e+02,6.229131034482757912e+01,9.522000000000000000e+03,2.044578438140366188e+03
6.690000000000000000e+02,6.232634482758620464e+01,9.530000000000000000e+03,1.792394211408281308e+03
6.700000000000000000e+02,6.236137931034483017e+01,9.570000000000000000e+03,1.886623190895645621e+03
6.710000000000000000e+02,6.239641379310344149e+01,9.418000000000000000e+03,1.876914259966841655e+03
6.720000000000000000e+02,6.243144827586205992e+01,9.426000000000000000e+03,1.945798538750466605e+03
6.730000000000000000e+02,6.246648275862068544e+01,9.306000000000000000e+03,1.870293808111900489e+03
6.740000000000000000e+02,6.250151724137931097e+01,9.442000000000000000e+03,2.014393982049009310e+03
6.750000000000000000e+02,6.253655172413792940e+01,9.402000000000000000e+03,1.973665901260648525e+03
6.760000000000000000e+02,6.257158620689654072e+01,9.442000000000000000e+03,1.907228266720890360e+03
6.770000000000000000e+02,6.260662068965516625e+01,9.426000000000000000e+03,1.747299858439109585e+03
6.780000000000000000e+02,6.264165517241379177e+01,9.442000000000000000e+03,1.768780132063312976e+03
6.790000000000000000e+02,6.267668965517241020e+01,9.442000000000000000e+03,1.838003620009748602e+03
6.800000000000000000e+02,6.271172413793103573e+01,9.506000000000000000e+03,1.782204018293818990e+03
6.810000000000000000e+02,6.274675862068964705e+01,9.490000000000000000e+03,1.718944733723812078e+03
6.820000000000000000e+02,6.278179310344827257e+01,9.450000000000000000e+03,1.828742707389056704e+03
6.830000000000000000e+02,6.281682758620689100e+01,9.434000000000000000e+03,1.801131888511167062e+03
6.840000000000000000e+02,6.285186206896551653e+01,9.402000000000000000e+03,1.824120679916757126e+03
6.850000000000000000e+02,6.288689655172413495e+01,9.458000000000000000e+03,1.734380868713870996e+03
6.860000000000000000e+02,6.292193103448275338e+01,9.354000000000000000e+03,1.755948738906279004e+03
6.870000000000000000e+02,6.295696551724137180e+01,9.506000000000000000e+03,1.778505697952430864e+03
6.880000000000000000e+02,6.299199999999999733e+01,9.386000000000000000e+03,1.852463961433656323e+03
6.890000000000000000e+02,6.302703448275861575e+01,9.402000000000000000e+03,1.785963101127598293e+03
6.900000000000000000e+02,6.306206896551724128e+01,9.282000000000000000e+03,1.830479218274292862e+03
6.910000000000000000e+02,6.309710344827585260e+01,9.386000000000000000e+03,1.826291553188479384e+03
6.920000000000000000e+02,6.313213793103447813e+01,9.378000000000000000e+03,1.755468827834662534e+03
6.930000000000000000e+02,6.316717241379309655e+01,9.370000000000000000e+03,1.736723191780288516e+03
6.940000000000000000e+02,6.320220689655172208e+01,9.282000000000000000e+03,1.669225912850180748e+03
6.950000000000000000e+02,6.323724137931034761e+01,9.290000000000000000e+03,1.724163438100013309e+03
6.960000000000000000e+02,6.327227586206895893e+01,9.370000000000000000e+03,1.675313656400084483e+03
6.970000000000000000e+02,6.330731034482757735e+01,9.250000000000000000e+03,1.759904303974410823e+03
6.980000000000000000e+02,6.334234482758620288e+01,9.330000000000000000e+03,1.798884419279843542e+03
6.990000000000000000e+02,6.337737931034482841e+01,9.298000000000000000e+03,1.742073945367666056e+03
7.000000000000000000e+02,6.341241379310344684e+01,9.370000000000000000e+03,1.869590449942586929e+03
7.010000000000000000e+02,6.344744827586205815e+01,9.346000000000000000e+03,1.782902745067951400e+03
7.020000000000000000e+02,6.348248275862068368e+01,9.394000000000000000e+03,1.736961531185694184e+03
7.030000000000000000e+02,6.351751724137930921e+01,9.362000000000000000e+03,1.878920268132040519e+03
7.040000000000000000e+02,6.355255172413792764e+01,9.434000000000000000e+03,1.787785032805395076e+03
7.050000000000000000e+02,6.358758620689655316e+01,9.290000000000000000e+03,1.952874053705804272e+03
7.060000000000000000e+02,6.362262068965516448e+01,9.298000000000000000e+03,1.883643606627953204e+03
7.070000000000000000e+02,6.365765517241379001e+01,9.330000000000000000e+03,1.920536493995432011e+03
7.080000000000000000e+02,6.369268965517240844e+01,9.226000000000000000e+03,1.928068251923840080e+03
7.090000000000000000e+02,6.372772413793103397e+01,9.274000000000000000e+03,1.812460302797451050e+03
7.100000000000000000e+02,6.376275862068965239e+01,9.258000000000000000e+03,1.886118691069135821e+03
7.110000000000000000e+02,6.379779310344827081e+01,9.282000000000000000e+03,1.852689110678264115e+03
7.120000000000000000e+02,6.383282758620688924e+01,9.378000000000000000e+03,1.837921390582082950e+03
7.130000000000000000e+02,6.386786206896551477e+01,9.314000000000000000e+03,1.838314041631522514e+03
7.140000000000000000e+02,6.390289655172413319e+01,9.330000000000000000e+03,1.928875105794551018e+03
7.150000000000000000e+02,6.393793103448275872e+01,9.202000000000000000e+03,1.976903020180814110e+03
7.160000000000000000e+02,6.397296551724137004e+01,9.314000000000000000e+03,1.831900029245990936e+03
7.170000000000000000e+02,6.400799999999999557e+01,9.218000000000000000e+03,1.890773723563876956e+03
7.180000000000000000e+02,6.404303448275861399e+01,9.186000000000000000e+03,1.801209229992290375e+03
7.190000000000000000e+02,6.407806896551723241e+01,9.234000000000000000e+03,1.798119977301695144e+03
7.200000000000000000e+02,6.411310344827586505e+01,9.258000000000000000e+03,1.912660339354966709e+03
7.210000000000000000e+02,6.414813793103446926e+01,9.226000000000000000e+03,2.060472275522682594e+03
7.220000000000000000e+02,6.418317241379310190e+01,9.170000000000000000e+03,2.065311328746297022e+03
7.230000000000000000e+02,6.421820689655172032e+01,9.202000000000000000e+03,2.016021456244764522e+03
7.240000000000000000e+02,6.425324137931033874e+01,9.282000000000000000e+03,2.121918977702838220e+03
7.250000000000000000e+02,6.428827586206897138e+01,9.162000000000000000e+03,2.061896594862405891e+03
7.260000000000000000e+02,6.432331034482757559e+01,9.266000000000000000e+03,1.956947533129208296e+03
7.270000000000000000e+02,6.435834482758619401e+01,9.258000000000000000e+03,2.123474154910271864e+03
7.280000000000000000e+02,6.439337931034482665e+01,9.170000000000000000e+03,2.089338913971990678e+03
7.290000000000000000e+02,6.442841379310344507e+01,9.234000000000000000e+03,2.119849541121987386e+03
7.300000000000000000e+02,6.446344827586206350e+01,9.282000000000000000e+03,1.993809835700091298e+03
7.310000000000000000e+02,6.449848275862068192e+01,9.170000000000000000e+03,1.980064860577994523e+03
7.320000000000000000e+02,6.453351724137930034e+01,9.154000000000000000e+03,1.887581958571077621e+03
7.330000000000000000e+02,6.456855172413793298e+01,9.154000000000000000e+03,1.963108357680700919e+03
7.340000000000000000e+02,6.460358620689655140e+01,9.234000000000000000e+03,1.900782095437150474e+03
7.350000000000000000e+02,6.463862068965516983e+01,9.290000000000000000e+03,1.805610772084641212e+03
7.360000000000000000e+02,6.467365517241378825e+01,9.226000000000000000e+03,1.750820661421408431e+03
7.370000000000000000e+02,6.470868965517240667e+01,9.266000000000000000e+03,1.732536371313791506e+03
7.380000000000000000e+02,6.474372413793102510e+01,9.178000000000000000e+03,1.762366555421179783e+03
7.390000000000000000e+02,6.477875862068965773e+01,9.162000000000000000e+03,1.785571032389043694e+03
7.400000000000000000e+02,6.481379310344827616e+01,9.186000000000000000e+03,1.787339927747813135e+03
7.410000000000000000e+02,6.484882758620689458e+01,9.186000000000000000e+03,1.763233804738672688e+03
7.420000000000000000e+02,6.488386206896551300e+01,9.250000000000000000e+03,1.796279779703336999e+03
7.430000000000000000e+02,6.491889655172413143e+01,9.098000000000000000e+03,1.745984354447772148e+03
7.440000000000000000e+02,6.495393103448274985e+01,9.186000000000000000e+03,1.738935512846316897e+03
7.450000000000000000e+02,6.498896551724138249e+01,9.122000000000000000e+03,1.861918115348819583e+03
7.460000000000000000e+02,6.502399999999998670e+01,9.234000000000000000e+03,1.862819552133638126e+03
7.470000000000000000e+02,6.505903448275861933e+01,9.122000000000000000e+03,1.785573416541760707e+03
7.480000000000000000e+02,6.509406896551723776e+01,9.162000000000000000e+03,1.788888485970628835e+03
7.490000000000000000e+02,6.512910344827585618e+01,9.170000000000000000e+03,1.806867749020728525e+03
7.500000000000000000e+02,6.516413793103448882e+01,9.178000000000000000e+03,1.902496766982441159e+03
7.510000000000000000e+02,6.519917241379309303e+01,9.130000000000000000e+03,1.935846837764897828e+03
7.520000000000000000e+02,6.523420689655171145e+01,9.130000000000000000e+03,1.755135940330898848e+03
7.530000000000000000e+02,6.526924137931034409e+01,9.122000000000000000e+03,1.731823230789224453e+03
7.540000000000000000e+02,6.530427586206896251e+01,9.170000000000000000e+03,1.641756961977394212e+03
7.550000000000000000e+02,6.533931034482758093e+01,9.122000000000000000e+03,1.652280087912653016e+03
7.560000000000000000e+02,6.537434482758619936e+01,9.106000000000000000e+03,1.617549179138147792e+03
7.570000000000000000e+02,6.540937931034481778e+01,9.138000000000000000e+03,1.773110773062807539e+03
7.580000000000000000e+02,6.544441379310345042e+01,9.106000000000000000e+03,1.798173574464604371e+03
7.590000000000000000e+02,6.547944827586206884e+01,9.122000000000000000e+03,1.749631489429443945e+03
7.600000000000000000e+02,6.551448275862068726e+01,9.138000000000000000e+03,1.836134113025655552e+03
7.610000000000000000e+02,6.554951724137930569e+01,9.130000000000000000e+03,1.800646566972757682e+03
7.620000000000000000e+02,6.558455172413792411e+01,9.114000000000000000e+03,1.723985003279530702e+03
7.630000000000000000e+02,6.561958620689654254e+01,9.018000000000000000e+03,1.935603913691339585e+03
7.640000000000000000e+02,6.565462068965517517e+01,9.050000000000000000e+03,1.893259353633099863e+03
7.650000000000000000e+02,6.568965517241379359e+01,9.106000000000000000e+03,1.870992958402902332e+03
7.660000000000000000e+02,6.572468965517241202e+01,9.098000000000000000e+03,1.964595926543418273e+03
7.670000000000000000e+02,6.575972413793103044e+01,9.194000000000000000e+03,1.939068782604725129e+03
7.680000000000000000e+02,6.579475862068964886e+01,9.194000000000000000e+03,1.861099719666956844e+03
7.690000000000000000e+02,6.582979310344826729e+01,9.154000000000000000e+03,1.882700850151123404e+03
7.700000000000000000e+02,6.586482758620689992e+01,9.154000000000000000e+03,1.811968230865814121e+03
7.710000000000000000e+02,6.589986206896550414e+01,9.114000000000000000e+03,1.896945521082362347e+03
7.720000000000000000e+02,6.593489655172413677e+01,9.106000000000000000e+03,1.909567343625958074e+03
7.730000000000000000e+02,6.596993103448275519e+01,9.042000000000000000e+03,1.910221239777192295e+03
7.740000000000000000e+02,6.600496551724137362e+01,9.186000000000000000e+03,1.849790572551353762e+03
7.750000000000000000e+02,6.604000000000000625e+01,9.090000000000000000e+03,2.086783494891968985e+03
7.760000000000000000e+02,6.607503448275861047e+01,9.082000000000000000e+03,2.175606496542331570e+03
7.770000000000000000e+02,6.611006896551722889e+01,9.042000000000000000e+03,2.036535656303024098e+03
7.780000000000000000e+02,6.614510344827586152e+01,9.042000000000000000e+03,2.125032529748426441e+03
7.790000000000000000e+02,6.618013793103447995e+01,9.122000000000000000e+03,2.072119232457103408e+03
7.800000000000000000e+02,6.621517241379309837e+01,9.106000000000000000e+03,2.001892643715679469e+03
7.810000000000000000e+02,6.625020689655171680e+01,9.250000000000000000e+03,1.936702660469690954e+03
7.820000000000000000e+02,6.628524137931033522e+01,9.170000000000000000e+03,2.057313009847507601e+03
7.830000000000000000e+02,6.632027586206896785e+01,9.130000000000000000e+03,2.090738002773737207e+03
7.840000000000000000e+02,6.635531034482758628e+01,9.082000000000000000e+03,2.035257816773772220e+03
7.850000000000000000e+02,6.639034482758620470e+01,9.090000000000000000e+03,2.037121542718716000e+03
7.860000000000000000e+02,6.642537931034482312e+01,9.138000000000000000e+03,1.947652888673271946e+03
7.870000000000000000e+02,6.646041379310344155e+01,9.138000000000000000e+03,2.033609265649924737e+03
7.880000000000000000e+02,6.649544827586205997e+01,9.154000000000000000e+03,2.083568994165709228e+03
7.890000000000000000e+02,6.653048275862069261e+01,9.138000000000000000e+03,2.150843284969536853e+03
7.900000000000000000e+02,6.656551724137931103e+01,9.042000000000000000e+03,2.120625347302075170e+03
7.910000000000000000e+02,6.660055172413792945e+01,9.178000000000000000e+03,2.179791130955066365e+03
7.920000000000000000e+02,6.663558620689654788e+01,9.090000000000000000e+03,2.112256509112929507e+03
7.930000000000000000e+02,6.667062068965516630e+01,9.098000000000000000e+03,2.104343127908705355e+03
7.940000000000000000e+02,6.670565517241378473e+01,9.122000000000000000e+03,2.017909158036685085e+03
7.950000000000000000e+02,6.674068965517241736e+01,9.130000000000000000e+03,1.970176925846107451e+03
7.960000000000000000e+02,6.677572413793102157e+01,8.978000000000000000e+03,2.082497074767431059e+03
7.970000000000000000e+02,6.681075862068965421e+01,9.114000000000000000e+03,1.961064348920273915e+03
7.980000000000000000e+02,6.684579310344827263e+01,8.978000000000000000e+03,1.995027683534579182e+03
7.990000000000000000e+02,6.688082758620689106e+01,8.978000000000000000e+03,2.106037671868678899e+03
8.000000000000000000e+02,6.691586206896552369e+01,9.114000000000000000e+03,2.097538929095893764e+03
8.010000000000000000e+02,6.695089655172412790e+01,9.050000000000000000e+03,2.051037065170471578e+03
8.020000000000000000e+02,6.698593103448274633e+01,8.930000000000000000e+03,1.988341499109949609e+03
8.030000000000000000e+02,6.702096551724137896e+01,8.978000000000000000e+03,1.896860980166878107e+03
8.040000000000000000e+02,6.705599999999999739e+01,8.978000000000000000e+03,1.950190754923059558e+03
8.050000000000000000e+02,6.709103448275861581e+01,8.946000000000000000e+03,1.842527953369899478e+03
8.060000000000000000e+02,6.712606896551723423e+01,8.946000000000000000e+03,1.903573087139178597e+03
8.070000000000000000e+02,6.716110344827585266e+01,8.994000000000000000e+03,1.914263530582280509e+03
8.080000000000000000e+02,6.719613793103448529e+01,8.970000000000000000e+03,2.027246520134058756e+03
8.090000000000000000e+02,6.723117241379310371e+01,8.930000000000000000e+03,1.983826745651748979e+03
8.100000000000000000e+02,6.726620689655172214e+01,8.914000000000000000e+03,1.921557070616812325e+03
8.110000000000000000e+02,6.730124137931034056e+01,8.922000000000000000e+03,1.955956962230126010e+03
8.120000000000000000e+02,6.733627586206895899e+01,9.010000000000000000e+03,1.918231615133688138e+03
8.130000000000000000e+02,6.737131034482757741e+01,9.074000000000000000e+03,1.812398747974989192e+03
8.140000000000000000e+02,6.740634482758621004e+01,8.954000000000000000e+03,1.910373108861709625e+03
8.150000000000000000e+02,6.744137931034482847e+01,8.922000000000000000e+03,1.931387144425624911e+03
8.160000000000000000e+02,6.747641379310344689e+01,8.970000000000000000e+03,1.851851348321225487e+03
8.170000000000000000e+02,6.751144827586206532e+01,8.906000000000000000e+03,1.824295157079715182e+03
8.180000000000000000e+02,6.754648275862068374e+01,8.978000000000000000e+03,1.918029571819952935e+03
8.190000000000000000e+02,6.758151724137930216e+01,8.930000000000000000e+03,1.850278541137273805e+03
8.200000000000000000e+02,6.761655172413793480e+01,8.914000000000000000e+03,1.786889342962427691e+03
8.210000000000000000e+02,6.765158620689653901e+01,8.914000000000000000e+03,1.856885633876071779e+03
8.220000000000000000e+02,6.768662068965517165e+01,8.994000000000000000e+03,1.948043541647969050e+03
8.230000000000000000e+02,6.772165517241379007e+01,8.930000000000000000e+03,1.862316771064862678e+03
8.240000000000000000e+02,6.775668965517240849e+01,8.914000000000000000e+03,1.917141845673904072e+03
8.250000000000000000e+02,6.779172413793104113e+01,8.914000000000000000e+03,1.871728508493720938e+03
8.260000000000000000e+02,6.782675862068964534e+01,8.938000000000000000e+03,1.888729685516391100e+03
8.270000000000000000e+02,6.786179310344826376e+01,8.890000000000000000e+03,1.860953092389379663e+03
8.280000000000000000e+02,6.789682758620689640e+01,8.882000000000000000e+03,1.850791836779795403e+03
8.290000000000000000e+02,6.793186206896551482e+01,8.946000000000000000e+03,1.773831040654464914e+03
8.300000000000000000e+02,6.796689655172413325e+01,8.986000000000000000e+03,1.802868885851169580e+03
8.310000000000000000e+02,6.800193103448275167e+01,9.074000000000000000e+03,1.729171949049921523e+03
8.320000000000000000e+02,6.803696551724137009e+01,8.930000000000000000e+03,1.727270407007687709e+03
8.330000000000000000e+02,6.807200000000000273e+01,8.994000000000000000e+03,1.856258055071767103e+03
8.340000000000000000e+02,6.810703448275862115e+01,8.978000000000000000e+03,1.849799981724224608e+03
8.350000000000000000e+02,6.814206896551723958e+01,8.994000000000000000e+03,1.870998848373550118e+03
8.360000000000000000e+02,6.817710344827585800e+01,9.042000000000000000e+03,1.899353752410781453e+03
8.370000000000000000e+02,6.821213793103447642e+01,9.010000000000000000e+03,1.924179535937433229e+03
8.380000000000000000e+02,6.824717241379309485e+01,9.010000000000000000e+03,1.864410653995686971e+03
8.390000000000000000e+02,6.828220689655172748e+01,8.946000000000000000e+03,1.793678559581023137e+03
8.400000000000000000e+02,6.831724137931034591e+01,8.954000000000000000e+03,1.839079803406658129e+03
8.410000000000000000e+02,6.835227586206896433e+01,9.074000000000000000e+03,1.837434044313263257e+03
8.420000000000000000e+02,6.838731034482758275e+01,9.010000000000000000e+03,1.953242486445255054e+03
8.430000000000000000e+02,6.842234482758620118e+01,8.914000000000000000e+03,2.056352334196961237e+03
8.440000000000000000e+02,6.845737931034481960e+01,9.106000000000000000e+03,1.870986265986656008e+03
8.450000000000000000e+02,6.849241379310345224e+01,9.010000000000000000e+03,1.897707619376317780e+03
8.460000000000000000e+02,6.852744827586205645e+01,9.042000000000000000e+03,1.936845634155954940e+03
8.470000000000000000e+02,6.856248275862068908e+01,9.010000000000000000e+03,1.862070410897079455e+03
8.480000000000000000e+02,6.859751724137930751e+01,8.986000000000000000e+03,1.925670980419325133e+03
8.490000000000000000e+02,6.863255172413792593e+01,8.962000000000000000e+03,1.984370006112476176e+03
8.500000000000000000e+02,6.866758620689655856e+01,8.906000000000000000e+03,1.882048465367791323e+03
8.510000000000000000e+02,6.870262068965516278e+01,9.074000000000000000e+03,1.939032922776437545e+03
8.520000000000000000e+02,6.873765517241378120e+01,9.058000000000000000e+03,2.028095854300873498e+03
8.530000000000000000e+02,6.877268965517241384e+01,8.954000000000000000e+03,2.149654256297057145e+03
8.540000000000000000e+02,6.880772413793103226e+01,8.938000000000000000e+03,2.122185193969461125e+03
8.550000000000000000e+02,6.884275862068965068e+01,8.946000000000000000e+03,2.065040849884019281e+03
8.560000000000000000e+02,6.887779310344826911e+01,9.034000000000000000e+03,2.042448210893214764e+03
8.570000000000000000e+02,6.891282758620688753e+01,8.962000000000000000e+03,2.029565391918665910e+03
8.580000000000000000e+02,6.894786206896552017e+01,8.962000000000000000e+03,1.953811726923291644e+03
8.590000000000000000e+02,6.898289655172413859e+01,8.994000000000000000e+03,2.021181169654476207e+03
8.600000000000000000e+02,6.901793103448275701e+01,9.058000000000000000e+03,1.924524803762183410e+03
8.610000000000000000e+02,6.905296551724137544e+01,9.026000000000000000e+03,1.919927381120996870e+03
8.620000000000000000e+02,6.908799999999999386e+01,8.866000000000000000e+03,2.073948745205724208e+03
8.630000000000000000e+02,6.912303448275861228e+01,9.026000000000000000e+03,1.966319831651772574e+03
8.640000000000000000e+02,6.915806896551724492e+01,8.954000000000000000e+03,2.048609609187982187e+03
8.650000000000000000e+02,6.919310344827586334e+01,8.994000000000000000e+03,1.956675889024528260e+03
8.660000000000000000e+02,6.922813793103448177e+01,9.002000000000000000e+03,2.013965757763761530e+03
8.670000000000000000e+02,6.926317241379310019e+01,9.042000000000000000e+03,1.956162002047085934e+03
8.680000000000000000e+02,6.929820689655171861e+01,8.986000000000000000e+03,1.950880024722374401e+03
8.690000000000000000e+02,6.933324137931033704e+01,9.042000000000000000e+03,2.010412591893644276e+03
8.700000000000000000e+02,6.936827586206896967e+01,9.026000000000000000e+03,1.988024894226580273e+03
8.710000000000000000e+02,6.940331034482757389e+01,8.962000000000000000e+03,2.046101531142093336e+03
8.720000000000000000e+02,6.943834482758620652e+01,9.058000000000000000e+03,1.995938614288225835e+03
8.730000000000000000e+02,6.947337931034482494e+01,9.002000000000000000e+03,1.968901507551196801e+03
8.740000000000000000e+02,6.950841379310344337e+01,8.994000000000000000e+03,1.910624195736984120e+03
8.750000000000000000e+02,6.954344827586207600e+01,8.994000000000000000e+03,1.918459204670187546e+03
8.760000000000000000e+02,6.957848275862068022e+01,9.074000000000000000e+03,1.865031379246584947e+03
8.770000000000000000e+02,6.961351724137929864e+01,8.930000000000000000e+03,1.829860388546551576e+03
8.780000000000000000e+02,6.964855172413793127e+01,9.018000000000000000e+03,1.864139391044589047e+03
8.790000000000000000e+02,6.968358620689654970e+01,9.018000000000000000e+03,1.850675084835557300e+03
8.800000000000000000e+02,6.971862068965516812e+01,9.042000000000000000e+03,1.869959733679287638e+03
8.810000000000000000e+02,6.975365517241378654e+01,9.154000000000000000e+03,1.905431954390564442e+03
8.820000000000000000e+02,6.978868965517240497e+01,9.042000000000000000e+03,1.975488537588172221e+03
8.830000000000000000e+02,6.982372413793102339e+01,8.986000000000000000e+03,2.018166132686243827e+03
8.840000000000000000e+02,6.985875862068965603e+01,9.050000000000000000e+03,1.930299764955269893e+03
8.850000000000000000e+02,6.989379310344827445e+01,9.050000000000000000e+03,1.948042764218660977e+03
8.860000000000000000e+02,6.992882758620689287e+01,8.994000000000000000e+03,1.986837431463854045e+03
8.870000000000000000e+02,6.996386206896551130e+01,8.994000000000000000e+03,2.044452799139400213e+03
8.880000000000000000e+02,6.999889655172412972e+01,9.074000000000000000e+03,2.017331482386965945e+03
8.890000000000000000e+02,7.003393103448276236e+01,8.954000000000000000e+03,2.024603017896478605e+03
8.900000000000000000e+02,7.006896551724138078e+01,8.954000000000000000e+03,2.016782941323810519e+03
8.910000000000000000e+02,7.010399999999998499e+01,8.970000000000000000e+03,1.949665398745947641e+03
8.920000000000000000e+02,7.013903448275861763e+01,9.042000000000000000e+03,2.041095715636456816e+03
8.930000000000000000e+02,7.017406896551723605e+01,9.026000000000000000e+03,1.983547819768866702e+03
8.940000000000000000e+02,7.020910344827585448e+01,9.058000000000000000e+03,1.995978987967615922e+03
8.950000000000000000e+02,7.024413793103448711e+01,8.882000000000000000e+03,2.032214481510845189e+03
8.960000000000000000e+02,7.027917241379309132e+01,9.098000000000000000e+03,1.997347634571389335e+03
8.970000000000000000e+02,7.031420689655172396e+01,8.970000000000000000e+03,1.947520911932022045e+03
8.980000000000000000e+02,7.034924137931034238e+01,9.010000000000000000e+03,1.951775794062599971e+03
8.990000000000000000e+02,7.038427586206896081e+01,8.986000000000000000e+03,1.975489915030731709e+03
9.000000000000000000e+02,7.041931034482757923e+01,9.042000000000000000e+03,2.036687632368842060e+03
9.010000000000000000e+02,7.045434482758619765e+01,9.010000000000000000e+03,1.991756056233032496e+03
9.020000000000000000e+02,7.048937931034481608e+01,9.058000000000000000e+03,2.001170292916580820e+03
9.030000000000000000e+02,7.052441379310344871e+01,8.962000000000000000e+03,1.978652433171823304e+03
9.040000000000000000e+02,7.055944827586206713e+01,8.986000000000000000e+03,1.926044672903489754e+03
9.050000000000000000e+02,7.059448275862068556e+01,9.106000000000000000e+03,1.889064601357043557e+03
9.060000000000000000e+02,7.062951724137930398e+01,9.050000000000000000e+03,1.932419277715675662e+03
9.070000000000000000e+02,7.066455172413792241e+01,9.058000000000000000e+03,1.965202269469060639e+03
9.080000000000000000e+02,7.069958620689654083e+01,9.042000000000000000e+03,1.941042658255417109e+03
9.090000000000000000e+02,7.073462068965517346e+01,9.002000000000000000e+03,1.884456170878547255e+03
9.100000000000000000e+02,7.076965517241379189e+01,8.994000000000000000e+03,1.983334300603279871e+03
9.110000000000000000e+02,7.080468965517241031e+01,8.978000000000000000e+03,1.925490699983508421e+03
9.120000000000000000e+02,7.083972413793102874e+01,9.082000000000000000e+03,1.944504008446037460e+03
9.130000000000000000e+02,7.087475862068964716e+01,9.026000000000000000e+03,1.905496688924802811e+03
9.140000000000000000e+02,7.090979310344827979e+01,9.058000000000000000e+03,1.965261786255926609e+03
9.150000000000000000e+02,7.094482758620689822e+01,8.986000000000000000e+03,1.933938398846445807e+03
9.160000000000000000e+02,7.097986206896550243e+01,9.010000000000000000e+03,1.981958000116037965e+03
9.170000000000000000e+02,7.101489655172413507e+01,9.042000000000000000e+03,1.909427290816415280e+03
9.180000000000000000e+02,7.104993103448275349e+01,8.986000000000000000e+03,1.900346337592876807e+03
9.190000000000000000e+02,7.108496551724137191e+01,8.986000000000000000e+03,1.884028940398337227e+03
9.200000000000000000e+02,7.112000000000000455e+01,9.042000000000000000e+03,1.965227624244764684e+03
9.210000000000000000e+02,7.115503448275860876e+01,8.970000000000000000e+03,1.872402014057226552e+03
9.220000000000000000e+02,7.119006896551724139e+01,8.994000000000000000e+03,1.938843504180698801e+03
9.230000000000000000e+02,7.122510344827585982e+01,9.162000000000000000e+03,1.972451327521977646e+03
9.240000000000000000e+02,7.126013793103447824e+01,9.002000000000000000e+03,1.936496196313300516e+03
9.250000000000000000e+02,7.129517241379309667e+01,9.010000000000000000e+03,2.095140761029334044e+03
9.260000000000000000e+02,7.133020689655171509e+01,9.098000000000000000e+03,2.032287582975950045e+03
9.270000000000000000e+02,7.136524137931033351e+01,8.906000000000000000e+03,1.929381100966274062e+03
9.280000000000000000e+02,7.140027586206896615e+01,9.002000000000000000e+03,1.979206229651492549e+03
9.290000000000000000e+02,7.143531034482758457e+01,9.082000000000000000e+03,2.022445705460247837e+03
9.300000000000000000e+02,7.147034482758620300e+01,8.946000000000000000e+03,2.094053485149262542e+03
9.310000000000000000e+02,7.150537931034482142e+01,8.986000000000000000e+03,2.093756587090493213e+03
9.320000000000000000e+02,7.154041379310343984e+01,9.074000000000000000e+03,2.060160471778392548e+03
9.330000000000000000e+02,7.157544827586205827e+01,9.018000000000000000e+03,2.091162177934561441e+03
9.340000000000000000e+02,7.161048275862069090e+01,9.074000000000000000e+03,1.929916182374326581e+03
9.350000000000000000e+02,7.164551724137930933e+01,8.962000000000000000e+03,1.954714762434569366e+03
9.360000000000000000e+02,7.168055172413792775e+01,9.026000000000000000e+03,2.002236184097020896e+03
9.370000000000000000e+02,7.171558620689654617e+01,8.978000000000000000e+03,1.979581286567665984e+03
9.380000000000000000e+02,7.175062068965516460e+01,9.026000000000000000e+03,2.010089606590280709e+03
9.390000000000000000e+02,7.178565517241379723e+01,9.090000000000000000e+03,2.004101149830650456e+03
9.400000000000000000e+02,7.182068965517241566e+01,9.106000000000000000e+03,2.041510827229389861e+03
9.410000000000000000e+02,7.185572413793101987e+01,9.010000000000000000e+03,1.999211437259344848e+03
9.420000000000000000e+02,7.189075862068965250e+01,9.066000000000000000e+03,1.993827669883163026e+03
9.430000000000000000e+02,7.192579310344827093e+01,9.058000000000000000e+03,2.053842294988833146e+03
9.440000000000000000e+02,7.196082758620688935e+01,9.114000000000000000e+03,2.095389282948986875e+03
9.450000000000000000e+02,7.199586206896552198e+01,9.098000000000000000e+03,2.105174014364215509e+03
9.460000000000000000e+02,7.203089655172412620e+01,9.050000000000000000e+03,1.998883061096875736e+03
9.470000000000000000e+02,7.206593103448275883e+01,9.050000000000000000e+03,1.988788485054094508e+03
9.480000000000000000e+02,7.210096551724137726e+01,8.986000000000000000e+03,2.008649465899746474e+03
9.490000000000000000e+02,7.213599999999999568e+01,8.946000000000000000e+03,2.100946513664031954e+03
9.500000000000000000e+02,7.217103448275861410e+01,9.010000000000000000e+03,1.992580732594258052e+03
9.510000000000000000e+02,7.220606896551723253e+01,9.050000000000000000e+03,2.026466702693908019e+03
9.520000000000000000e+02,7.224110344827585095e+01,9.042000000000000000e+03,2.067219787332019223e+03
9.530000000000000000e+02,7.227613793103448359e+01,8.986000000000000000e+03,1.979468274725039919e+03
9.540000000000000000e+02,7.231117241379310201e+01,9.090000000000000000e+03,1.954620247128583514e+03
9.550000000000000000e+02,7.234620689655172043e+01,9.090000000000000000e+03,1.931883504955837680e+03
9.560000000000000000e+02,7.238124137931033886e+01,8.978000000000000000e+03,2.023285788438808368e+03
9.570000000000000000e+02,7.241627586206895728e+01,8.946000000000000000e+03,2.099446984713649272e+03
9.580000000000000000e+02,7.245131034482757570e+01,9.042000000000000000e+03,1.958627805251918517e+03
9.590000000000000000e+02,7.248634482758620834e+01,9.114000000000000000e+03,1.992005866392580629e+03
9.600000000000000000e+02,7.252137931034482676e+01,9.138000000000000000e+03,2.018770623477945719e+03
9.610000000000000000e+02,7.255641379310344519e+01,9.090000000000000000e+03,1.978598017128789024e+03
9.620000000000000000e+02,7.259144827586206361e+01,9.090000000000000000e+03,1.989671921924389153e+03
9.630000000000000000e+02,7.262648275862068203e+01,8.930000000000000000e+03,1.978894313800063856e+03
9.640000000000000000e+02,7.266151724137931467e+01,9.130000000000000000e+03,1.999240145963191253e+03
9.650000000000000000e+02,7.269655172413793309e+01,9.050000000000000000e+03,2.075265441337171069e+03
9.660000000000000000e+02,7.273158620689653731e+01,9.058000000000000000e+03,2.023002903354425143e+03
9.670000000000000000e+02,7.276662068965516994e+01,9.018000000000000000e+03,2.001115947061032330e+03
9.680000000000000000e+02,7.280165517241378836e+01,9.018000000000000000e+03,1.995522863504000270e+03
9.690000000000000000e+02,7.283668965517240679e+01,9.034000000000000000e+03,2.109715511087953473e+03
9.700000000000000000e+02,7.287172413793103942e+01,9.186000000000000000e+03,2.061193023737442218e+03
9.710000000000000000e+02,7.290675862068964364e+01,9.106000000000000000e+03,2.072137129649852795e+03
9.720000000000000000e+02,7.294179310344827627e+01,9.074000000000000000e+03,2.114889854942287911e+03
9.730000000000000000e+02,7.297682758620689469e+01,9.122000000000000000e+03,2.031479428726198421e+03
9.740000000000000000e+02,7.301186206896551312e+01,9.114000000000000000e+03,2.129426892673451675e+03
9.750000000000000000e+02,7.304689655172413154e+01,9.122000000000000000e+03,1.931760835263783292e+03
9.760000000000000000e+02,7.308193103448274996e+01,9.066000000000000000e+03,1.990687896915128931e+03
9.770000000000000000e+02,7.311696551724136839e+01,9.074000000000000000e+03,2.061647744863847493e+03
9.780000000000000000e+02,7.315200000000000102e+01,9.106000000000000000e+03,2.067953672045683106e+03
9.790000000000000000e+02,7.318703448275861945e+01,9.258000000000000000e+03,2.139344140675828839e+03
9.800000000000000000e+02,7.322206896551723787e+01,9.098000000000000000e+03,2.070878049684154576e+03
9.810000000000000000e+02,7.325710344827585629e+01,9.050000000000000000e+03,2.166330689454744970e+03
9.820000000000000000e+02,7.329213793103447472e+01,9.146000000000000000e+03,2.074017871740559258e+03
9.830000000000000000e+02,7.332717241379309314e+01,9.210000000000000000e+03,2.145110853389148815e+03
9.840000000000000000e+02,7.336220689655172578e+01,9.250000000000000000e+03,2.049946206647825875e+03
9.850000000000000000e+02,7.339724137931034420e+01,9.122000000000000000e+03,2.095632865349394251e+03
9.860000000000000000e+02,7.343227586206896262e+01,9.122000000000000000e+03,2.051941980270943532e+03
9.870000000000000000e+02,7.346731034482758105e+01,9.154000000000000000e+03,2.046000742244428920e+03
9.880000000000000000e+02,7.350234482758619947e+01,9.138000000000000000e+03,2.124131251239682115e+03
9.890000000000000000e+02,7.353737931034483211e+01,9.178000000000000000e+03,2.162132961067144606e+03
9.900000000000000000e+02,7.357241379310345053e+01,9.130000000000000000e+03,2.145937319352532995e+03
9.910000000000000000e+02,7.360744827586205474e+01,9.202000000000000000e+03,2.180224659296067330e+03
9.920000000000000000e+02,7.364248275862068738e+01,9.226000000000000000e+03,2.236907526729084566e+03
9.930000000000000000e+02,7.367751724137930580e+01,9.146000000000000000e+03,2.297950032032025319e+03
9.940000000000000000e+02,7.371255172413792423e+01,9.234000000000000000e+03,2.280192284184076470e+03
9.950000000000000000e+02,7.374758620689655686e+01,9.186000000000000000e+03,2.344866603941725771e+03
9.960000000000000000e+02,7.378262068965516107e+01,9.218000000000000000e+03,2.242937542721649606e+03
9.970000000000000000e+02,7.381765517241379371e+01,9.266000000000000000e+03,2.194863041167455322e+03
9.980000000000000000e+02,7.385268965517241213e+01,9.234000000000000000e+03,2.296737342833778712e+03
9.990000000000000000e+02,7.388772413793103055e+01,9.274000000000000000e+03,2.225900421717134577e+03
1.000000000000000000e+03,7.392275862068964898e+01,9.226000000000000000e+03,2.187488902645657163e+03
1.001000000000000000e+03,7.395779310344826740e+01,9.226000000000000000e+03,2.253591908085181785e+03
1.002000000000000000e+03,7.399282758620688583e+01,9.362000000000000000e+03,2.213214118227873769e+03
1.003000000000000000e+03,7.402786206896551846e+01,9.282000000000000000e+03,2.234911748235484083e+03
1.004000000000000000e+03,7.406289655172413688e+01,9.298000000000000000e+03,2.234224965327927293e+03
1.005000000000000000e+03,7.409793103448275531e+01,9.298000000000000000e+03,2.196468150258934202e+03
1.006000000000000000e+03,7.413296551724137373e+01,9.266000000000000000e+03,2.250596115243818076e+03
1.007000000000000000e+03,7.416799999999999216e+01,9.290000000000000000e+03,2.245409568325866530e+03
1.008000000000000000e+03,7.420303448275861058e+01,9.314000000000000000e+03,2.251951808474599602e+03
1.009000000000000000e+03,7.423806896551724321e+01,9.370000000000000000e+03,2.191796139449667407e+03
1.010000000000000000e+03,7.427310344827586164e+01,9.338000000000000000e+03,2.118603104572585835e+03
1.011000000000000000e+03,7.430813793103448006e+01,9.298000000000000000e+03,2.336405084805216575e+03
