column,nominal_position_mm,green_median,green_std
0.000000000000000000e+00,7.672551724137930762e+01,5.867700000000000000e+04,1.638237086164195262e+03
1.000000000000000000e+00,7.676055172413792604e+01,5.876500000000000000e+04,1.627523635434273729e+03
2.000000000000000000e+00,7.679558620689654447e+01,5.858900000000000000e+04,1.702721764386695213e+03
3.000000000000000000e+00,7.683062068965516289e+01,5.894100000000000000e+04,1.627765504341552287e+03
4.000000000000000000e+00,7.686565517241379553e+01,5.854100000000000000e+04,1.581727715060060063e+03
5.000000000000000000e+00,7.690068965517241395e+01,5.847700000000000000e+04,1.572967512462453897e+03
6.000000000000000000e+00,7.693572413793103237e+01,5.858100000000000000e+04,2.029335086890451748e+03
7.000000000000000000e+00,7.697075862068965080e+01,5.854100000000000000e+04,1.591330872877852016e+03
8.000000000000000000e+00,7.700579310344826922e+01,5.877300000000000000e+04,1.846461872860117637e+03
9.000000000000000000e+00,7.704082758620688764e+01,5.845300000000000000e+04,1.761861577255417160e+03
1.000000000000000000e+01,7.707586206896552028e+01,5.854900000000000000e+04,1.794135711024230659e+03
1.100000000000000000e+01,7.711089655172412449e+01,5.858100000000000000e+04,1.595621853139994300e+03
1.200000000000000000e+01,7.714593103448275713e+01,5.836500000000000000e+04,1.687895138590202805e+03
1.300000000000000000e+01,7.718096551724137555e+01,5.846900000000000000e+04,1.618901063968610288e+03
1.400000000000000000e+01,7.721599999999999397e+01,5.844500000000000000e+04,1.835280659751881103e+03
1.500000000000000000e+01,7.725103448275862661e+01,5.826900000000000000e+04,1.751299744757576946e+03
1.600000000000000000e+01,7.728606896551723082e+01,5.863700000000000000e+04,1.776746690244181536e+03
1.700000000000000000e+01,7.732110344827584925e+01,5.834900000000000000e+04,1.604358101978650211e+03
1.800000000000000000e+01,7.735613793103448188e+01,5.820500000000000000e+04,1.757232587985478631e+03
1.900000000000000000e+01,7.739117241379310030e+01,5.859700000000000000e+04,1.409314553529786508e+03
2.000000000000000000e+01,7.742620689655171873e+01,5.844500000000000000e+04,1.927596237171555913e+03
2.100000000000000000e+01,7.746124137931033715e+01,5.836500000000000000e+04,1.908907504051565411e+03
2.200000000000000000e+01,7.749627586206895558e+01,5.843700000000000000e+04,1.881289794440676815e+03
2.300000000000000000e+01,7.753131034482758821e+01,5.905400000000000000e+04,1.934385497569403242e+03
2.400000000000000000e+01,7.756634482758620663e+01,5.971000000000000000e+04,2.105537640598409780e+03
2.500000000000000000e+01,7.760137931034482506e+01,5.187600000000000000e+04,1.440117174173610147e+04
2.600000000000000000e+01,7.763641379310344348e+01,1.371500000000000000e+04,1.700485162596029841e+04
2.700000000000000000e+01,7.767144827586206191e+01,1.427500000000000000e+04,1.619306557903844441e+04
2.800000000000000000e+01,7.770648275862068033e+01,1.445900000000000000e+04,1.636936309839385467e+04
2.900000000000000000e+01,7.774151724137931296e+01,1.432300000000000000e+04,1.615076829295923199e+04
3.000000000000000000e+01,7.777655172413793139e+01,1.425100000000000000e+04,1.625835707833042215e+04
3.100000000000000000e+01,7.781158620689654981e+01,1.409900000000000000e+04,1.649333047796023311e+04
3.200000000000000000e+01,7.784662068965516823e+01,1.406700000000000000e+04,1.640230485275093815e+04
3.300000000000000000e+01,7.788165517241378666e+01,1.401900000000000000e+04,1.634134668481575318e+04
3.400000000000000000e+01,7.791668965517240508e+01,1.389100000000000000e+04,1.631044192017930436e+04
3.500000000000000000e+01,7.795172413793103772e+01,1.395500000000000000e+04,1.646583892065768669e+04
3.600000000000000000e+01,7.798675862068964193e+01,1.384300000000000000e+04,1.626487116135715769e+04
3.700000000000000000e+01,7.802179310344827456e+01,1.383500000000000000e+04,1.615515718176685186e+04
3.800000000000000000e+01,7.805682758620689299e+01,1.373100000000000000e+04,1.595073599730018213e+04
3.900000000000000000e+01,7.809186206896551141e+01,1.377900000000000000e+04,1.614216874666181866e+04
4.000000000000000000e+01,7.812689655172414405e+01,1.381100000000000000e+04,1.607849633662625820e+04
4.100000000000000000e+01,7.816193103448274826e+01,1.373900000000000000e+04,1.619745238756146318e+04
4.200000000000000000e+01,7.819696551724136668e+01,1.366700000000000000e+04,1.626143680153019704e+04
4.300000000000000000e+01,7.823199999999999932e+01,1.378700000000000000e+04,1.639311407389773376e+04
4.400000000000000000e+01,7.826703448275861774e+01,1.375500000000000000e+04,1.634657062548616705e+04
4.500000000000000000e+01,7.830206896551723617e+01,1.357900000000000000e+04,1.613814411558614484e+04
4.600000000000000000e+01,7.833710344827585459e+01,1.347500000000000000e+04,1.632779702804860790e+04
4.700000000000000000e+01,7.837213793103447301e+01,1.349100000000000000e+04,1.629949318010301795e+04
4.800000000000000000e+01,7.840717241379310565e+01,1.355500000000000000e+04,1.612250010214758004e+04
4.900000000000000000e+01,7.844220689655172407e+01,1.366700000000000000e+04,1.606376727996117006e+04
5.000000000000000000e+01,7.847724137931034250e+01,1.350700000000000000e+04,1.633016604126265520e+04
5.100000000000000000e+01,7.851227586206896092e+01,1.349100000000000000e+04,1.605767178931535273e+04
5.200000000000000000e+01,7.854731034482757934e+01,1.339500000000000000e+04,1.577857999430605923e+04
5.300000000000000000e+01,7.858234482758619777e+01,1.342700000000000000e+04,1.593218406099830281e+04
5.400000000000000000e+01,7.861737931034483040e+01,1.349100000000000000e+04,1.594750757743297618e+04
5.500000000000000000e+01,7.865241379310344882e+01,1.344300000000000000e+04,1.618196079539431958e+04
5.600000000000000000e+01,7.868744827586206725e+01,1.352300000000000000e+04,1.589678860592212186e+04
5.700000000000000000e+01,7.872248275862068567e+01,1.343500000000000000e+04,1.598091944405975846e+04
5.800000000000000000e+01,7.875751724137930410e+01,1.348300000000000000e+04,1.604659166119831207e+04
5.900000000000000000e+01,7.879255172413792252e+01,1.341100000000000000e+04,1.558990894594020210e+04
6.000000000000000000e+01,7.882758620689655515e+01,1.352300000000000000e+04,1.589759629126126129e+04
6.100000000000000000e+01,7.886262068965515937e+01,1.354700000000000000e+04,1.560564371200662208e+04
6.200000000000000000e+01,7.889765517241379200e+01,1.344300000000000000e+04,1.576318206034226932e+04
6.300000000000000000e+01,7.893268965517241043e+01,1.332300000000000000e+04,1.585497522941311581e+04
6.400000000000000000e+01,7.896772413793102885e+01,1.329900000000000000e+04,1.576281759421657807e+04
6.500000000000000000e+01,7.900275862068966148e+01,1.337900000000000000e+04,1.585214556273098606e+04
6.600000000000000000e+01,7.903779310344826570e+01,1.333100000000000000e+04,1.569931783785471816e+04
6.700000000000000000e+01,7.907282758620688412e+01,1.345900000000000000e+04,1.579136194061732567e+04
6.800000000000000000e+01,7.910786206896551676e+01,1.348300000000000000e+04,1.572907975364469712e+04
6.900000000000000000e+01,7.914289655172413518e+01,1.340300000000000000e+04,1.577626695221748741e+04
7.000000000000000000e+01,7.917793103448275360e+01,1.325100000000000000e+04,1.565760717179118728e+04
7.100000000000000000e+01,7.921296551724137203e+01,1.336300000000000000e+04,1.574237687911228022e+04
7.200000000000000000e+01,7.924799999999999045e+01,1.333100000000000000e+04,1.564491950989694124e+04
7.300000000000000000e+01,7.928303448275862308e+01,1.332300000000000000e+04,1.545172878154675527e+04
7.400000000000000000e+01,7.931806896551724151e+01,1.319500000000000000e+04,1.556552805007893221e+04
7.500000000000000000e+01,7.935310344827585993e+01,1.330700000000000000e+04,1.567405298372803918e+04
7.600000000000000000e+01,7.938813793103447836e+01,1.329900000000000000e+04,1.566908889124644702e+04
7.700000000000000000e+01,7.942317241379309678e+01,1.325100000000000000e+04,1.551352928207447803e+04
7.800000000000000000e+01,7.945820689655171520e+01,1.318700000000000000e+04,1.562913752856307656e+04
7.900000000000000000e+01,7.949324137931034784e+01,1.325900000000000000e+04,1.561522974769168468e+04
8.000000000000000000e+01,7.952827586206896626e+01,1.312300000000000000e+04,1.577870827692023340e+04
8.100000000000000000e+01,7.956331034482758469e+01,1.326700000000000000e+04,1.562578756638904088e+04
8.200000000000000000e+01,7.959834482758620311e+01,1.317100000000000000e+04,1.536295336004623277e+04
8.300000000000000000e+01,7.963337931034482153e+01,1.310700000000000000e+04,1.529487356658052158e+04
8.400000000000000000e+01,7.966841379310343996e+01,1.315500000000000000e+04,1.518457122929891921e+04
8.500000000000000000e+01,7.970344827586207259e+01,1.325100000000000000e+04,1.505939949858602995e+04
8.600000000000000000e+01,7.973848275862067680e+01,1.318700000000000000e+04,1.516024524273069983e+04
8.700000000000000000e+01,7.977351724137930944e+01,1.321900000000000000e+04,1.521632482502611310e+04
8.800000000000000000e+01,7.980855172413792786e+01,1.309900000000000000e+04,1.518199762824548634e+04
8.900000000000000000e+01,7.984358620689654629e+01,1.309100000000000000e+04,1.514054594829738016e+04
9.000000000000000000e+01,7.987862068965517892e+01,1.307500000000000000e+04,1.548711584925972420e+04
9.100000000000000000e+01,7.991365517241378313e+01,1.311500000000000000e+04,1.528019105657024738e+04
9.200000000000000000e+01,7.994868965517240156e+01,1.299500000000000000e+04,1.508028325865188708e+04
9.300000000000000000e+01,7.998372413793103419e+01,1.314700000000000000e+04,1.493631289254319563e+04
9.400000000000000000e+01,8.001875862068965262e+01,1.307500000000000000e+04,1.501908948185694135e+04
9.500000000000000000e+01,8.005379310344827104e+01,1.310700000000000000e+04,1.506488609411781908e+04
9.600000000000000000e+01,8.008882758620688946e+01,1.313100000000000000e+04,1.511734274344444202e+04
9.700000000000000000e+01,8.012386206896550789e+01,1.298700000000000000e+04,1.492466483879374209e+04
9.800000000000000000e+01,8.015889655172414052e+01,1.312300000000000000e+04,1.494711632655624817e+04
9.900000000000000000e+01,8.019393103448275895e+01,1.307500000000000000e+04,1.498477868142772422e+04
1.000000000000000000e+02,8.022896551724137737e+01,1.304300000000000000e+04,1.482259623353401184e+04
1.010000000000000000e+02,8.026399999999999579e+01,1.305100000000000000e+04,1.509403717128446260e+04
1.020000000000000000e+02,8.029903448275861422e+01,1.283500000000000000e+04,1.469180448407065705e+04
1.030000000000000000e+02,8.033406896551723264e+01,1.297900000000000000e+04,1.445557386277269870e+04
1.040000000000000000e+02,8.036910344827586528e+01,1.290700000000000000e+04,1.464610635936345170e+04
1.050000000000000000e+02,8.040413793103448370e+01,1.287500000000000000e+04,1.464516042330351047e+04
1.060000000000000000e+02,8.043917241379310212e+01,1.299500000000000000e+04,1.462134716671381830e+04
1.070000000000000000e+02,8.047420689655172055e+01,1.305100000000000000e+04,1.462177797063907929e+04
1.080000000000000000e+02,8.050924137931033897e+01,1.289900000000000000e+04,1.434230809539408983e+04
1.090000000000000000e+02,8.054427586206895739e+01,1.293900000000000000e+04,1.422235729016065488e+04
1.100000000000000000e+02,8.057931034482759003e+01,1.299500000000000000e+04,1.419678157084211489e+04
1.110000000000000000e+02,8.061434482758619424e+01,1.291500000000000000e+04,1.407948554616229194e+04
1.120000000000000000e+02,8.064937931034482688e+01,1.287500000000000000e+04,1.432254340566505562e+04
1.130000000000000000e+02,8.068441379310344530e+01,1.295500000000000000e+04,1.378890825811300419e+04
1.140000000000000000e+02,8.071944827586206372e+01,1.277100000000000000e+04,1.357319316670228363e+04
1.150000000000000000e+02,8.075448275862069636e+01,1.286700000000000000e+04,1.400595208974418165e+04
1.160000000000000000e+02,8.078951724137930057e+01,1.295500000000000000e+04,1.407172494320728947e+04
1.170000000000000000e+02,8.082455172413791900e+01,1.279500000000000000e+04,1.421283164328635758e+04
1.180000000000000000e+02,8.085958620689655163e+01,1.289900000000000000e+04,1.405196072688116146e+04
1.190000000000000000e+02,8.089462068965517005e+01,1.286700000000000000e+04,1.405326004390520757e+04
1.200000000000000000e+02,8.092965517241378848e+01,1.285100000000000000e+04,1.377537258109057984e+04
1.210000000000000000e+02,8.096468965517240690e+01,1.292300000000000000e+04,1.410934942003293691e+04
1.220000000000000000e+02,8.099972413793102533e+01,1.286700000000000000e+04,1.378854115963743243e+04
1.230000000000000000e+02,8.103475862068965796e+01,1.275500000000000000e+04,1.390617116929658550e+04
1.240000000000000000e+02,8.106979310344827638e+01,1.289900000000000000e+04,1.424097436757921059e+04
1.250000000000000000e+02,8.110482758620689481e+01,1.285100000000000000e+04,1.393876572081285849e+04
1.260000000000000000e+02,8.113986206896551323e+01,1.278700000000000000e+04,1.380405936211362678e+04
1.270000000000000000e+02,8.117489655172413165e+01,1.286700000000000000e+04,1.394626398652447642e+04
1.280000000000000000e+02,8.120993103448275008e+01,1.289900000000000000e+04,1.377129332643300404e+04
1.290000000000000000e+02,8.124496551724138271e+01,1.282700000000000000e+04,1.359279682228958154e+04
1.300000000000000000e+02,8.128000000000000114e+01,1.280300000000000000e+04,1.329108861092913139e+04
1.310000000000000000e+02,8.131503448275861956e+01,1.277100000000000000e+04,1.335258195717469971e+04
1.320000000000000000e+02,8.135006896551723798e+01,1.265900000000000000e+04,1.340021307531151069e+04
1.330000000000000000e+02,8.138510344827585641e+01,1.268300000000000000e+04,1.343828890468723330e+04
1.340000000000000000e+02,8.142013793103447483e+01,1.278700000000000000e+04,1.341430040958782229e+04
1.350000000000000000e+02,8.145517241379310747e+01,1.273900000000000000e+04,1.298899059982758808e+04
1.360000000000000000e+02,8.149020689655171168e+01,1.275500000000000000e+04,1.318652559980598198e+04
1.370000000000000000e+02,8.152524137931034431e+01,1.280300000000000000e+04,1.354137165967751389e+04
1.380000000000000000e+02,8.156027586206896274e+01,1.272300000000000000e+04,1.320061252147582309e+04
1.390000000000000000e+02,8.159531034482758116e+01,1.280300000000000000e+04,1.327818023936705322e+04
1.400000000000000000e+02,8.163034482758621380e+01,1.270700000000000000e+04,1.309138667444832754e+04
1.410000000000000000e+02,8.166537931034481801e+01,1.271500000000000000e+04,1.322751164914016772e+04
1.420000000000000000e+02,8.170041379310343643e+01,1.273900000000000000e+04,1.320138765614869408e+04
1.430000000000000000e+02,8.173544827586206907e+01,1.269100000000000000e+04,1.324122374648436926e+04
1.440000000000000000e+02,8.177048275862068749e+01,1.272300000000000000e+04,1.296969425539999429e+04
1.450000000000000000e+02,8.180551724137930591e+01,1.265100000000000000e+04,1.302561983585086273e+04
1.460000000000000000e+02,8.184055172413792434e+01,1.262700000000000000e+04,1.331602754101923347e+04
1.470000000000000000e+02,8.187558620689654276e+01,1.264300000000000000e+04,1.291904503505618959e+04
1.480000000000000000e+02,8.191062068965517540e+01,1.258700000000000000e+04,1.308372390336515855e+04
1.490000000000000000e+02,8.194565517241379382e+01,1.261100000000000000e+04,1.288981189423886644e+04
1.500000000000000000e+02,8.198068965517241224e+01,1.261100000000000000e+04,1.331244767974429305e+04
1.510000000000000000e+02,8.201572413793103067e+01,1.259500000000000000e+04,1.311005525251195286e+04
1.520000000000000000e+02,8.205075862068964909e+01,1.264300000000000000e+04,1.303343853776002288e+04
1.530000000000000000e+02,8.208579310344826752e+01,1.253900000000000000e+04,1.344592019373133735e+04
1.540000000000000000e+02,8.212082758620690015e+01,1.256300000000000000e+04,1.344506883418839607e+04
1.550000000000000000e+02,8.215586206896551857e+01,1.257900000000000000e+04,1.318484502690319823e+04
1.560000000000000000e+02,8.219089655172413700e+01,1.250700000000000000e+04,1.310138463651582060e+04
1.570000000000000000e+02,8.222593103448275542e+01,1.260300000000000000e+04,1.353056162307635168e+04
1.580000000000000000e+02,8.226096551724137385e+01,1.244300000000000000e+04,1.337866153842805033e+04
1.590000000000000000e+02,8.229599999999999227e+01,1.243500000000000000e+04,1.370461305874044047e+04
1.600000000000000000e+02,8.233103448275862490e+01,1.249900000000000000e+04,1.380493123199536421e+04
1.610000000000000000e+02,8.236606896551722912e+01,1.253100000000000000e+04,1.326695434670395480e+04
1.620000000000000000e+02,8.240110344827586175e+01,1.252300000000000000e+04,1.350844288006745774e+04
1.630000000000000000e+02,8.243613793103448018e+01,1.257900000000000000e+04,1.358674561552543673e+04
1.640000000000000000e+02,8.247117241379309860e+01,1.245900000000000000e+04,1.340397287846529071e+04
1.650000000000000000e+02,8.250620689655173123e+01,1.244300000000000000e+04,1.399405017608425078e+04
1.660000000000000000e+02,8.254124137931033545e+01,1.248300000000000000e+04,1.372469260577099521e+04
1.670000000000000000e+02,8.257627586206895387e+01,1.253900000000000000e+04,1.430108476684783454e+04
1.680000000000000000e+02,8.261131034482758650e+01,1.230700000000000000e+04,1.372994966903644126e+04
1.690000000000000000e+02,8.264634482758620493e+01,1.260300000000000000e+04,1.386732322303918227e+04
1.700000000000000000e+02,8.268137931034482335e+01,1.241900000000000000e+04,1.384080775249418366e+04
1.710000000000000000e+02,8.271641379310344178e+01,1.256300000000000000e+04,1.385207173426671579e+04
1.720000000000000000e+02,8.275144827586206020e+01,1.248300000000000000e+04,1.425990250224020747e+04
1.730000000000000000e+02,8.278648275862067862e+01,1.250700000000000000e+04,1.376790493659549975e+04
1.740000000000000000e+02,8.282151724137931126e+01,1.245100000000000000e+04,1.361636427696033752e+04
1.750000000000000000e+02,8.285655172413792968e+01,1.257900000000000000e+04,1.373096321595704285e+04
1.760000000000000000e+02,8.289158620689654811e+01,1.250700000000000000e+04,1.375567844127435274e+04
1.770000000000000000e+02,8.292662068965516653e+01,1.239500000000000000e+04,1.400764715436090773e+04
1.780000000000000000e+02,8.296165517241378495e+01,1.241100000000000000e+04,1.384144201773687928e+04
1.790000000000000000e+02,8.299668965517241759e+01,1.233900000000000000e+04,1.361013514567358288e+04
1.800000000000000000e+02,8.303172413793103601e+01,1.242700000000000000e+04,1.365718540164173100e+04
1.810000000000000000e+02,8.306675862068964022e+01,1.247500000000000000e+04,1.383021247642094568e+04
1.820000000000000000e+02,8.310179310344827286e+01,1.229900000000000000e+04,1.326053665519013703e+04
1.830000000000000000e+02,8.313682758620689128e+01,1.241900000000000000e+04,1.329812195431301370e+04
1.840000000000000000e+02,8.317186206896550971e+01,1.230700000000000000e+04,1.341187968998873112e+04
1.850000000000000000e+02,8.320689655172414234e+01,1.241100000000000000e+04,1.342945785915963097e+04
1.860000000000000000e+02,8.324193103448274655e+01,1.232300000000000000e+04,1.323413510666182083e+04
1.870000000000000000e+02,8.327696551724137919e+01,1.229100000000000000e+04,1.296223250057389487e+04
1.880000000000000000e+02,8.331199999999999761e+01,1.237100000000000000e+04,1.314166653978843351e+04
1.890000000000000000e+02,8.334703448275861604e+01,1.229100000000000000e+04,1.307944024685097065e+04
1.900000000000000000e+02,8.338206896551723446e+01,1.234700000000000000e+04,1.303180232801714919e+04
1.910000000000000000e+02,8.341710344827585288e+01,1.233900000000000000e+04,1.335953163547205259e+04
1.920000000000000000e+02,8.345213793103447131e+01,1.245100000000000000e+04,1.328930912439916392e+04
1.930000000000000000e+02,8.348717241379310394e+01,1.229900000000000000e+04,1.317481378085359574e+04
1.940000000000000000e+02,8.352220689655172237e+01,1.233900000000000000e+04,1.324632084295737332e+04
1.950000000000000000e+02,8.355724137931034079e+01,1.228300000000000000e+04,1.314753786603397566e+04
1.960000000000000000e+02,8.359227586206895921e+01,1.237100000000000000e+04,1.321749663413759481e+04
1.970000000000000000e+02,8.362731034482757764e+01,1.223500000000000000e+04,1.327824805210144041e+04
1.980000000000000000e+02,8.366234482758619606e+01,1.225100000000000000e+04,1.294143816491406869e+04
1.990000000000000000e+02,8.369737931034482870e+01,1.233100000000000000e+04,1.291488709293881402e+04
2.000000000000000000e+02,8.373241379310344712e+01,1.241100000000000000e+04,1.286664316762986527e+04
2.010000000000000000e+02,8.376744827586206554e+01,1.228300000000000000e+04,1.277220324412570881e+04
2.020000000000000000e+02,8.380248275862068397e+01,1.237100000000000000e+04,1.266392520247611174e+04
2.030000000000000000e+02,8.383751724137930239e+01,1.229100000000000000e+04,1.266367517432180466e+04
2.040000000000000000e+02,8.387255172413793503e+01,1.233100000000000000e+04,1.208450101074257327e+04
2.050000000000000000e+02,8.390758620689655345e+01,1.226700000000000000e+04,1.239170277811787855e+04
2.060000000000000000e+02,8.394262068965515766e+01,1.236300000000000000e+04,1.233957487406280961e+04
2.070000000000000000e+02,8.397765517241379030e+01,1.235500000000000000e+04,1.158199832197162505e+04
2.080000000000000000e+02,8.401268965517240872e+01,1.244300000000000000e+04,1.101629687915693648e+04
2.090000000000000000e+02,8.404772413793102714e+01,1.245100000000000000e+04,1.107323598257879712e+04
2.100000000000000000e+02,8.408275862068965978e+01,1.240300000000000000e+04,1.111307005941938223e+04
2.110000000000000000e+02,8.411779310344826399e+01,1.232300000000000000e+04,1.054232829395843328e+04
2.120000000000000000e+02,8.415282758620689663e+01,1.227500000000000000e+04,1.018446996743698401e+04
2.130000000000000000e+02,8.418786206896551505e+01,1.216300000000000000e+04,9.985636014327363227e+03
2.140000000000000000e+02,8.422289655172413347e+01,1.233900000000000000e+04,9.821884492268865870e+03
2.150000000000000000e+02,8.425793103448275190e+01,1.225100000000000000e+04,9.874413746407546569e+03
2.160000000000000000e+02,8.429296551724137032e+01,1.229100000000000000e+04,9.855074385741452716e+03
2.170000000000000000e+02,8.432799999999998875e+01,1.218700000000000000e+04,9.942563611818874051e+03
2.180000000000000000e+02,8.436303448275862138e+01,1.228300000000000000e+04,9.904059967733286612e+03
2.190000000000000000e+02,8.439806896551723980e+01,1.228300000000000000e+04,9.718160928390343543e+03
2.200000000000000000e+02,8.443310344827585823e+01,1.229100000000000000e+04,9.675579963536323703e+03
2.210000000000000000e+02,8.446813793103447665e+01,1.220300000000000000e+04,9.932864212921675062e+03
2.220000000000000000e+02,8.450317241379309507e+01,1.233100000000000000e+04,9.973221547539444146e+03
2.230000000000000000e+02,8.453820689655171350e+01,1.237100000000000000e+04,9.807099837196015869e+03
2.240000000000000000e+02,8.457324137931034613e+01,1.245100000000000000e+04,9.470881392941875674e+03
2.250000000000000000e+02,8.460827586206896456e+01,1.243500000000000000e+04,9.589737975752408602e+03
2.260000000000000000e+02,8.464331034482758298e+01,1.229900000000000000e+04,9.260212011609721230e+03
2.270000000000000000e+02,8.467834482758620140e+01,1.233900000000000000e+04,9.364371960540487635e+03
2.280000000000000000e+02,8.471337931034481983e+01,1.239500000000000000e+04,9.210684866333598620e+03
2.290000000000000000e+02,8.474841379310345246e+01,1.239500000000000000e+04,9.338389944107360861e+03
2.300000000000000000e+02,8.478344827586207089e+01,1.236300000000000000e+04,9.322554437795148260e+03
2.310000000000000000e+02,8.481848275862067510e+01,1.241900000000000000e+04,9.006485426686745996e+03
2.320000000000000000e+02,8.485351724137930773e+01,1.245100000000000000e+04,9.225782746949153079e+03
2.330000000000000000e+02,8.488855172413792616e+01,1.253100000000000000e+04,8.857618290379947211e+03
2.340000000000000000e+02,8.492358620689654458e+01,1.262700000000000000e+04,8.362728841865135109e+03
2.350000000000000000e+02,8.495862068965517722e+01,1.246700000000000000e+04,8.661038125692279209e+03
2.360000000000000000e+02,8.499365517241378143e+01,1.267500000000000000e+04,8.612980363006114203e+03
2.370000000000000000e+02,8.502868965517241406e+01,1.254700000000000000e+04,8.428662224121368126e+03
2.380000000000000000e+02,8.506372413793103249e+01,1.259500000000000000e+04,9.692471590621353243e+03
2.390000000000000000e+02,8.509875862068965091e+01,1.252300000000000000e+04,8.504942529300895330e+03
2.400000000000000000e+02,8.513379310344826933e+01,1.263500000000000000e+04,8.592575592932176733e+03
2.410000000000000000e+02,8.516882758620688776e+01,1.259500000000000000e+04,7.972768658539484932e+03
2.420000000000000000e+02,8.520386206896550618e+01,1.262700000000000000e+04,8.425330800510484551e+03
2.430000000000000000e+02,8.523889655172413882e+01,1.265900000000000000e+04,8.704867649820296720e+03
2.440000000000000000e+02,8.527393103448275724e+01,1.253100000000000000e+04,8.500327708374157737e+03
2.450000000000000000e+02,8.530896551724137566e+01,1.251500000000000000e+04,8.050140524739711509e+03
2.460000000000000000e+02,8.534399999999999409e+01,1.256300000000000000e+04,8.512225435162321446e+03
2.470000000000000000e+02,8.537903448275861251e+01,1.254700000000000000e+04,8.896976868457792079e+03
2.480000000000000000e+02,8.541406896551723094e+01,1.253900000000000000e+04,8.466482736964002470e+03
2.490000000000000000e+02,8.544910344827586357e+01,1.241900000000000000e+04,8.513505515327653484e+03
2.500000000000000000e+02,8.548413793103448199e+01,1.249900000000000000e+04,9.641231294999633974e+03
2.510000000000000000e+02,8.551917241379310042e+01,1.245100000000000000e+04,9.965157357439142288e+03
2.520000000000000000e+02,8.555420689655171884e+01,1.240300000000000000e+04,9.833677874384708048e+03
2.530000000000000000e+02,8.558924137931033727e+01,1.256300000000000000e+04,1.006877610619932057e+04
2.540000000000000000e+02,8.562427586206896990e+01,1.242700000000000000e+04,1.010613015621759223e+04
2.550000000000000000e+02,8.565931034482758832e+01,1.253100000000000000e+04,9.502793878615584617e+03
2.560000000000000000e+02,8.569434482758619254e+01,1.246700000000000000e+04,9.904097620578257192e+03
2.570000000000000000e+02,8.572937931034482517e+01,1.245900000000000000e+04,9.376972017395251896e+03
2.580000000000000000e+02,8.576441379310344360e+01,1.242700000000000000e+04,9.354799864770864588e+03
2.590000000000000000e+02,8.579944827586206202e+01,1.245100000000000000e+04,9.489806154635822168e+03
2.600000000000000000e+02,8.583448275862069465e+01,1.251500000000000000e+04,9.141646075110280435e+03
2.610000000000000000e+02,8.586951724137929887e+01,1.245900000000000000e+04,9.294304056368708189e+03
2.620000000000000000e+02,8.590455172413793150e+01,1.246700000000000000e+04,9.776342826606120070e+03
2.630000000000000000e+02,8.593958620689654992e+01,1.237100000000000000e+04,1.033297384752618018e+04
2.640000000000000000e+02,8.597462068965516835e+01,1.249100000000000000e+04,1.003879286659700665e+04
2.650000000000000000e+02,8.600965517241378677e+01,1.243500000000000000e+04,9.347852147469477131e+03
2.660000000000000000e+02,8.604468965517240520e+01,1.237100000000000000e+04,9.860434541269594774e+03
2.670000000000000000e+02,8.607972413793102362e+01,1.229900000000000000e+04,9.862875388978422052e+03
2.680000000000000000e+02,8.611475862068965625e+01,1.242700000000000000e+04,1.026162441305418906e+04
2.690000000000000000e+02,8.614979310344827468e+01,1.251500000000000000e+04,1.072209326128502471e+04
2.700000000000000000e+02,8.618482758620689310e+01,1.244300000000000000e+04,1.109970020035620291e+04
2.710000000000000000e+02,8.621986206896551153e+01,1.257900000000000000e+04,1.010734520444768714e+04
2.720000000000000000e+02,8.625489655172412995e+01,1.240300000000000000e+04,9.109083615497705978e+03
2.730000000000000000e+02,8.628993103448274837e+01,1.233100000000000000e+04,8.851164056657633409e+03
2.740000000000000000e+02,8.632496551724138101e+01,1.239500000000000000e+04,8.694090561038025044e+03
2.750000000000000000e+02,8.635999999999999943e+01,1.244300000000000000e+04,8.556316107916853070e+03
2.760000000000000000e+02,8.639503448275861786e+01,1.240300000000000000e+04,8.698567068717038637e+03
2.770000000000000000e+02,8.643006896551723628e+01,1.236300000000000000e+04,8.429765694552959758e+03
2.780000000000000000e+02,8.646510344827585470e+01,1.246700000000000000e+04,8.335828144568862626e+03
2.790000000000000000e+02,8.650013793103448734e+01,1.238700000000000000e+04,8.493073368751503949e+03
2.800000000000000000e+02,8.653517241379310576e+01,1.245100000000000000e+04,8.449816732795743519e+03
2.810000000000000000e+02,8.657020689655170997e+01,1.220300000000000000e+04,7.998738831082698198e+03
2.820000000000000000e+02,8.660524137931034261e+01,1.228300000000000000e+04,8.075846420148721336e+03
2.830000000000000000e+02,8.664027586206896103e+01,1.219500000000000000e+04,7.800173356267374402e+03
2.840000000000000000e+02,8.667531034482757946e+01,1.230700000000000000e+04,7.303121004967475528e+03
2.850000000000000000e+02,8.671034482758621209e+01,1.245100000000000000e+04,7.714875267433699264e+03
2.860000000000000000e+02,8.674537931034481630e+01,1.235500000000000000e+04,6.638413108935676973e+03
2.870000000000000000e+02,8.678041379310344894e+01,1.230700000000000000e+04,6.947200577159253044e+03
2.880000000000000000e+02,8.681544827586206736e+01,1.235500000000000000e+04,6.499511916079286493e+03
2.890000000000000000e+02,8.685048275862068579e+01,1.242700000000000000e+04,6.251658255163900321e+03
2.900000000000000000e+02,8.688551724137930421e+01,1.245900000000000000e+04,6.623575684098615056e+03
2.910000000000000000e+02,8.692055172413792263e+01,1.256300000000000000e+04,7.079572951844446834e+03
2.920000000000000000e+02,8.695558620689654106e+01,1.245100000000000000e+04,8.780965295805373898e+03
2.930000000000000000e+02,8.699062068965517369e+01,1.237900000000000000e+04,9.461416986391766841e+03
2.940000000000000000e+02,8.702565517241379212e+01,1.235500000000000000e+04,9.830400050603386262e+03
2.950000000000000000e+02,8.706068965517241054e+01,1.244300000000000000e+04,8.597546775565402640e+03
2.960000000000000000e+02,8.709572413793102896e+01,1.230700000000000000e+04,8.107189221088880913e+03
2.970000000000000000e+02,8.713075862068964739e+01,1.257100000000000000e+04,7.017811642774713619e+03
2.980000000000000000e+02,8.716579310344826581e+01,1.259500000000000000e+04,7.190849989276629458e+03
2.990000000000000000e+02,8.720082758620689845e+01,1.256300000000000000e+04,6.934606117380757496e+03
3.000000000000000000e+02,8.723586206896551687e+01,1.244300000000000000e+04,6.140935775840496717e+03
3.010000000000000000e+02,8.727089655172413529e+01,1.247500000000000000e+04,6.201531193383833852e+03
3.020000000000000000e+02,8.730593103448275372e+01,1.237900000000000000e+04,6.084008772279620644e+03
3.030000000000000000e+02,8.734096551724137214e+01,1.243500000000000000e+04,5.939328564954091235e+03
3.040000000000000000e+02,8.737600000000000477e+01,1.247500000000000000e+04,5.671620504315367725e+03
3.050000000000000000e+02,8.741103448275862320e+01,1.257900000000000000e+04,5.194200156289682127e+03
3.060000000000000000e+02,8.744606896551722741e+01,1.246700000000000000e+04,5.344642926414157046e+03
3.070000000000000000e+02,8.748110344827586005e+01,1.250700000000000000e+04,5.425269411356545788e+03
3.080000000000000000e+02,8.751613793103447847e+01,1.254700000000000000e+04,5.674700989792694600e+03
3.090000000000000000e+02,8.755117241379309689e+01,1.241900000000000000e+04,5.818522411164710320e+03
3.100000000000000000e+02,8.758620689655172953e+01,1.230700000000000000e+04,5.827628685617990413e+03
3.110000000000000000e+02,8.762124137931033374e+01,1.245900000000000000e+04,5.572194525183065707e+03
3.120000000000000000e+02,8.765627586206896638e+01,1.249100000000000000e+04,5.576501925749484144e+03
3.130000000000000000e+02,8.769131034482758480e+01,1.246700000000000000e+04,4.929165471219813298e+03
3.140000000000000000e+02,8.772634482758620322e+01,1.229100000000000000e+04,5.450588376179824081e+03
3.150000000000000000e+02,8.776137931034482165e+01,1.234700000000000000e+04,5.181331025955042605e+03
3.160000000000000000e+02,8.779641379310344007e+01,1.239500000000000000e+04,5.382817195025797446e+03
3.170000000000000000e+02,8.783144827586205849e+01,1.245900000000000000e+04,5.134478754039623709e+03
3.180000000000000000e+02,8.786648275862069113e+01,1.225900000000000000e+04,5.392840228735024539e+03
3.190000000000000000e+02,8.790151724137930955e+01,1.231500000000000000e+04,5.177847952817631267e+03
3.200000000000000000e+02,8.793655172413792798e+01,1.229900000000000000e+04,5.613382303883084205e+03
3.210000000000000000e+02,8.797158620689654640e+01,1.232300000000000000e+04,6.009523685441635280e+03
3.220000000000000000e+02,8.800662068965516482e+01,1.235500000000000000e+04,5.329724592294210197e+03
3.230000000000000000e+02,8.804165517241378325e+01,1.230700000000000000e+04,5.214801905719605202e+03
3.240000000000000000e+02,8.807668965517241588e+01,1.233900000000000000e+04,4.995303193292988908e+03
3.250000000000000000e+02,8.811172413793103431e+01,1.249100000000000000e+04,5.175055321661207927e+03
3.260000000000000000e+02,8.814675862068965273e+01,1.241900000000000000e+04,7.603032968268055811e+03
3.270000000000000000e+02,8.818179310344827115e+01,1.229900000000000000e+04,6.017785448903031465e+03
3.280000000000000000e+02,8.821682758620688958e+01,1.245100000000000000e+04,6.206357799834874641e+03
3.290000000000000000e+02,8.825186206896552221e+01,1.232300000000000000e+04,6.452344513210021432e+03
3.300000000000000000e+02,8.828689655172414064e+01,1.233900000000000000e+04,6.077875756881060624e+03
3.310000000000000000e+02,8.832193103448274485e+01,1.231500000000000000e+04,6.224874485387581444e+03
3.320000000000000000e+02,8.835696551724137748e+01,1.232300000000000000e+04,6.045729955848330064e+03
3.330000000000000000e+02,8.839199999999999591e+01,1.235500000000000000e+04,6.283279267238876855e+03
3.340000000000000000e+02,8.842703448275861433e+01,1.228300000000000000e+04,6.591192877664545449e+03
3.350000000000000000e+02,8.846206896551724697e+01,1.237100000000000000e+04,6.525643287595305992e+03
3.360000000000000000e+02,8.849710344827585118e+01,1.236300000000000000e+04,5.941420937276625409e+03
3.370000000000000000e+02,8.853213793103448381e+01,1.238700000000000000e+04,7.642690753388925259e+03
3.380000000000000000e+02,8.856717241379310224e+01,1.245100000000000000e+04,7.910661602792186386e+03
3.390000000000000000e+02,8.860220689655172066e+01,1.244300000000000000e+04,9.852933083850433832e+03
3.400000000000000000e+02,8.863724137931033908e+01,1.221100000000000000e+04,1.025541693316665624e+04
3.410000000000000000e+02,8.867227586206895751e+01,1.229900000000000000e+04,9.777262880116211818e+03
3.420000000000000000e+02,8.870731034482757593e+01,1.238700000000000000e+04,9.539031370043185234e+03
3.430000000000000000e+02,8.874234482758620857e+01,1.222700000000000000e+04,9.436862185623909681e+03
3.440000000000000000e+02,8.877737931034482699e+01,1.235500000000000000e+04,9.023266884797398234e+03
3.450000000000000000e+02,8.881241379310344541e+01,1.245900000000000000e+04,9.469221931855090588e+03
3.460000000000000000e+02,8.884744827586206384e+01,1.240300000000000000e+04,9.735371456965880498e+03
3.470000000000000000e+02,8.888248275862068226e+01,1.233100000000000000e+04,9.438618298515368224e+03
3.480000000000000000e+02,8.891751724137930069e+01,1.237900000000000000e+04,9.682214665277459062e+03
3.490000000000000000e+02,8.895255172413793332e+01,1.222700000000000000e+04,7.717101146256758511e+03
3.500000000000000000e+02,8.898758620689655174e+01,1.206700000000000000e+04,7.694858230331206869e+03
3.510000000000000000e+02,8.902262068965517017e+01,1.225100000000000000e+04,7.544556971083345161e+03
3.520000000000000000e+02,8.905765517241378859e+01,1.213100000000000000e+04,7.637972398445957879e+03
3.530000000000000000e+02,8.909268965517240702e+01,1.215500000000000000e+04,7.068816525754446957e+03
3.540000000000000000e+02,8.912772413793102544e+01,1.216300000000000000e+04,7.082876993499211494e+03
3.550000000000000000e+02,8.916275862068965807e+01,1.216300000000000000e+04,7.536471854303765213e+03
3.560000000000000000e+02,8.919779310344826229e+01,1.217900000000000000e+04,7.416205798046372365e+03
3.570000000000000000e+02,8.923282758620689492e+01,1.220300000000000000e+04,7.661377602857815873e+03
3.580000000000000000e+02,8.926786206896551334e+01,1.215500000000000000e+04,8.002958163944213084e+03
3.590000000000000000e+02,8.930289655172413177e+01,1.207500000000000000e+04,7.940057249170433352e+03
3.600000000000000000e+02,8.933793103448276440e+01,1.203500000000000000e+04,7.577165467464719768e+03
3.610000000000000000e+02,8.937296551724136862e+01,1.201900000000000000e+04,7.368834639340836475e+03
3.620000000000000000e+02,8.940799999999998704e+01,1.197100000000000000e+04,7.883838527093787889e+03
3.630000000000000000e+02,8.944303448275861967e+01,1.209900000000000000e+04,7.878805384161414622e+03
3.640000000000000000e+02,8.947806896551723810e+01,1.216300000000000000e+04,7.927728964584189271e+03
3.650000000000000000e+02,8.951310344827585652e+01,1.209100000000000000e+04,7.635841135423433116e+03
3.660000000000000000e+02,8.954813793103447495e+01,1.197900000000000000e+04,7.683714923642607573e+03
3.670000000000000000e+02,8.958317241379309337e+01,1.197900000000000000e+04,7.787829801620404396e+03
3.680000000000000000e+02,8.961820689655172600e+01,1.202700000000000000e+04,7.778523763945453538e+03
3.690000000000000000e+02,8.965324137931034443e+01,1.208300000000000000e+04,7.513226441095164773e+03
3.700000000000000000e+02,8.968827586206896285e+01,1.200300000000000000e+04,7.211485053138464536e+03
3.710000000000000000e+02,8.972331034482758128e+01,1.200300000000000000e+04,7.144815817642735055e+03
3.720000000000000000e+02,8.975834482758619970e+01,1.196300000000000000e+04,7.444140550844083009e+03
3.730000000000000000e+02,8.979337931034481812e+01,1.206700000000000000e+04,7.373644730711102966e+03
3.740000000000000000e+02,8.982841379310345076e+01,1.199500000000000000e+04,7.315514814409437349e+03
3.750000000000000000e+02,8.986344827586205497e+01,1.199500000000000000e+04,7.433557042591400204e+03
3.760000000000000000e+02,8.989848275862068760e+01,1.204300000000000000e+04,7.544581920715844717e+03
3.770000000000000000e+02,8.993351724137930603e+01,1.203500000000000000e+04,7.260749328836814129e+03
3.780000000000000000e+02,8.996855172413792445e+01,1.220300000000000000e+04,6.688589805538685141e+03
3.790000000000000000e+02,9.000358620689654288e+01,1.211500000000000000e+04,7.001057485505917612e+03
3.800000000000000000e+02,9.003862068965516130e+01,1.220300000000000000e+04,7.068577142399552940e+03
3.810000000000000000e+02,9.007365517241377972e+01,1.215500000000000000e+04,6.557501320450505773e+03
3.820000000000000000e+02,9.010868965517241236e+01,1.199500000000000000e+04,6.682880229561696069e+03
3.830000000000000000e+02,9.014372413793103078e+01,1.211500000000000000e+04,5.570152556759893741e+03
3.840000000000000000e+02,9.017875862068964921e+01,1.201900000000000000e+04,5.595323295560500810e+03
3.850000000000000000e+02,9.021379310344826763e+01,1.203500000000000000e+04,5.992210158054397652e+03
3.860000000000000000e+02,9.024882758620688605e+01,1.197100000000000000e+04,6.289131762437637917e+03
3.870000000000000000e+02,9.028386206896550448e+01,1.203500000000000000e+04,5.932116166939446884e+03
3.880000000000000000e+02,9.031889655172413711e+01,1.200300000000000000e+04,5.788530505941395859e+03
3.890000000000000000e+02,9.035393103448275554e+01,1.197100000000000000e+04,5.300626272305516068e+03
3.900000000000000000e+02,9.038896551724137396e+01,1.197100000000000000e+04,5.015332692635745843e+03
3.910000000000000000e+02,9.042399999999999238e+01,1.188300000000000000e+04,4.811661905880640916e+03
3.920000000000000000e+02,9.045903448275862502e+01,1.189100000000000000e+04,5.051212117100953947e+03
3.930000000000000000e+02,9.049406896551724344e+01,1.178700000000000000e+04,5.155399405183409726e+03
3.940000000000000000e+02,9.052910344827584765e+01,1.181900000000000000e+04,5.518987043668358638e+03
3.950000000000000000e+02,9.056413793103448029e+01,1.181100000000000000e+04,5.607451448561917459e+03
3.960000000000000000e+02,9.059917241379309871e+01,1.177100000000000000e+04,5.856963833325116866e+03
3.970000000000000000e+02,9.063420689655173135e+01,1.183500000000000000e+04,5.422742637926187854e+03
3.980000000000000000e+02,9.066924137931033556e+01,1.184300000000000000e+04,5.504727581414341330e+03
3.990000000000000000e+02,9.070427586206895398e+01,1.172300000000000000e+04,5.453749681197728933e+03
4.000000000000000000e+02,9.073931034482758662e+01,1.173100000000000000e+04,4.563695002575736908e+03
4.010000000000000000e+02,9.077434482758620504e+01,1.174700000000000000e+04,3.947754741853372252e+03
4.020000000000000000e+02,9.080937931034483768e+01,1.173900000000000000e+04,3.587445576445540610e+03
4.030000000000000000e+02,9.084441379310344189e+01,1.176300000000000000e+04,3.305137022243895444e+03
4.040000000000000000e+02,9.087944827586206031e+01,1.172300000000000000e+04,2.954798183372507538e+03
4.050000000000000000e+02,9.091448275862069295e+01,1.169100000000000000e+04,2.544256438733209507e+03
4.060000000000000000e+02,9.094951724137929716e+01,1.181900000000000000e+04,1.934725243215782712e+03
4.070000000000000000e+02,9.098455172413792980e+01,1.181100000000000000e+04,1.565687418590552625e+03
4.080000000000000000e+02,9.101958620689654822e+01,1.174700000000000000e+04,1.007352620092799953e+03
4.090000000000000000e+02,9.105462068965516664e+01,1.169900000000000000e+04,1.075486032939164488e+03
4.100000000000000000e+02,9.108965517241379928e+01,1.171500000000000000e+04,1.069454221851646480e+03
4.110000000000000000e+02,9.112468965517240349e+01,1.174700000000000000e+04,9.935549222249464947e+02
4.120000000000000000e+02,9.115972413793103613e+01,1.178700000000000000e+04,1.033680291188508818e+03
4.130000000000000000e+02,9.119475862068965455e+01,1.176300000000000000e+04,1.129844540980803004e+03
4.140000000000000000e+02,9.122979310344825876e+01,1.175500000000000000e+04,1.183878353628000923e+03
4.150000000000000000e+02,9.126482758620689140e+01,1.179500000000000000e+04,1.424608070977421676e+03
4.160000000000000000e+02,9.129986206896550982e+01,1.170700000000000000e+04,1.413594181246431162e+03
4.170000000000000000e+02,9.133489655172414245e+01,1.169900000000000000e+04,1.384264468075345121e+03
4.180000000000000000e+02,9.136993103448276088e+01,1.179500000000000000e+04,1.420005629200820294e+03
4.190000000000000000e+02,9.140496551724136509e+01,1.179500000000000000e+04,1.534015583798116268e+03
4.200000000000000000e+02,9.143999999999999773e+01,1.166700000000000000e+04,1.591616050162376268e+03
4.210000000000000000e+02,9.147503448275861615e+01,1.171500000000000000e+04,1.416572321025204246e+03
4.220000000000000000e+02,9.151006896551724878e+01,1.169900000000000000e+04,1.494210612982717748e+03
4.230000000000000000e+02,9.154510344827585300e+01,1.176300000000000000e+04,1.316500060686462575e+03
4.240000000000000000e+02,9.158013793103447142e+01,1.171500000000000000e+04,1.393582075289999239e+03
4.250000000000000000e+02,9.161517241379310406e+01,1.177900000000000000e+04,1.502319009643651043e+03
4.260000000000000000e+02,9.165020689655172248e+01,1.176300000000000000e+04,1.439052697989188573e+03
4.270000000000000000e+02,9.168524137931035511e+01,1.168300000000000000e+04,1.457829172736682722e+03
4.280000000000000000e+02,9.172027586206895933e+01,1.165900000000000000e+04,1.269097591003825983e+03
4.290000000000000000e+02,9.175531034482757775e+01,1.158700000000000000e+04,1.333425906425870380e+03
4.300000000000000000e+02,9.179034482758621039e+01,1.171500000000000000e+04,1.317506158863990777e+03
4.310000000000000000e+02,9.182537931034481460e+01,1.169900000000000000e+04,1.450809160264649790e+03
4.320000000000000000e+02,9.186041379310344723e+01,1.176300000000000000e+04,2.267347539684007643e+03
4.330000000000000000e+02,9.189544827586206566e+01,1.173100000000000000e+04,2.529967992260065785e+03
4.340000000000000000e+02,9.193048275862068408e+01,1.174700000000000000e+04,2.363993102630056910e+03
4.350000000000000000e+02,9.196551724137931672e+01,1.175500000000000000e+04,2.577388149650107152e+03
4.360000000000000000e+02,9.200055172413792093e+01,1.177100000000000000e+04,2.719857727798069391e+03
4.370000000000000000e+02,9.203558620689655356e+01,1.176300000000000000e+04,2.658254435066930910e+03
4.380000000000000000e+02,9.207062068965517199e+01,1.177900000000000000e+04,2.843077871795927422e+03
4.390000000000000000e+02,9.210565517241377620e+01,1.175500000000000000e+04,2.542362945366138320e+03
4.400000000000000000e+02,9.214068965517240883e+01,1.175500000000000000e+04,2.525308946248062057e+03
4.410000000000000000e+02,9.217572413793102726e+01,1.173100000000000000e+04,2.494472365980427639e+03
4.420000000000000000e+02,9.221075862068965989e+01,1.164300000000000000e+04,2.170923658890727438e+03
4.430000000000000000e+02,9.224579310344827832e+01,1.175500000000000000e+04,1.977111634738089833e+03
4.440000000000000000e+02,9.228082758620688253e+01,1.169100000000000000e+04,2.293524165491861368e+03
4.450000000000000000e+02,9.231586206896551516e+01,1.169900000000000000e+04,2.918515574471005493e+03
4.460000000000000000e+02,9.235089655172413359e+01,1.168300000000000000e+04,2.044391038415870071e+03
4.470000000000000000e+02,9.238593103448276622e+01,1.170700000000000000e+04,3.262106201440984478e+03
4.480000000000000000e+02,9.242096551724137043e+01,1.161900000000000000e+04,3.089277738568430777e+03
4.490000000000000000e+02,9.245599999999998886e+01,1.170700000000000000e+04,2.750361491516589012e+03
4.500000000000000000e+02,9.249103448275862149e+01,1.162700000000000000e+04,2.673332140875976165e+03
4.510000000000000000e+02,9.252606896551723992e+01,1.155500000000000000e+04,2.256354965323904253e+03
4.520000000000000000e+02,9.256110344827587255e+01,1.150700000000000000e+04,2.308931616439901063e+03
4.530000000000000000e+02,9.259613793103447676e+01,1.151500000000000000e+04,2.388157066873047825e+03
4.540000000000000000e+02,9.263117241379309519e+01,1.168300000000000000e+04,2.424143468664670308e+03
4.550000000000000000e+02,9.266620689655172782e+01,1.154700000000000000e+04,2.176578178513133935e+03
4.560000000000000000e+02,9.270124137931033204e+01,1.157100000000000000e+04,2.130854499338297956e+03
4.570000000000000000e+02,9.273627586206896467e+01,1.162700000000000000e+04,2.338741477098548785e+03
4.580000000000000000e+02,9.277131034482758309e+01,1.168300000000000000e+04,2.562247392308745475e+03
4.590000000000000000e+02,9.280634482758620152e+01,1.161900000000000000e+04,2.524987973080377742e+03
4.600000000000000000e+02,9.284137931034483415e+01,1.166700000000000000e+04,2.033121965224490395e+03
4.610000000000000000e+02,9.287641379310343837e+01,1.170700000000000000e+04,2.628986136521151820e+03
4.620000000000000000e+02,9.291144827586207100e+01,1.157100000000000000e+04,2.799581394387740147e+03
4.630000000000000000e+02,9.294648275862068942e+01,1.165900000000000000e+04,2.619685050410121676e+03
4.640000000000000000e+02,9.298151724137929364e+01,1.160300000000000000e+04,2.484094149695991746e+03
4.650000000000000000e+02,9.301655172413792627e+01,1.157900000000000000e+04,2.515144815345638108e+03
4.660000000000000000e+02,9.305158620689654470e+01,1.166700000000000000e+04,2.530107632987092529e+03
4.670000000000000000e+02,9.308662068965517733e+01,1.159500000000000000e+04,2.604489282529271350e+03
4.680000000000000000e+02,9.312165517241379575e+01,1.165100000000000000e+04,3.033634077317235096e+03
4.690000000000000000e+02,9.315668965517239997e+01,1.181900000000000000e+04,2.396031542667923532e+03
4.700000000000000000e+02,9.319172413793103260e+01,1.174700000000000000e+04,2.698212245044787778e+03
4.710000000000000000e+02,9.322675862068965102e+01,1.175500000000000000e+04,2.500227959507957166e+03
4.720000000000000000e+02,9.326179310344828366e+01,1.165100000000000000e+04,2.406192864774908230e+03
4.730000000000000000e+02,9.329682758620688787e+01,1.182700000000000000e+04,2.338325489842408388e+03
4.740000000000000000e+02,9.333186206896550630e+01,1.177900000000000000e+04,2.496920500016785354e+03
4.750000000000000000e+02,9.336689655172413893e+01,1.179500000000000000e+04,2.462742410844633923e+03
4.760000000000000000e+02,9.340193103448275735e+01,1.182700000000000000e+04,2.284095367055713268e+03
4.770000000000000000e+02,9.343696551724138999e+01,1.185100000000000000e+04,1.566583210105260378e+03
4.780000000000000000e+02,9.347199999999999420e+01,1.179500000000000000e+04,1.450682392882787781e+03
4.790000000000000000e+02,9.350703448275861263e+01,1.181100000000000000e+04,1.396770667656078103e+03
4.800000000000000000e+02,9.354206896551724526e+01,1.181100000000000000e+04,1.333484421408606522e+03
4.810000000000000000e+02,9.357710344827584947e+01,1.177100000000000000e+04,1.575454983931108927e+03
4.820000000000000000e+02,9.361213793103448211e+01,1.185900000000000000e+04,1.449879337621323430e+03
4.830000000000000000e+02,9.364717241379310053e+01,1.183500000000000000e+04,1.219420411283219664e+03
4.840000000000000000e+02,9.368220689655171896e+01,1.183500000000000000e+04,1.212253853705480424e+03
4.850000000000000000e+02,9.371724137931035159e+01,1.179500000000000000e+04,1.100457340740794052e+03
4.860000000000000000e+02,9.375227586206895580e+01,1.174700000000000000e+04,1.118519874193854776e+03
4.870000000000000000e+02,9.378731034482758844e+01,1.181100000000000000e+04,1.257083990875377140e+03
4.880000000000000000e+02,9.382234482758620686e+01,1.177100000000000000e+04,1.217159862967207346e+03
4.890000000000000000e+02,9.385737931034481107e+01,1.185100000000000000e+04,1.229482867475082230e+03
4.900000000000000000e+02,9.389241379310344371e+01,1.175500000000000000e+04,1.149701648596519362e+03
4.910000000000000000e+02,9.392744827586206213e+01,1.182700000000000000e+04,1.137255399191506058e+03
4.920000000000000000e+02,9.396248275862069477e+01,1.184300000000000000e+04,1.118824011756588334e+03
4.930000000000000000e+02,9.399751724137931319e+01,1.185900000000000000e+04,1.104334807318515686e+03
4.940000000000000000e+02,9.403255172413791740e+01,1.192300000000000000e+04,1.068227970754931448e+03
4.950000000000000000e+02,9.406758620689655004e+01,1.195500000000000000e+04,1.135162837188811864e+03
4.960000000000000000e+02,9.410262068965516846e+01,1.187500000000000000e+04,1.105447229512552440e+03
4.970000000000000000e+02,9.413765517241380110e+01,1.185900000000000000e+04,1.158763398652627984e+03
4.980000000000000000e+02,9.417268965517240531e+01,1.185100000000000000e+04,1.201293855975394536e+03
4.990000000000000000e+02,9.420772413793102373e+01,1.174700000000000000e+04,1.235870501022744975e+03
5.000000000000000000e+02,9.424275862068965637e+01,1.178700000000000000e+04,1.197516345177779840e+03
5.010000000000000000e+02,9.427779310344827479e+01,1.184300000000000000e+04,1.166910992982149537e+03
5.020000000000000000e+02,9.431282758620690743e+01,1.185100000000000000e+04,1.233311572181438578e+03
5.030000000000000000e+02,9.434786206896551164e+01,1.188300000000000000e+04,1.303244365074153166e+03
5.040000000000000000e+02,9.438289655172413006e+01,1.189900000000000000e+04,1.133394171724381522e+03
5.050000000000000000e+02,9.441793103448276270e+01,1.183500000000000000e+04,1.117390803414089532e+03
5.060000000000000000e+02,9.445296551724136691e+01,1.187500000000000000e+04,1.123119553467780634e+03
5.070000000000000000e+02,9.448799999999999955e+01,1.183500000000000000e+04,1.193894686399820557e+03
5.080000000000000000e+02,9.452303448275861797e+01,1.189100000000000000e+04,1.254979237103422520e+03
5.090000000000000000e+02,9.455806896551723639e+01,1.200300000000000000e+04,1.179193732039966562e+03
5.100000000000000000e+02,9.459310344827586903e+01,1.193100000000000000e+04,1.271638258270902952e+03
5.110000000000000000e+02,9.462813793103447324e+01,1.195500000000000000e+04,1.292239267426829883e+03
5.120000000000000000e+02,9.466317241379310587e+01,1.189900000000000000e+04,1.259870164725435188e+03
5.130000000000000000e+02,9.469820689655172430e+01,1.198700000000000000e+04,1.271105651236346603e+03
5.140000000000000000e+02,9.473324137931032851e+01,1.195500000000000000e+04,1.263380691035592463e+03
5.150000000000000000e+02,9.476827586206896115e+01,1.205100000000000000e+04,1.258852465560376004e+03
5.160000000000000000e+02,9.480331034482757957e+01,1.196300000000000000e+04,1.204956474883521196e+03
5.170000000000000000e+02,9.483834482758621220e+01,1.202700000000000000e+04,1.233754316137130445e+03
5.180000000000000000e+02,9.487337931034483063e+01,1.213900000000000000e+04,1.274334055892940114e+03
5.190000000000000000e+02,9.490841379310343484e+01,1.227500000000000000e+04,1.290766375706540657e+03
5.200000000000000000e+02,9.494344827586206748e+01,1.221100000000000000e+04,1.307588667872466658e+03
5.210000000000000000e+02,9.497848275862068590e+01,1.232300000000000000e+04,1.263971481443237508e+03
5.220000000000000000e+02,9.501351724137931853e+01,1.233900000000000000e+04,1.246507896458601181e+03
5.230000000000000000e+02,9.504855172413792275e+01,1.233900000000000000e+04,1.220049938761141902e+03
5.240000000000000000e+02,9.508358620689654117e+01,1.229100000000000000e+04,1.221656912304241132e+03
5.250000000000000000e+02,9.511862068965517381e+01,1.229100000000000000e+04,1.294155835318919117e+03
5.260000000000000000e+02,9.515365517241377802e+01,1.225900000000000000e+04,1.306908817679182675e+03
5.270000000000000000e+02,9.518868965517242486e+01,1.237100000000000000e+04,1.294725756291002426e+03
5.280000000000000000e+02,9.522372413793102908e+01,1.239500000000000000e+04,1.327392596901573825e+03
5.290000000000000000e+02,9.525875862068964750e+01,1.239500000000000000e+04,1.333569643583929519e+03
5.300000000000000000e+02,9.529379310344828014e+01,1.242700000000000000e+04,1.328036917549977034e+03
5.310000000000000000e+02,9.532882758620688435e+01,1.245900000000000000e+04,1.344280129979747926e+03
5.320000000000000000e+02,9.536386206896551698e+01,1.250700000000000000e+04,1.351076769692744620e+03
5.330000000000000000e+02,9.539889655172413541e+01,1.252300000000000000e+04,1.305506286223398092e+03
5.340000000000000000e+02,9.543393103448273962e+01,1.254700000000000000e+04,1.319295398755569977e+03
5.350000000000000000e+02,9.546896551724137225e+01,1.264300000000000000e+04,1.438480276284275760e+03
5.360000000000000000e+02,9.550399999999999068e+01,1.269100000000000000e+04,1.405045726888445870e+03
5.370000000000000000e+02,9.553903448275862331e+01,1.260300000000000000e+04,1.424906655059475270e+03
5.380000000000000000e+02,9.557406896551724174e+01,1.274700000000000000e+04,1.425311032723536300e+03
5.390000000000000000e+02,9.560910344827584595e+01,1.266700000000000000e+04,1.492000513061552965e+03
5.400000000000000000e+02,9.564413793103447858e+01,1.270700000000000000e+04,1.415244218036411212e+03
5.410000000000000000e+02,9.567917241379309701e+01,1.274700000000000000e+04,1.454825042639981802e+03
5.420000000000000000e+02,9.571420689655172964e+01,1.265900000000000000e+04,1.449623585117447647e+03
5.430000000000000000e+02,9.574924137931033385e+01,1.283500000000000000e+04,1.497647491243775676e+03
5.440000000000000000e+02,9.578427586206895228e+01,1.276300000000000000e+04,1.430870794520169056e+03
5.450000000000000000e+02,9.581931034482758491e+01,1.276300000000000000e+04,1.440641423497436563e+03
5.460000000000000000e+02,9.585434482758620334e+01,1.274700000000000000e+04,1.472042760829868030e+03
5.470000000000000000e+02,9.588937931034483597e+01,1.284300000000000000e+04,1.497850400483229123e+03
5.480000000000000000e+02,9.592441379310344018e+01,1.279500000000000000e+04,1.467195229760983921e+03
5.490000000000000000e+02,9.595944827586205861e+01,1.293100000000000000e+04,1.524378894456705893e+03
5.500000000000000000e+02,9.599448275862069124e+01,1.269900000000000000e+04,1.431333676060752623e+03
5.510000000000000000e+02,9.602951724137929546e+01,1.281900000000000000e+04,1.535619232139952146e+03
5.520000000000000000e+02,9.606455172413792809e+01,1.278700000000000000e+04,1.523207071272536041e+03
5.530000000000000000e+02,9.609958620689654651e+01,1.283500000000000000e+04,1.502188206836123982e+03
5.540000000000000000e+02,9.613462068965516494e+01,1.266700000000000000e+04,1.568408452161923606e+03
5.550000000000000000e+02,9.616965517241379757e+01,1.285900000000000000e+04,1.484454460821630164e+03
5.560000000000000000e+02,9.620468965517240179e+01,1.277100000000000000e+04,1.556208059271965340e+03
5.570000000000000000e+02,9.623972413793103442e+01,1.252300000000000000e+04,1.586885887719676020e+03
5.580000000000000000e+02,9.627475862068965284e+01,1.290700000000000000e+04,1.606239633690340270e+03
5.590000000000000000e+02,9.630979310344825706e+01,1.294700000000000000e+04,1.601293139960702320e+03
5.600000000000000000e+02,9.634482758620688969e+01,1.288300000000000000e+04,1.588045402855615293e+03
5.610000000000000000e+02,9.637986206896550812e+01,1.281900000000000000e+04,1.626586975286893903e+03
5.620000000000000000e+02,9.641489655172414075e+01,1.277100000000000000e+04,1.578852355204456444e+03
5.630000000000000000e+02,9.644993103448275917e+01,1.254700000000000000e+04,1.591315133125748162e+03
5.640000000000000000e+02,9.648496551724136339e+01,1.269900000000000000e+04,1.537391536591300110e+03
5.650000000000000000e+02,9.651999999999999602e+01,1.301900000000000000e+04,1.652147694402569186e+03
5.660000000000000000e+02,9.655503448275861444e+01,1.273100000000000000e+04,1.569146170865333715e+03
5.670000000000000000e+02,9.659006896551724708e+01,1.287500000000000000e+04,1.574189845132556002e+03
5.680000000000000000e+02,9.662510344827585129e+01,1.275500000000000000e+04,1.613670949291204124e+03
5.690000000000000000e+02,9.666013793103446972e+01,1.273100000000000000e+04,1.557791183603002764e+03
5.700000000000000000e+02,9.669517241379310235e+01,1.273100000000000000e+04,1.580287972828156626e+03
5.710000000000000000e+02,9.673020689655172077e+01,1.290700000000000000e+04,1.626255034372879436e+03
5.720000000000000000e+02,9.676524137931035341e+01,1.278700000000000000e+04,1.653839435650557107e+03
5.730000000000000000e+02,9.680027586206895762e+01,1.273100000000000000e+04,1.612999407503060638e+03
5.740000000000000000e+02,9.683531034482757605e+01,1.269900000000000000e+04,1.637289092179354384e+03
5.750000000000000000e+02,9.687034482758620868e+01,1.261100000000000000e+04,1.565392095800627203e+03
5.760000000000000000e+02,9.690537931034481289e+01,1.272300000000000000e+04,1.544294833485983418e+03
5.770000000000000000e+02,9.694041379310344553e+01,1.258700000000000000e+04,1.587091719622460232e+03
5.780000000000000000e+02,9.697544827586206395e+01,1.250700000000000000e+04,1.584938986953766062e+03
5.790000000000000000e+02,9.701048275862068238e+01,1.252300000000000000e+04,1.643445783241241998e+03
5.800000000000000000e+02,9.704551724137931501e+01,1.268300000000000000e+04,1.576951181837659078e+03
5.810000000000000000e+02,9.708055172413791922e+01,1.267500000000000000e+04,1.551866476067096301e+03
5.820000000000000000e+02,9.711558620689655186e+01,1.253900000000000000e+04,1.653265405933902002e+03
5.830000000000000000e+02,9.715062068965517028e+01,1.247500000000000000e+04,1.629878969646945052e+03
5.840000000000000000e+02,9.718565517241377449e+01,1.241900000000000000e+04,1.621332192519775390e+03
5.850000000000000000e+02,9.722068965517240713e+01,1.241900000000000000e+04,1.713258045286821471e+03
5.860000000000000000e+02,9.725572413793102555e+01,1.241900000000000000e+04,1.725143285538360942e+03
5.870000000000000000e+02,9.729075862068965819e+01,1.245900000000000000e+04,1.647242496034845772e+03
5.880000000000000000e+02,9.732579310344827661e+01,1.225900000000000000e+04,1.784458150606035815e+03
5.890000000000000000e+02,9.736082758620688082e+01,1.242700000000000000e+04,1.668272611492980104e+03
5.900000000000000000e+02,9.739586206896551346e+01,1.241100000000000000e+04,1.697150141473743815e+03
5.910000000000000000e+02,9.743089655172413188e+01,1.243500000000000000e+04,1.738095260995243507e+03
5.920000000000000000e+02,9.746593103448276452e+01,1.221100000000000000e+04,1.705846550418621064e+03
5.930000000000000000e+02,9.750096551724136873e+01,1.230700000000000000e+04,1.715620600699120587e+03
5.940000000000000000e+02,9.753599999999998715e+01,1.239500000000000000e+04,1.696441834615014386e+03
5.950000000000000000e+02,9.757103448275861979e+01,1.224300000000000000e+04,1.720515005553771744e+03
5.960000000000000000e+02,9.760606896551723821e+01,1.236300000000000000e+04,1.715494922766627269e+03
5.970000000000000000e+02,9.764110344827587085e+01,1.242700000000000000e+04,1.731131782316145518e+03
5.980000000000000000e+02,9.767613793103447506e+01,1.248300000000000000e+04,1.667052319637748496e+03
5.990000000000000000e+02,9.771117241379309348e+01,1.253100000000000000e+04,1.715103409747215437e+03
6.000000000000000000e+02,9.774620689655172612e+01,1.233900000000000000e+04,1.720447078222804748e+03
6.010000000000000000e+02,9.778124137931033033e+01,1.246700000000000000e+04,1.748622889399482574e+03
6.020000000000000000e+02,9.781627586206896297e+01,1.229900000000000000e+04,1.754841166147552713e+03
6.030000000000000000e+02,9.785131034482758139e+01,1.221900000000000000e+04,1.772483398995440666e+03
6.040000000000000000e+02,9.788634482758619981e+01,1.229100000000000000e+04,1.731687015648262786e+03
6.050000000000000000e+02,9.792137931034483245e+01,1.223500000000000000e+04,1.781773463297391572e+03
6.060000000000000000e+02,9.795641379310343666e+01,1.230700000000000000e+04,1.785942197755128291e+03
6.070000000000000000e+02,9.799144827586206929e+01,1.209900000000000000e+04,1.772642272176011375e+03
6.080000000000000000e+02,9.802648275862068772e+01,1.229900000000000000e+04,1.821527027153859535e+03
6.090000000000000000e+02,9.806151724137929193e+01,1.205900000000000000e+04,1.851521750587382030e+03
6.100000000000000000e+02,9.809655172413792457e+01,1.229900000000000000e+04,1.745259217805921708e+03
6.110000000000000000e+02,9.813158620689654299e+01,1.229100000000000000e+04,1.790693104670389630e+03
6.120000000000000000e+02,9.816662068965517562e+01,1.219500000000000000e+04,1.777901919886399583e+03
6.130000000000000000e+02,9.820165517241379405e+01,1.211500000000000000e+04,1.828442764275181617e+03
6.140000000000000000e+02,9.823668965517239826e+01,1.227500000000000000e+04,1.789530961773407398e+03
6.150000000000000000e+02,9.827172413793103090e+01,1.209900000000000000e+04,1.790669040155920584e+03
6.160000000000000000e+02,9.830675862068964932e+01,1.217100000000000000e+04,1.719658754137286451e+03
6.170000000000000000e+02,9.834179310344828195e+01,1.217900000000000000e+04,1.763886806555784005e+03
6.180000000000000000e+02,9.837682758620688617e+01,1.209900000000000000e+04,1.767808173485355383e+03
6.190000000000000000e+02,9.841186206896550459e+01,1.216300000000000000e+04,1.756115041188633995e+03
6.200000000000000000e+02,9.844689655172413723e+01,1.209100000000000000e+04,1.782310700173897885e+03
6.210000000000000000e+02,9.848193103448275565e+01,1.205100000000000000e+04,1.752954900115485543e+03
6.220000000000000000e+02,9.851696551724138828e+01,1.225900000000000000e+04,1.746317137888070420e+03
6.230000000000000000e+02,9.855199999999999250e+01,1.221900000000000000e+04,1.732372060554240988e+03
6.240000000000000000e+02,9.858703448275861092e+01,1.239500000000000000e+04,1.734305697081254266e+03
6.250000000000000000e+02,9.862206896551724356e+01,1.229100000000000000e+04,1.714190492463091914e+03
6.260000000000000000e+02,9.865710344827584777e+01,1.219500000000000000e+04,1.694435265687234732e+03
6.270000000000000000e+02,9.869213793103448040e+01,1.225100000000000000e+04,1.713591899799206431e+03
6.280000000000000000e+02,9.872717241379309883e+01,1.223500000000000000e+04,1.782207731289287267e+03
6.290000000000000000e+02,9.876220689655171725e+01,1.225100000000000000e+04,1.733920235239902922e+03
6.300000000000000000e+02,9.879724137931034988e+01,1.213900000000000000e+04,1.808053939981161420e+03
6.310000000000000000e+02,9.883227586206895410e+01,1.226700000000000000e+04,1.736952128619160248e+03
6.320000000000000000e+02,9.886731034482758673e+01,1.215500000000000000e+04,1.723330760130552108e+03
6.330000000000000000e+02,9.890234482758620516e+01,1.224300000000000000e+04,1.644733838048358393e+03
6.340000000000000000e+02,9.893737931034480937e+01,1.237100000000000000e+04,1.757662555118351975e+03
6.350000000000000000e+02,9.897241379310344200e+01,1.207500000000000000e+04,1.787655709552215058e+03
6.360000000000000000e+02,9.900744827586206043e+01,1.214700000000000000e+04,1.732667745647327365e+03
6.370000000000000000e+02,9.904248275862069306e+01,1.221900000000000000e+04,1.818332005321561155e+03
6.380000000000000000e+02,9.907751724137931149e+01,1.230700000000000000e+04,1.819530678700896942e+03
6.390000000000000000e+02,9.911255172413791570e+01,1.225900000000000000e+04,1.756744911469852013e+03
6.400000000000000000e+02,9.914758620689654833e+01,1.227500000000000000e+04,1.795934948476476620e+03
6.410000000000000000e+02,9.918262068965516676e+01,1.241900000000000000e+04,1.736650307246719194e+03
6.420000000000000000e+02,9.921765517241379939e+01,1.213900000000000000e+04,1.787305778200665827e+03
6.430000000000000000e+02,9.925268965517240360e+01,1.217900000000000000e+04,1.843481236753317717e+03
6.440000000000000000e+02,9.928772413793102203e+01,1.227500000000000000e+04,1.788104726449009831e+03
6.450000000000000000e+02,9.932275862068965466e+01,1.213100000000000000e+04,1.791473167724961286e+03
6.460000000000000000e+02,9.935779310344827309e+01,1.214700000000000000e+04,1.776524715039353623e+03
6.470000000000000000e+02,9.939282758620690572e+01,1.212300000000000000e+04,1.843004202646456861e+03
6.480000000000000000e+02,9.942786206896550993e+01,1.211500000000000000e+04,1.862986784481397081e+03
6.490000000000000000e+02,9.946289655172412836e+01,1.201100000000000000e+04,1.890260583969776235e+03
6.500000000000000000e+02,9.949793103448276099e+01,1.205100000000000000e+04,1.862513065225621858e+03
6.510000000000000000e+02,9.953296551724136521e+01,1.196300000000000000e+04,1.889726302946227179e+03
6.520000000000000000e+02,9.956799999999999784e+01,1.211500000000000000e+04,1.810750581471670785e+03
6.530000000000000000e+02,9.960303448275861626e+01,1.200300000000000000e+04,1.866362146263327304e+03
6.540000000000000000e+02,9.963806896551723469e+01,1.208300000000000000e+04,1.905579345246542061e+03
6.550000000000000000e+02,9.967310344827586732e+01,1.190700000000000000e+04,1.974951566168482486e+03
6.560000000000000000e+02,9.970813793103447153e+01,1.186700000000000000e+04,1.929622363533456792e+03
6.570000000000000000e+02,9.974317241379310417e+01,1.197900000000000000e+04,1.875892503010676364e+03
6.580000000000000000e+02,9.977820689655172259e+01,1.200300000000000000e+04,1.879956490624995695e+03
6.590000000000000000e+02,9.981324137931032681e+01,1.204300000000000000e+04,1.945226408153687089e+03
6.600000000000000000e+02,9.984827586206895944e+01,1.202700000000000000e+04,1.874561955162596632e+03
6.610000000000000000e+02,9.988331034482757786e+01,1.201900000000000000e+04,1.805795730073304185e+03
6.620000000000000000e+02,9.991834482758621050e+01,1.215500000000000000e+04,1.824341466974598688e+03
6.630000000000000000e+02,9.995337931034482892e+01,1.204300000000000000e+04,1.774189234888019200e+03
6.640000000000000000e+02,9.998841379310343314e+01,1.203500000000000000e+04,1.895262041929239558e+03
6.650000000000000000e+02,1.000234482758620658e+02,1.217100000000000000e+04,1.820445023481344379e+03
6.660000000000000000e+02,1.000584827586206842e+02,1.203500000000000000e+04,1.800823091428683483e+03
6.670000000000000000e+02,1.000935172413793168e+02,1.208300000000000000e+04,1.771991781287893446e+03
6.680000000000000000e+02,1.001285517241379210e+02,1.198700000000000000e+04,1.790517155210007104e+03
6.690000000000000000e+02,1.001635862068965395e+02,1.214700000000000000e+04,1.754257712520460473e+03
6.700000000000000000e+02,1.001986206896551721e+02,1.212300000000000000e+04,1.756149563215078160e+03
6.710000000000000000e+02,1.002336551724137905e+02,1.216300000000000000e+04,1.691823722774234511e+03
6.720000000000000000e+02,1.002686896551724232e+02,1.195500000000000000e+04,1.837273043078825822e+03
6.730000000000000000e+02,1.003037241379310274e+02,1.213900000000000000e+04,1.727136933074149056e+03
6.740000000000000000e+02,1.003387586206896458e+02,1.201900000000000000e+04,1.715855026327287533e+03
6.750000000000000000e+02,1.003737931034482784e+02,1.197100000000000000e+04,1.748160470062096692e+03
6.760000000000000000e+02,1.004088275862068826e+02,1.197900000000000000e+04,1.805067839185114735e+03
6.770000000000000000e+02,1.004438620689655153e+02,1.205900000000000000e+04,1.720487876819886196e+03
6.780000000000000000e+02,1.004788965517241337e+02,1.196300000000000000e+04,1.721548758537924414e+03
6.790000000000000000e+02,1.005139310344827521e+02,1.189900000000000000e+04,1.778220575789771146e+03
6.800000000000000000e+02,1.005489655172413848e+02,1.187500000000000000e+04,1.788547534014256371e+03
6.810000000000000000e+02,1.005839999999999890e+02,1.192300000000000000e+04,1.793110991996397161e+03
6.820000000000000000e+02,1.006190344827586216e+02,1.189100000000000000e+04,1.807602089692126583e+03
6.830000000000000000e+02,1.006540689655172400e+02,1.193100000000000000e+04,1.840046671793191990e+03
6.840000000000000000e+02,1.006891034482758442e+02,1.196300000000000000e+04,1.843992292541062398e+03
6.850000000000000000e+02,1.007241379310344769e+02,1.190700000000000000e+04,1.725276119911341084e+03
6.860000000000000000e+02,1.007591724137930953e+02,1.181100000000000000e+04,1.814670648846633412e+03
6.870000000000000000e+02,1.007942068965517279e+02,1.187500000000000000e+04,1.850312185869403265e+03
6.880000000000000000e+02,1.008292413793103464e+02,1.193900000000000000e+04,1.745426545138721167e+03
6.890000000000000000e+02,1.008642758620689506e+02,1.180300000000000000e+04,1.826729731952639668e+03
6.900000000000000000e+02,1.008993103448275832e+02,1.191500000000000000e+04,1.769199749966716581e+03
6.910000000000000000e+02,1.009343448275862016e+02,1.172300000000000000e+04,1.819508228438065316e+03
6.920000000000000000e+02,1.009693793103448343e+02,1.180300000000000000e+04,1.826066030406592063e+03
6.930000000000000000e+02,1.010044137931034385e+02,1.182700000000000000e+04,1.763877568704081568e+03
6.940000000000000000e+02,1.010394482758620569e+02,1.169100000000000000e+04,1.857321423375449967e+03
6.950000000000000000e+02,1.010744827586206895e+02,1.176300000000000000e+04,1.934632899708284867e+03
6.960000000000000000e+02,1.011095172413793080e+02,1.177100000000000000e+04,1.946899777551021543e+03
6.970000000000000000e+02,1.011445517241379406e+02,1.169900000000000000e+04,1.986253304970096679e+03
6.980000000000000000e+02,1.011795862068965448e+02,1.175500000000000000e+04,2.094484972239547005e+03
6.990000000000000000e+02,1.012146206896551632e+02,1.174700000000000000e+04,2.058385244892583614e+03
7.000000000000000000e+02,1.012496551724137959e+02,1.172300000000000000e+04,2.072333743620245059e+03
7.010000000000000000e+02,1.012846896551724001e+02,1.171500000000000000e+04,2.085593340807718050e+03
7.020000000000000000e+02,1.013197241379310327e+02,1.177900000000000000e+04,2.056972932775756362e+03
7.030000000000000000e+02,1.013547586206896511e+02,1.175500000000000000e+04,2.063963433812624771e+03
7.040000000000000000e+02,1.013897931034482696e+02,1.173100000000000000e+04,2.085618792344475878e+03
7.050000000000000000e+02,1.014248275862069022e+02,1.171500000000000000e+04,2.003375779387359444e+03
7.060000000000000000e+02,1.014598620689655064e+02,1.175500000000000000e+04,1.960474912965453996e+03
7.070000000000000000e+02,1.014948965517241390e+02,1.157100000000000000e+04,1.982518408805676700e+03
7.080000000000000000e+02,1.015299310344827575e+02,1.176300000000000000e+04,2.037104273130399633e+03
7.090000000000000000e+02,1.015649655172413617e+02,1.171500000000000000e+04,1.989722659335152457e+03
7.100000000000000000e+02,1.015999999999999943e+02,1.176300000000000000e+04,1.978412573861232431e+03
7.110000000000000000e+02,1.016350344827586127e+02,1.172300000000000000e+04,1.983448900652979773e+03
7.120000000000000000e+02,1.016700689655172454e+02,1.174700000000000000e+04,1.871895216545497533e+03
7.130000000000000000e+02,1.017051034482758638e+02,1.176300000000000000e+04,1.936603555353459569e+03
7.140000000000000000e+02,1.017401379310344680e+02,1.177900000000000000e+04,1.879221068442178876e+03
7.150000000000000000e+02,1.017751724137931006e+02,1.171500000000000000e+04,1.881132267033615108e+03
7.160000000000000000e+02,1.018102068965517191e+02,1.173100000000000000e+04,1.868824062894814233e+03
7.170000000000000000e+02,1.018452413793103517e+02,1.177900000000000000e+04,1.802702775886324162e+03
7.180000000000000000e+02,1.018802758620689559e+02,1.172300000000000000e+04,1.862564337392571815e+03
7.190000000000000000e+02,1.019153103448275743e+02,1.181900000000000000e+04,1.853884234387317292e+03
7.200000000000000000e+02,1.019503448275862070e+02,1.177900000000000000e+04,1.738966315835160913e+03
7.210000000000000000e+02,1.019853793103448254e+02,1.175500000000000000e+04,1.811201117482137761e+03
7.220000000000000000e+02,1.020204137931034580e+02,1.177100000000000000e+04,1.734333272789077000e+03
7.230000000000000000e+02,1.020554482758620622e+02,1.175500000000000000e+04,1.768831952566674772e+03
7.240000000000000000e+02,1.020904827586206807e+02,1.189100000000000000e+04,1.726777820426261542e+03
7.250000000000000000e+02,1.021255172413793133e+02,1.178700000000000000e+04,1.709221895245988890e+03
7.260000000000000000e+02,1.021605517241379175e+02,1.187500000000000000e+04,1.621271951238394877e+03
7.270000000000000000e+02,1.021955862068965502e+02,1.173100000000000000e+04,1.644620348916288322e+03
7.280000000000000000e+02,1.022306206896551686e+02,1.199500000000000000e+04,1.660906707715405446e+03
7.290000000000000000e+02,1.022656551724137870e+02,1.200300000000000000e+04,1.654491728986553881e+03
7.300000000000000000e+02,1.023006896551724196e+02,1.192300000000000000e+04,1.700614542519194856e+03
7.310000000000000000e+02,1.023357241379310238e+02,1.177900000000000000e+04,1.641609962204231351e+03
7.320000000000000000e+02,1.023707586206896565e+02,1.161900000000000000e+04,1.651820783335953138e+03
7.330000000000000000e+02,1.024057931034482749e+02,1.169900000000000000e+04,1.648724648349358176e+03
7.340000000000000000e+02,1.024408275862068791e+02,1.157100000000000000e+04,1.737345801004068790e+03
7.350000000000000000e+02,1.024758620689655118e+02,1.165900000000000000e+04,1.665785107691571511e+03
7.360000000000000000e+02,1.025108965517241302e+02,1.165900000000000000e+04,1.591509758768751908e+03
7.370000000000000000e+02,1.025459310344827628e+02,1.166700000000000000e+04,1.562210224360236452e+03
7.380000000000000000e+02,1.025809655172413812e+02,1.157100000000000000e+04,1.553552046188036229e+03
7.390000000000000000e+02,1.026159999999999854e+02,1.161900000000000000e+04,1.515737177715966254e+03
7.400000000000000000e+02,1.026510344827586181e+02,1.153100000000000000e+04,1.610106436495731487e+03
7.410000000000000000e+02,1.026860689655172365e+02,1.165100000000000000e+04,1.706544592672317776e+03
7.420000000000000000e+02,1.027211034482758691e+02,1.152300000000000000e+04,1.817850010159349722e+03
7.430000000000000000e+02,1.027561379310344734e+02,1.152300000000000000e+04,1.521953391975146133e+03
7.440000000000000000e+02,1.027911724137930918e+02,1.158700000000000000e+04,1.493047719035065484e+03
7.450000000000000000e+02,1.028262068965517244e+02,1.145100000000000000e+04,1.646777439801124046e+03
7.460000000000000000e+02,1.028612413793103428e+02,1.148300000000000000e+04,1.515025548465348493e+03
7.470000000000000000e+02,1.028962758620689755e+02,1.148300000000000000e+04,1.737982448984381335e+03
7.480000000000000000e+02,1.029313103448275797e+02,1.157900000000000000e+04,1.795977023888357962e+03
7.490000000000000000e+02,1.029663448275861981e+02,1.150700000000000000e+04,1.403679479616748040e+03
7.500000000000000000e+02,1.030013793103448307e+02,1.149100000000000000e+04,1.368407369902027767e+03
7.510000000000000000e+02,1.030364137931034350e+02,1.136300000000000000e+04,1.349590324869525148e+03
7.520000000000000000e+02,1.030714482758620676e+02,1.136300000000000000e+04,1.350024177188727435e+03
7.530000000000000000e+02,1.031064827586206860e+02,1.142700000000000000e+04,1.339228477306971627e+03
7.540000000000000000e+02,1.031415172413793044e+02,1.141100000000000000e+04,1.377454751646740078e+03
7.550000000000000000e+02,1.031765517241379371e+02,1.125100000000000000e+04,1.390001980916585580e+03
7.560000000000000000e+02,1.032115862068965413e+02,1.129900000000000000e+04,1.452309461119114076e+03
7.570000000000000000e+02,1.032466206896551739e+02,1.128300000000000000e+04,1.647603322830946126e+03
7.580000000000000000e+02,1.032816551724137923e+02,1.135500000000000000e+04,1.718541072019147578e+03
7.590000000000000000e+02,1.033166896551723966e+02,1.134700000000000000e+04,1.406826396554252597e+03
7.600000000000000000e+02,1.033517241379310292e+02,1.129900000000000000e+04,1.414127165193108567e+03
7.610000000000000000e+02,1.033867586206896476e+02,1.131500000000000000e+04,2.142950206577789231e+03
7.620000000000000000e+02,1.034217931034482802e+02,1.133100000000000000e+04,2.359361737784259276e+03
7.630000000000000000e+02,1.034568275862068987e+02,1.125100000000000000e+04,2.462508913175200632e+03
7.640000000000000000e+02,1.034918620689655029e+02,1.128300000000000000e+04,2.062134949933781627e+03
7.650000000000000000e+02,1.035268965517241355e+02,1.125100000000000000e+04,1.402027170437034101e+03
7.660000000000000000e+02,1.035619310344827539e+02,1.125100000000000000e+04,1.328990753916601307e+03
7.670000000000000000e+02,1.035969655172413866e+02,1.136300000000000000e+04,1.304690528255703612e+03
7.680000000000000000e+02,1.036319999999999908e+02,1.133100000000000000e+04,1.341984512360703775e+03
7.690000000000000000e+02,1.036670344827586092e+02,1.136300000000000000e+04,1.303855039234054857e+03
7.700000000000000000e+02,1.037020689655172418e+02,1.136300000000000000e+04,1.284515290600853632e+03
7.710000000000000000e+02,1.037371034482758603e+02,1.126700000000000000e+04,1.273204614234686005e+03
7.720000000000000000e+02,1.037721379310344929e+02,1.129900000000000000e+04,1.214454376349832501e+03
7.730000000000000000e+02,1.038071724137930971e+02,1.134700000000000000e+04,1.285474757006908703e+03
7.740000000000000000e+02,1.038422068965517155e+02,1.137100000000000000e+04,1.318251795958743287e+03
7.750000000000000000e+02,1.038772413793103482e+02,1.133100000000000000e+04,1.271383604323418240e+03
7.760000000000000000e+02,1.039122758620689524e+02,1.137900000000000000e+04,1.199006616569398602e+03
7.770000000000000000e+02,1.039473103448275850e+02,1.139500000000000000e+04,1.221077804071859191e+03
7.780000000000000000e+02,1.039823448275862035e+02,1.141100000000000000e+04,1.222900867165248201e+03
7.790000000000000000e+02,1.040173793103448219e+02,1.141100000000000000e+04,1.245329384549061615e+03
7.800000000000000000e+02,1.040524137931034545e+02,1.137900000000000000e+04,1.205447592085380393e+03
7.810000000000000000e+02,1.040874482758620587e+02,1.137900000000000000e+04,1.295586275149081530e+03
7.820000000000000000e+02,1.041224827586206914e+02,1.129100000000000000e+04,1.324512996364382616e+03
7.830000000000000000e+02,1.041575172413793098e+02,1.128300000000000000e+04,1.505102675726770940e+03
7.840000000000000000e+02,1.041925517241379140e+02,1.131500000000000000e+04,1.224549210544806783e+03
7.850000000000000000e+02,1.042275862068965466e+02,1.143500000000000000e+04,1.198392002212891839e+03
7.860000000000000000e+02,1.042626206896551651e+02,1.131500000000000000e+04,1.211083433862207130e+03
7.870000000000000000e+02,1.042976551724137977e+02,1.130700000000000000e+04,1.174028456676379164e+03
7.880000000000000000e+02,1.043326896551724161e+02,1.143500000000000000e+04,1.224896051918052081e+03
7.890000000000000000e+02,1.043677241379310203e+02,1.131500000000000000e+04,1.213507935341475786e+03
7.900000000000000000e+02,1.044027586206896530e+02,1.142700000000000000e+04,1.121053588234559356e+03
7.910000000000000000e+02,1.044377931034482714e+02,1.137900000000000000e+04,1.244476443813478454e+03
7.920000000000000000e+02,1.044728275862069040e+02,1.126700000000000000e+04,1.188493614321788300e+03
7.930000000000000000e+02,1.045078620689655082e+02,1.133900000000000000e+04,1.202432554531047344e+03
7.940000000000000000e+02,1.045428965517241267e+02,1.131500000000000000e+04,1.170406284470537912e+03
7.950000000000000000e+02,1.045779310344827593e+02,1.129900000000000000e+04,1.221066136863929387e+03
7.960000000000000000e+02,1.046129655172413777e+02,1.131500000000000000e+04,1.210203396790110901e+03
7.970000000000000000e+02,1.046480000000000103e+02,1.153900000000000000e+04,1.175915789270328332e+03
7.980000000000000000e+02,1.046830344827586146e+02,1.134700000000000000e+04,1.267183203102095149e+03
7.990000000000000000e+02,1.047180689655172330e+02,1.145100000000000000e+04,1.251877659412557023e+03
8.000000000000000000e+02,1.047531034482758656e+02,1.153100000000000000e+04,1.331177934772374329e+03
8.010000000000000000e+02,1.047881379310344698e+02,1.147500000000000000e+04,1.311068572819776364e+03
8.020000000000000000e+02,1.048231724137931025e+02,1.144300000000000000e+04,1.285483303102562559e+03
8.030000000000000000e+02,1.048582068965517209e+02,1.149100000000000000e+04,1.347589101812586478e+03
8.040000000000000000e+02,1.048932413793103393e+02,1.153900000000000000e+04,1.382917308259282436e+03
8.050000000000000000e+02,1.049282758620689719e+02,1.163500000000000000e+04,1.375052984117517099e+03
8.060000000000000000e+02,1.049633103448275762e+02,1.151500000000000000e+04,1.406164605886647223e+03
8.070000000000000000e+02,1.049983448275862088e+02,1.147500000000000000e+04,1.371840223564812504e+03
8.080000000000000000e+02,1.050333793103448272e+02,1.152300000000000000e+04,1.339198184786637285e+03
8.090000000000000000e+02,1.050684137931034314e+02,1.147500000000000000e+04,1.364829432517067744e+03
8.100000000000000000e+02,1.051034482758620641e+02,1.144300000000000000e+04,1.394869102580208846e+03
8.110000000000000000e+02,1.051384827586206825e+02,1.147500000000000000e+04,1.373303506485843855e+03
8.120000000000000000e+02,1.051735172413793151e+02,1.147500000000000000e+04,1.445863492057338590e+03
8.130000000000000000e+02,1.052085517241379335e+02,1.156300000000000000e+04,1.392693016379341543e+03
8.140000000000000000e+02,1.052435862068965378e+02,1.152300000000000000e+04,1.497404834634844292e+03
8.150000000000000000e+02,1.052786206896551704e+02,1.153900000000000000e+04,1.520010240915008353e+03
8.160000000000000000e+02,1.053136551724137888e+02,1.145900000000000000e+04,1.485387874424692882e+03
8.170000000000000000e+02,1.053486896551724215e+02,1.153900000000000000e+04,1.464833972482094168e+03
8.180000000000000000e+02,1.053837241379310257e+02,1.137100000000000000e+04,1.529831509050818113e+03
8.190000000000000000e+02,1.054187586206896441e+02,1.148300000000000000e+04,1.474789827312538364e+03
8.200000000000000000e+02,1.054537931034482767e+02,1.158700000000000000e+04,1.532004583426366935e+03
8.210000000000000000e+02,1.054888275862068951e+02,1.153900000000000000e+04,1.555608697795285707e+03
8.220000000000000000e+02,1.055238620689655278e+02,1.165100000000000000e+04,1.561124962815971003e+03
8.230000000000000000e+02,1.055588965517241320e+02,1.159500000000000000e+04,1.521767990503830333e+03
8.240000000000000000e+02,1.055939310344827504e+02,1.159500000000000000e+04,1.515362844880646662e+03
8.250000000000000000e+02,1.056289655172413831e+02,1.153900000000000000e+04,1.604005531967551178e+03
8.260000000000000000e+02,1.056639999999999873e+02,1.153900000000000000e+04,1.556087605685236440e+03
8.270000000000000000e+02,1.056990344827586199e+02,1.145900000000000000e+04,1.604438782421110318e+03
8.280000000000000000e+02,1.057340689655172383e+02,1.145900000000000000e+04,1.621931579045093713e+03
8.290000000000000000e+02,1.057691034482758567e+02,1.147500000000000000e+04,1.553728277445542517e+03
8.300000000000000000e+02,1.058041379310344894e+02,1.147500000000000000e+04,1.630475778914980765e+03
8.310000000000000000e+02,1.058391724137930936e+02,1.155500000000000000e+04,1.580763642264782447e+03
8.320000000000000000e+02,1.058742068965517262e+02,1.143500000000000000e+04,1.649354336346971877e+03
8.330000000000000000e+02,1.059092413793103447e+02,1.144300000000000000e+04,1.703722395099348660e+03
8.340000000000000000e+02,1.059442758620689489e+02,1.147500000000000000e+04,1.622871679952380646e+03
8.350000000000000000e+02,1.059793103448275815e+02,1.148300000000000000e+04,1.656609323049194018e+03
8.360000000000000000e+02,1.060143448275861999e+02,1.141100000000000000e+04,1.720661376037473929e+03
8.370000000000000000e+02,1.060493793103448326e+02,1.137100000000000000e+04,1.678438686416110841e+03
8.380000000000000000e+02,1.060844137931034510e+02,1.139500000000000000e+04,1.786613167429059331e+03
8.390000000000000000e+02,1.061194482758620552e+02,1.155500000000000000e+04,1.773867737824670485e+03
8.400000000000000000e+02,1.061544827586206878e+02,1.144300000000000000e+04,1.719951949655189082e+03
8.410000000000000000e+02,1.061895172413793063e+02,1.148300000000000000e+04,1.759468586066280977e+03
8.420000000000000000e+02,1.062245517241379389e+02,1.152300000000000000e+04,1.663788152535622430e+03
8.430000000000000000e+02,1.062595862068965431e+02,1.149900000000000000e+04,1.737833301990621294e+03
8.440000000000000000e+02,1.062946206896551615e+02,1.142700000000000000e+04,1.730864203804954741e+03
8.450000000000000000e+02,1.063296551724137942e+02,1.141100000000000000e+04,1.769335140451697271e+03
8.460000000000000000e+02,1.063646896551724126e+02,1.149100000000000000e+04,1.755590971983799363e+03
8.470000000000000000e+02,1.063997241379310452e+02,1.142700000000000000e+04,1.735836988747596479e+03
8.480000000000000000e+02,1.064347586206896494e+02,1.141900000000000000e+04,1.750755969157011805e+03
8.490000000000000000e+02,1.064697931034482679e+02,1.149100000000000000e+04,1.676215870919498002e+03
8.500000000000000000e+02,1.065048275862069005e+02,1.138700000000000000e+04,1.700369430188591878e+03
8.510000000000000000e+02,1.065398620689655047e+02,1.145900000000000000e+04,1.707134079421194429e+03
8.520000000000000000e+02,1.065748965517241373e+02,1.152300000000000000e+04,1.742427225257574946e+03
8.530000000000000000e+02,1.066099310344827558e+02,1.149900000000000000e+04,1.599958673899055839e+03
8.540000000000000000e+02,1.066449655172413742e+02,1.145100000000000000e+04,1.679484577284252282e+03
8.550000000000000000e+02,1.066800000000000068e+02,1.145900000000000000e+04,1.728642393819279050e+03
8.560000000000000000e+02,1.067150344827586110e+02,1.137100000000000000e+04,1.772559407152574295e+03
8.570000000000000000e+02,1.067500689655172437e+02,1.141900000000000000e+04,1.734680079788239027e+03
8.580000000000000000e+02,1.067851034482758621e+02,1.147500000000000000e+04,1.653911589411606656e+03
8.590000000000000000e+02,1.068201379310344663e+02,1.147500000000000000e+04,1.666728120696343240e+03
8.600000000000000000e+02,1.068551724137930989e+02,1.144300000000000000e+04,1.625952414296907591e+03
8.610000000000000000e+02,1.068902068965517174e+02,1.145900000000000000e+04,1.605379078742045749e+03
8.620000000000000000e+02,1.069252413793103500e+02,1.135500000000000000e+04,1.704519958544028441e+03
8.630000000000000000e+02,1.069602758620689684e+02,1.144300000000000000e+04,1.650064606108485350e+03
8.640000000000000000e+02,1.069953103448275726e+02,1.134700000000000000e+04,1.605669898054310352e+03
8.650000000000000000e+02,1.070303448275862053e+02,1.137900000000000000e+04,1.544271431935772625e+03
8.660000000000000000e+02,1.070653793103448237e+02,1.137900000000000000e+04,1.637574686474206146e+03
8.670000000000000000e+02,1.071004137931034563e+02,1.133100000000000000e+04,1.630285845187338737e+03
8.680000000000000000e+02,1.071354482758620605e+02,1.141100000000000000e+04,1.598916424810539411e+03
8.690000000000000000e+02,1.071704827586206790e+02,1.141100000000000000e+04,1.560571643580839691e+03
8.700000000000000000e+02,1.072055172413793116e+02,1.137900000000000000e+04,1.531107215694494698e+03
8.710000000000000000e+02,1.072405517241379300e+02,1.133100000000000000e+04,1.564996333459927428e+03
8.720000000000000000e+02,1.072755862068965627e+02,1.125100000000000000e+04,1.567467493850395158e+03
8.730000000000000000e+02,1.073106206896551669e+02,1.138700000000000000e+04,1.530588783208170298e+03
8.740000000000000000e+02,1.073456551724137853e+02,1.144300000000000000e+04,1.434169206026587290e+03
8.750000000000000000e+02,1.073806896551724179e+02,1.134700000000000000e+04,1.496102649494147727e+03
8.760000000000000000e+02,1.074157241379310221e+02,1.137900000000000000e+04,1.478860002109528295e+03
8.770000000000000000e+02,1.074507586206896548e+02,1.128300000000000000e+04,1.438494174618278976e+03
8.780000000000000000e+02,1.074857931034482732e+02,1.125100000000000000e+04,1.467905422399405779e+03
8.790000000000000000e+02,1.075208275862068774e+02,1.128300000000000000e+04,1.388353460605464079e+03
8.800000000000000000e+02,1.075558620689655243e+02,1.121900000000000000e+04,1.470613598281624036e+03
8.810000000000000000e+02,1.075908965517241285e+02,1.126700000000000000e+04,1.402062829157862552e+03
8.820000000000000000e+02,1.076259310344827469e+02,1.124300000000000000e+04,1.415458262525327200e+03
8.830000000000000000e+02,1.076609655172413795e+02,1.120300000000000000e+04,1.392047285596730489e+03
8.840000000000000000e+02,1.076959999999999837e+02,1.134700000000000000e+04,1.369558827205198895e+03
8.850000000000000000e+02,1.077310344827586164e+02,1.125900000000000000e+04,1.341159143686484185e+03
8.860000000000000000e+02,1.077660689655172348e+02,1.131500000000000000e+04,1.377563464681185224e+03
8.870000000000000000e+02,1.078011034482758390e+02,1.121900000000000000e+04,1.448726346228099374e+03
8.880000000000000000e+02,1.078361379310344716e+02,1.126700000000000000e+04,1.428660147693876979e+03
8.890000000000000000e+02,1.078711724137930901e+02,1.131500000000000000e+04,1.401514898654230592e+03
8.900000000000000000e+02,1.079062068965517227e+02,1.129900000000000000e+04,1.438339568149616980e+03
8.910000000000000000e+02,1.079412413793103411e+02,1.126700000000000000e+04,1.378091347253892536e+03
8.920000000000000000e+02,1.079762758620689453e+02,1.128300000000000000e+04,1.351676175118119545e+03
8.930000000000000000e+02,1.080113103448275780e+02,1.126700000000000000e+04,1.433377528735286205e+03
8.940000000000000000e+02,1.080463448275861964e+02,1.120300000000000000e+04,1.354904872036076085e+03
8.950000000000000000e+02,1.080813793103448290e+02,1.134700000000000000e+04,1.388615777965470215e+03
8.960000000000000000e+02,1.081164137931034332e+02,1.131500000000000000e+04,1.436221790073355351e+03
8.970000000000000000e+02,1.081514482758620517e+02,1.141100000000000000e+04,1.392431658818333744e+03
8.980000000000000000e+02,1.081864827586206843e+02,1.139500000000000000e+04,1.330395696918362319e+03
8.990000000000000000e+02,1.082215172413793027e+02,1.144300000000000000e+04,1.397096914505559880e+03
9.000000000000000000e+02,1.082565517241379354e+02,1.131500000000000000e+04,1.376100207144106662e+03
9.010000000000000000e+02,1.082915862068965396e+02,1.126700000000000000e+04,1.405286053305671203e+03
9.020000000000000000e+02,1.083266206896551580e+02,1.129100000000000000e+04,1.286605566339961797e+03
9.030000000000000000e+02,1.083616551724137906e+02,1.129900000000000000e+04,1.358008749588410637e+03
9.040000000000000000e+02,1.083966896551723949e+02,1.123500000000000000e+04,1.222500601794625709e+03
9.050000000000000000e+02,1.084317241379310275e+02,1.124300000000000000e+04,1.200314536288600266e+03
9.060000000000000000e+02,1.084667586206896459e+02,1.133900000000000000e+04,1.271478485537278402e+03
9.070000000000000000e+02,1.085017931034482643e+02,1.127500000000000000e+04,1.347139417941933516e+03
9.080000000000000000e+02,1.085368275862068970e+02,1.127500000000000000e+04,1.236949000631358331e+03
9.090000000000000000e+02,1.085718620689655012e+02,1.125900000000000000e+04,1.207321758975115472e+03
9.100000000000000000e+02,1.086068965517241338e+02,1.127500000000000000e+04,1.194857940351168736e+03
9.110000000000000000e+02,1.086419310344827522e+02,1.125900000000000000e+04,1.114469873190441604e+03
9.120000000000000000e+02,1.086769655172413565e+02,1.125100000000000000e+04,1.176213683916141235e+03
9.130000000000000000e+02,1.087119999999999891e+02,1.115500000000000000e+04,1.179931386367339428e+03
9.140000000000000000e+02,1.087470344827586075e+02,1.131500000000000000e+04,1.148659276107555570e+03
9.150000000000000000e+02,1.087820689655172401e+02,1.129900000000000000e+04,1.120122274626821309e+03
9.160000000000000000e+02,1.088171034482758586e+02,1.125100000000000000e+04,1.092975271096736833e+03
9.170000000000000000e+02,1.088521379310344628e+02,1.125900000000000000e+04,1.087743329421359931e+03
9.180000000000000000e+02,1.088871724137930954e+02,1.122700000000000000e+04,9.998891329923891362e+02
9.190000000000000000e+02,1.089222068965517138e+02,1.132300000000000000e+04,9.388269304701075271e+02
9.200000000000000000e+02,1.089572413793103465e+02,1.126700000000000000e+04,9.932440179533363107e+02
9.210000000000000000e+02,1.089922758620689507e+02,1.128300000000000000e+04,9.929153915055799189e+02
9.220000000000000000e+02,1.090273103448275691e+02,1.133100000000000000e+04,9.430777136500119013e+02
9.230000000000000000e+02,1.090623448275862017e+02,1.124300000000000000e+04,8.860619597514178167e+02
9.240000000000000000e+02,1.090973793103448202e+02,1.133900000000000000e+04,8.825525223544900655e+02
9.250000000000000000e+02,1.091324137931034528e+02,1.131500000000000000e+04,8.922698077130314687e+02
9.260000000000000000e+02,1.091674482758620570e+02,1.129900000000000000e+04,8.679475640361183650e+02
9.270000000000000000e+02,1.092024827586206754e+02,1.125100000000000000e+04,9.218591066644527245e+02
9.280000000000000000e+02,1.092375172413793081e+02,1.130700000000000000e+04,8.234278679398380518e+02
9.290000000000000000e+02,1.092725517241379123e+02,1.133100000000000000e+04,8.934219583927142594e+02
9.300000000000000000e+02,1.093075862068965449e+02,1.142700000000000000e+04,7.978076622561093245e+02
9.310000000000000000e+02,1.093426206896551633e+02,1.138700000000000000e+04,7.856049798849053332e+02
9.320000000000000000e+02,1.093776551724137818e+02,1.145100000000000000e+04,8.079578206003271816e+02
9.330000000000000000e+02,1.094126896551724144e+02,1.145100000000000000e+04,7.561153432666692424e+02
9.340000000000000000e+02,1.094477241379310186e+02,1.127500000000000000e+04,7.714428835027907780e+02
9.350000000000000000e+02,1.094827586206896513e+02,1.129900000000000000e+04,8.339886288174352558e+02
9.360000000000000000e+02,1.095177931034482697e+02,1.129900000000000000e+04,8.601685810015771949e+02
9.370000000000000000e+02,1.095528275862068739e+02,1.134700000000000000e+04,7.600614291699431533e+02
9.380000000000000000e+02,1.095878620689655065e+02,1.132300000000000000e+04,8.805471296453167724e+02
9.390000000000000000e+02,1.096228965517241249e+02,1.131500000000000000e+04,7.808037395916511514e+02
9.400000000000000000e+02,1.096579310344827576e+02,1.137900000000000000e+04,7.958664472364120002e+02
9.410000000000000000e+02,1.096929655172413760e+02,1.129100000000000000e+04,8.126129077078937826e+02
9.420000000000000000e+02,1.097279999999999802e+02,1.136300000000000000e+04,7.462104537586214974e+02
9.430000000000000000e+02,1.097630344827586129e+02,1.134700000000000000e+04,7.510350019194670494e+02
9.440000000000000000e+02,1.097980689655172313e+02,1.133100000000000000e+04,7.819540782322791301e+02
9.450000000000000000e+02,1.098331034482758639e+02,1.137900000000000000e+04,7.621182480647412376e+02
9.460000000000000000e+02,1.098681379310344681e+02,1.144300000000000000e+04,7.495036206389488598e+02
9.470000000000000000e+02,1.099031724137930865e+02,1.137900000000000000e+04,7.403076684950964363e+02
9.480000000000000000e+02,1.099382068965517192e+02,1.129900000000000000e+04,7.547813183480361658e+02
9.490000000000000000e+02,1.099732413793103376e+02,1.133100000000000000e+04,7.523621688522523527e+02
9.500000000000000000e+02,1.100082758620689702e+02,1.137100000000000000e+04,7.413387811771780207e+02
9.510000000000000000e+02,1.100433103448275745e+02,1.145900000000000000e+04,8.074134544190047791e+02
9.520000000000000000e+02,1.100783448275861929e+02,1.137900000000000000e+04,7.572809439956528195e+02
9.530000000000000000e+02,1.101133793103448255e+02,1.131500000000000000e+04,7.539135906318743992e+02
9.540000000000000000e+02,1.101484137931034297e+02,1.138700000000000000e+04,7.254462490120638449e+02
9.550000000000000000e+02,1.101834482758620624e+02,1.136300000000000000e+04,6.529198423502136848e+02
9.560000000000000000e+02,1.102184827586206808e+02,1.141100000000000000e+04,7.252593551959475917e+02
9.570000000000000000e+02,1.102535172413792992e+02,1.133100000000000000e+04,6.889417180747889233e+02
9.580000000000000000e+02,1.102885517241379318e+02,1.137100000000000000e+04,6.548070451078215228e+02
9.590000000000000000e+02,1.103235862068965361e+02,1.145900000000000000e+04,6.560615970608090493e+02
9.600000000000000000e+02,1.103586206896551687e+02,1.141900000000000000e+04,6.652888379598161919e+02
9.610000000000000000e+02,1.103936551724137871e+02,1.136300000000000000e+04,6.726456071138625248e+02
9.620000000000000000e+02,1.104286896551723913e+02,1.150700000000000000e+04,7.029565570954646319e+02
9.630000000000000000e+02,1.104637241379310240e+02,1.141900000000000000e+04,6.034425666040850729e+02
9.640000000000000000e+02,1.104987586206896424e+02,1.137100000000000000e+04,7.170852408644645948e+02
9.650000000000000000e+02,1.105337931034482750e+02,1.141100000000000000e+04,6.973929061548228674e+02
9.660000000000000000e+02,1.105688275862068934e+02,1.133100000000000000e+04,6.711527002611400121e+02
9.670000000000000000e+02,1.106038620689654977e+02,1.148300000000000000e+04,6.504931683539448386e+02
9.680000000000000000e+02,1.106388965517241303e+02,1.144300000000000000e+04,6.971478667617943756e+02
9.690000000000000000e+02,1.106739310344827487e+02,1.134700000000000000e+04,5.972766753342619950e+02
9.700000000000000000e+02,1.107089655172413813e+02,1.147500000000000000e+04,6.638157643943038693e+02
9.710000000000000000e+02,1.107439999999999856e+02,1.148300000000000000e+04,6.920963591930149050e+02
9.720000000000000000e+02,1.107790344827586040e+02,1.150700000000000000e+04,6.844511834292767389e+02
9.730000000000000000e+02,1.108140689655172366e+02,1.145900000000000000e+04,5.935309777645294389e+02
9.740000000000000000e+02,1.108491034482758550e+02,1.149900000000000000e+04,6.256796297087587391e+02
9.750000000000000000e+02,1.108841379310344877e+02,1.149100000000000000e+04,7.009732899593808497e+02
9.760000000000000000e+02,1.109191724137930919e+02,1.153900000000000000e+04,7.386298236341725669e+02
9.770000000000000000e+02,1.109542068965517103e+02,1.155500000000000000e+04,6.394335576066441718e+02
9.780000000000000000e+02,1.109892413793103429e+02,1.143500000000000000e+04,6.348742729669128266e+02
9.790000000000000000e+02,1.110242758620689472e+02,1.148300000000000000e+04,6.779475221543099224e+02
9.800000000000000000e+02,1.110593103448275798e+02,1.149100000000000000e+04,7.350120770502301184e+02
9.810000000000000000e+02,1.110943448275861982e+02,1.150700000000000000e+04,7.241177167944877056e+02
9.820000000000000000e+02,1.111293793103448166e+02,1.153100000000000000e+04,6.767846758894621644e+02
9.830000000000000000e+02,1.111644137931034493e+02,1.142700000000000000e+04,6.742903824041632106e+02
9.840000000000000000e+02,1.111994482758620535e+02,1.145900000000000000e+04,6.601218619084817192e+02
9.850000000000000000e+02,1.112344827586206861e+02,1.145100000000000000e+04,7.210609421588744681e+02
9.860000000000000000e+02,1.112695172413793046e+02,1.142700000000000000e+04,5.866363240105995374e+02
9.870000000000000000e+02,1.113045517241379088e+02,1.137900000000000000e+04,6.246912428638410120e+02
9.880000000000000000e+02,1.113395862068965414e+02,1.147500000000000000e+04,6.647265160918852871e+02
9.890000000000000000e+02,1.113746206896551598e+02,1.147500000000000000e+04,6.085117585918603709e+02
9.900000000000000000e+02,1.114096551724137925e+02,1.150700000000000000e+04,6.555186130382376177e+02
9.910000000000000000e+02,1.114446896551724109e+02,1.162700000000000000e+04,6.358236086991190632e+02
9.920000000000000000e+02,1.114797241379310151e+02,1.144300000000000000e+04,6.539198116950863096e+02
9.930000000000000000e+02,1.115147586206896477e+02,1.149100000000000000e+04,5.700478781996889666e+02
9.940000000000000000e+02,1.115497931034482662e+02,1.145100000000000000e+04,6.213784142312010772e+02
9.950000000000000000e+02,1.115848275862068988e+02,1.152300000000000000e+04,6.499575560226541029e+02
9.960000000000000000e+02,1.116198620689655030e+02,1.150700000000000000e+04,6.279673865789410456e+02
9.970000000000000000e+02,1.116548965517241214e+02,1.158700000000000000e+04,7.054269426642259759e+02
9.980000000000000000e+02,1.116899310344827541e+02,1.141900000000000000e+04,6.266611815694866436e+02
9.990000000000000000e+02,1.117249655172413725e+02,1.149100000000000000e+04,5.887453846688333670e+02
1.000000000000000000e+03,1.117600000000000051e+02,1.141100000000000000e+04,6.263665542866680198e+02
1.001000000000000000e+03,1.117950344827586093e+02,1.147500000000000000e+04,6.458987925929942548e+02
1.002000000000000000e+03,1.118300689655172278e+02,1.140300000000000000e+04,6.089605857321046187e+02
1.003000000000000000e+03,1.118651034482758604e+02,1.141100000000000000e+04,6.206227057797448197e+02
1.004000000000000000e+03,1.119001379310344646e+02,1.135500000000000000e+04,6.096746464776098264e+02
1.005000000000000000e+03,1.119351724137930972e+02,1.136300000000000000e+04,6.113394874493452562e+02
1.006000000000000000e+03,1.119702068965517157e+02,1.142700000000000000e+04,6.164202734819011766e+02
1.007000000000000000e+03,1.120052413793103341e+02,1.137900000000000000e+04,6.029153766541462574e+02
1.008000000000000000e+03,1.120402758620689667e+02,1.133100000000000000e+04,6.075358878274461176e+02
1.009000000000000000e+03,1.120753103448275709e+02,1.131500000000000000e+04,6.163722544365034537e+02
1.010000000000000000e+03,1.121103448275862036e+02,1.135500000000000000e+04,6.134993514316943219e+02
1.011000000000000000e+03,1.121453793103448220e+02,1.137900000000000000e+04,5.980414819386776344e+02
