column,nominal_position_mm,green_median,green_std
0.000000000000000000e+00,1.313793103448275934e+00,6.023000000000000000e+04,8.999140006212212484e+02
1.000000000000000000e+00,1.348827586206896578e+00,5.998200000000000000e+04,9.216268265603956706e+02
2.000000000000000000e+00,1.383862068965517222e+00,5.974200000000000000e+04,9.212344182368312886e+02
3.000000000000000000e+00,1.418896551724138089e+00,5.928600000000000000e+04,9.068069226585281513e+02
4.000000000000000000e+00,1.453931034482758511e+00,5.920600000000000000e+04,9.320123241436949684e+02
5.000000000000000000e+00,1.488965517241379377e+00,5.913400000000000000e+04,8.767144319355130619e+02
6.000000000000000000e+00,1.523999999999999799e+00,5.892500000000000000e+04,1.006978598882058122e+03
7.000000000000000000e+00,1.559034482758620666e+00,5.870900000000000000e+04,9.091032443633773710e+02
8.000000000000000000e+00,1.594068965517241532e+00,5.850900000000000000e+04,9.884935362661570935e+02
9.000000000000000000e+00,1.629103448275861954e+00,5.831700000000000000e+04,1.403883375992076708e+03
1.000000000000000000e+01,1.664137931034482820e+00,5.820500000000000000e+04,1.912817297824328307e+03
1.100000000000000000e+01,1.699172413793103242e+00,5.789300000000000000e+04,2.064659412491915191e+03
1.200000000000000000e+01,1.734206896551724109e+00,5.777300000000000000e+04,1.551699517061442521e+03
1.300000000000000000e+01,1.769241379310344531e+00,5.778900000000000000e+04,1.207403097485563421e+03
1.400000000000000000e+01,1.804275862068965397e+00,5.767700000000000000e+04,1.000258117201939967e+03
1.500000000000000000e+01,1.839310344827586263e+00,5.752500000000000000e+04,1.072949634133447034e+03
1.600000000000000000e+01,1.874344827586206685e+00,5.763700000000000000e+04,9.749722605347011495e+02
1.700000000000000000e+01,1.909379310344827552e+00,5.824500000000000000e+04,9.468050006002819146e+02
1.800000000000000000e+01,1.944413793103447974e+00,5.908600000000000000e+04,1.539008984036370975e+03
1.900000000000000000e+01,1.979448275862068840e+00,4.549000000000000000e+04,7.919132076800932737e+03
2.000000000000000000e+01,2.014482758620689484e+00,1.812400000000000000e+04,3.237818860249311456e+03
2.100000000000000000e+01,2.049517241379310128e+00,1.432300000000000000e+04,1.176583818405785905e+03
2.200000000000000000e+01,2.084551724137930773e+00,1.438700000000000000e+04,1.142272676204534719e+03
2.300000000000000000e+01,2.119586206896551417e+00,1.421100000000000000e+04,1.125906618380330428e+03
2.400000000000000000e+01,2.154620689655172505e+00,1.415500000000000000e+04,1.082495744196536862e+03
2.500000000000000000e+01,2.189655172413793149e+00,1.392300000000000000e+04,1.055200825763744206e+03
2.600000000000000000e+01,2.224689655172413794e+00,1.381100000000000000e+04,1.034265650792677434e+03
2.700000000000000000e+01,2.259724137931034438e+00,1.379500000000000000e+04,1.017366365963848921e+03
2.800000000000000000e+01,2.294758620689655082e+00,1.368300000000000000e+04,1.021734838155038915e+03
2.900000000000000000e+01,2.329793103448275726e+00,1.361900000000000000e+04,1.017602746914260933e+03
3.000000000000000000e+01,2.364827586206896370e+00,1.355500000000000000e+04,1.024866765131309876e+03
3.100000000000000000e+01,2.399862068965517015e+00,1.350700000000000000e+04,1.016592369452495063e+03
3.200000000000000000e+01,2.434896551724137659e+00,1.345900000000000000e+04,9.765267415963776330e+02
3.300000000000000000e+01,2.469931034482758303e+00,1.345900000000000000e+04,9.319415273130147170e+02
3.400000000000000000e+01,2.504965517241379391e+00,1.339500000000000000e+04,9.098635599919663264e+02
3.500000000000000000e+01,2.540000000000000036e+00,1.336300000000000000e+04,9.298580219022900337e+02
3.600000000000000000e+01,2.575034482758620680e+00,1.325100000000000000e+04,9.164211573554148345e+02
3.700000000000000000e+01,2.610068965517241324e+00,1.328300000000000000e+04,8.917868789842556225e+02
3.800000000000000000e+01,2.645103448275861968e+00,1.313100000000000000e+04,8.631986473269305407e+02
3.900000000000000000e+01,2.680137931034482612e+00,1.312300000000000000e+04,8.927204636517817562e+02
4.000000000000000000e+01,2.715172413793103257e+00,1.307500000000000000e+04,9.332779474984465651e+02
4.100000000000000000e+01,2.750206896551723901e+00,1.296300000000000000e+04,8.324592883225715241e+02
4.200000000000000000e+01,2.785241379310344545e+00,1.296300000000000000e+04,7.975743655499722990e+02
4.300000000000000000e+01,2.820275862068965189e+00,1.303500000000000000e+04,8.045602005032860689e+02
4.400000000000000000e+01,2.855310344827586277e+00,1.297900000000000000e+04,8.097590024714637593e+02
4.500000000000000000e+01,2.890344827586206922e+00,1.293900000000000000e+04,7.477023104297616101e+02
4.600000000000000000e+01,2.925379310344827566e+00,1.285100000000000000e+04,7.338066566003160460e+02
4.700000000000000000e+01,2.960413793103447766e+00,1.286700000000000000e+04,7.103433118218998743e+02
4.800000000000000000e+01,2.995448275862068854e+00,1.286700000000000000e+04,6.988464773656484113e+02
4.900000000000000000e+01,3.030482758620689498e+00,1.285100000000000000e+04,7.037461203561232423e+02
5.000000000000000000e+01,3.065517241379310143e+00,1.283500000000000000e+04,6.912271043834109605e+02
5.100000000000000000e+01,3.100551724137931231e+00,1.272300000000000000e+04,6.486066438800778542e+02
5.200000000000000000e+01,3.135586206896551431e+00,1.275500000000000000e+04,6.442071340973992619e+02
5.300000000000000000e+01,3.170620689655172075e+00,1.281900000000000000e+04,6.378663115543870390e+02
5.400000000000000000e+01,3.205655172413793164e+00,1.277100000000000000e+04,6.316520271374981803e+02
5.500000000000000000e+01,3.240689655172413808e+00,1.272300000000000000e+04,5.897012535411058707e+02
5.600000000000000000e+01,3.275724137931034452e+00,1.278700000000000000e+04,5.922373189145093875e+02
5.700000000000000000e+01,3.310758620689654652e+00,1.281900000000000000e+04,5.652939494407904704e+02
5.800000000000000000e+01,3.345793103448275740e+00,1.273900000000000000e+04,5.589834375391533285e+02
5.900000000000000000e+01,3.380827586206896385e+00,1.278700000000000000e+04,5.641096657478655061e+02
6.000000000000000000e+01,3.415862068965517029e+00,1.280300000000000000e+04,5.606859950045355845e+02
6.100000000000000000e+01,3.450896551724137229e+00,1.278700000000000000e+04,5.210234552338714593e+02
6.200000000000000000e+01,3.485931034482758317e+00,1.273900000000000000e+04,5.328266357018644612e+02
6.300000000000000000e+01,3.520965517241378961e+00,1.281900000000000000e+04,5.134935399958702646e+02
6.400000000000000000e+01,3.556000000000000050e+00,1.285100000000000000e+04,5.481122055922181744e+02
6.500000000000000000e+01,3.591034482758620694e+00,1.281900000000000000e+04,5.202512077687031251e+02
6.600000000000000000e+01,3.626068965517240894e+00,1.278700000000000000e+04,5.510010270123561895e+02
6.700000000000000000e+01,3.661103448275861538e+00,1.277100000000000000e+04,5.695554239761208919e+02
6.800000000000000000e+01,3.696137931034482627e+00,1.275500000000000000e+04,5.587901719142507773e+02
6.900000000000000000e+01,3.731172413793103271e+00,1.277100000000000000e+04,5.321640065652564999e+02
7.000000000000000000e+01,3.766206896551724359e+00,1.278700000000000000e+04,5.742311597253107038e+02
7.100000000000000000e+01,3.801241379310344115e+00,1.273900000000000000e+04,5.533721213813314534e+02
7.200000000000000000e+01,3.836275862068965203e+00,1.280300000000000000e+04,5.801806688451515583e+02
7.300000000000000000e+01,3.871310344827585848e+00,1.273900000000000000e+04,5.629998043968971615e+02
7.400000000000000000e+01,3.906344827586206936e+00,1.267500000000000000e+04,5.939954207274651026e+02
7.500000000000000000e+01,3.941379310344827580e+00,1.274700000000000000e+04,6.279867298397152808e+02
7.600000000000000000e+01,3.976413793103447780e+00,1.267500000000000000e+04,6.094474007373171389e+02
7.700000000000000000e+01,4.011448275862068868e+00,1.269100000000000000e+04,5.711141662622302420e+02
7.800000000000000000e+01,4.046482758620689069e+00,1.271500000000000000e+04,5.994753891833339594e+02
7.900000000000000000e+01,4.081517241379310157e+00,1.269900000000000000e+04,6.247142157142750420e+02
8.000000000000000000e+01,4.116551724137931245e+00,1.273900000000000000e+04,5.822660534488038593e+02
8.100000000000000000e+01,4.151586206896551445e+00,1.265900000000000000e+04,6.039300950351359916e+02
8.200000000000000000e+01,4.186620689655171645e+00,1.273100000000000000e+04,5.844746302682191299e+02
8.300000000000000000e+01,4.221655172413792734e+00,1.263500000000000000e+04,6.006096071932255427e+02
8.400000000000000000e+01,4.256689655172413822e+00,1.261100000000000000e+04,5.918751737836336133e+02
8.500000000000000000e+01,4.291724137931034910e+00,1.261900000000000000e+04,6.102275420955077152e+02
8.600000000000000000e+01,4.326758620689655110e+00,1.257900000000000000e+04,5.412280685882531088e+02
8.700000000000000000e+01,4.361793103448275311e+00,1.257100000000000000e+04,5.794644088766541472e+02
8.800000000000000000e+01,4.396827586206896399e+00,1.257900000000000000e+04,5.404811794792146884e+02
8.900000000000000000e+01,4.431862068965517487e+00,1.249900000000000000e+04,5.049360785989306919e+02
9.000000000000000000e+01,4.466896551724137687e+00,1.249900000000000000e+04,5.847578978260503391e+02
9.100000000000000000e+01,4.501931034482757887e+00,1.246700000000000000e+04,5.178219695489573269e+02
9.200000000000000000e+01,4.536965517241378976e+00,1.249900000000000000e+04,5.372146849628840073e+02
9.300000000000000000e+01,4.572000000000000064e+00,1.241900000000000000e+04,5.618658843489753281e+02
9.400000000000000000e+01,4.607034482758620264e+00,1.243500000000000000e+04,5.199756056822911887e+02
9.500000000000000000e+01,4.642068965517241352e+00,1.240300000000000000e+04,4.923226671239378334e+02
9.600000000000000000e+01,4.677103448275861552e+00,1.236300000000000000e+04,4.360645724558253846e+02
9.700000000000000000e+01,4.712137931034482641e+00,1.237100000000000000e+04,5.008737795011750791e+02
9.800000000000000000e+01,4.747172413793102841e+00,1.232300000000000000e+04,5.037828425011014133e+02
9.900000000000000000e+01,4.782206896551723929e+00,1.230700000000000000e+04,4.648156681074617040e+02
1.000000000000000000e+02,4.817241379310345017e+00,1.230700000000000000e+04,5.013935147269859272e+02
1.010000000000000000e+02,4.852275862068965218e+00,1.222700000000000000e+04,5.011531531191919271e+02
1.020000000000000000e+02,4.887310344827585418e+00,1.223500000000000000e+04,4.844076112220020605e+02
1.030000000000000000e+02,4.922344827586206506e+00,1.217100000000000000e+04,5.061585683376441125e+02
1.040000000000000000e+02,4.957379310344827594e+00,1.213100000000000000e+04,4.741958956224463577e+02
1.050000000000000000e+02,4.992413793103448683e+00,1.217900000000000000e+04,4.954327584186284525e+02
1.060000000000000000e+02,5.027448275862068883e+00,1.215500000000000000e+04,4.864578578501806305e+02
1.070000000000000000e+02,5.062482758620689083e+00,1.217100000000000000e+04,5.121766444770587441e+02
1.080000000000000000e+02,5.097517241379310171e+00,1.217100000000000000e+04,5.298615622549626778e+02
1.090000000000000000e+02,5.132551724137931259e+00,1.209900000000000000e+04,4.704185918641230160e+02
1.100000000000000000e+02,5.167586206896551460e+00,1.209900000000000000e+04,4.895520662985482545e+02
1.110000000000000000e+02,5.202620689655171660e+00,1.209100000000000000e+04,4.770532459217333212e+02
1.120000000000000000e+02,5.237655172413792748e+00,1.203500000000000000e+04,5.469675497253424510e+02
1.130000000000000000e+02,5.272689655172413836e+00,1.206700000000000000e+04,4.820438011971402830e+02
1.140000000000000000e+02,5.307724137931034036e+00,1.197900000000000000e+04,5.121317132047648784e+02
1.150000000000000000e+02,5.342758620689655125e+00,1.201900000000000000e+04,5.707174095266245786e+02
1.160000000000000000e+02,5.377793103448275325e+00,1.197100000000000000e+04,4.195257056607156301e+02
1.170000000000000000e+02,5.412827586206896413e+00,1.198700000000000000e+04,4.573630614126575438e+02
1.180000000000000000e+02,5.447862068965516613e+00,1.189900000000000000e+04,4.472173801499029651e+02
1.190000000000000000e+02,5.482896551724137701e+00,1.200300000000000000e+04,4.888874934407535875e+02
1.200000000000000000e+02,5.517931034482758790e+00,1.192300000000000000e+04,4.540641950494080561e+02
1.210000000000000000e+02,5.552965517241378990e+00,1.193100000000000000e+04,4.935068635303989595e+02
1.220000000000000000e+02,5.587999999999999190e+00,1.190700000000000000e+04,4.864883554067030218e+02
1.230000000000000000e+02,5.623034482758620278e+00,1.192300000000000000e+04,4.736711087400379370e+02
1.240000000000000000e+02,5.658068965517240478e+00,1.193900000000000000e+04,4.879302721470696156e+02
1.250000000000000000e+02,5.693103448275862455e+00,1.183500000000000000e+04,5.466948807664875858e+02
1.260000000000000000e+02,5.728137931034482655e+00,1.181100000000000000e+04,4.376594046767924624e+02
1.270000000000000000e+02,5.763172413793103743e+00,1.190700000000000000e+04,5.221209179239435798e+02
1.280000000000000000e+02,5.798206896551723943e+00,1.184300000000000000e+04,4.465571606763447789e+02
1.290000000000000000e+02,5.833241379310344144e+00,1.180300000000000000e+04,5.149737484078823400e+02
1.300000000000000000e+02,5.868275862068965232e+00,1.184300000000000000e+04,5.305411399076266434e+02
1.310000000000000000e+02,5.903310344827585432e+00,1.177100000000000000e+04,5.266927361857792675e+02
1.320000000000000000e+02,5.938344827586207408e+00,1.177900000000000000e+04,5.343351139113709678e+02
1.330000000000000000e+02,5.973379310344827609e+00,1.171500000000000000e+04,5.254688653830393150e+02
1.340000000000000000e+02,6.008413793103447809e+00,1.173100000000000000e+04,5.185479879959872278e+02
1.350000000000000000e+02,6.043448275862068897e+00,1.173900000000000000e+04,5.226664745565331032e+02
1.360000000000000000e+02,6.078482758620689097e+00,1.165100000000000000e+04,5.402680596421255359e+02
1.370000000000000000e+02,6.113517241379310185e+00,1.176300000000000000e+04,5.397120350803047586e+02
1.380000000000000000e+02,6.148551724137930385e+00,1.169900000000000000e+04,5.210279728548538287e+02
1.390000000000000000e+02,6.183586206896550586e+00,1.162700000000000000e+04,5.782043155537255643e+02
1.400000000000000000e+02,6.218620689655172562e+00,1.165100000000000000e+04,5.629144590331385416e+02
1.410000000000000000e+02,6.253655172413792762e+00,1.169900000000000000e+04,6.238907055198603757e+02
1.420000000000000000e+02,6.288689655172413850e+00,1.171500000000000000e+04,5.340039405782540598e+02
1.430000000000000000e+02,6.323724137931034051e+00,1.157900000000000000e+04,5.197008522410203568e+02
1.440000000000000000e+02,6.358758620689654251e+00,1.166700000000000000e+04,5.795734614436941001e+02
1.450000000000000000e+02,6.393793103448276227e+00,1.167500000000000000e+04,5.292618958178646835e+02
1.460000000000000000e+02,6.428827586206896427e+00,1.161900000000000000e+04,5.843877091991993211e+02
1.470000000000000000e+02,6.463862068965517516e+00,1.161100000000000000e+04,5.547379266133206102e+02
1.480000000000000000e+02,6.498896551724137716e+00,1.161900000000000000e+04,6.289084979686157340e+02
1.490000000000000000e+02,6.533931034482757916e+00,1.161900000000000000e+04,5.764516339225604042e+02
1.500000000000000000e+02,6.568965517241379004e+00,1.169900000000000000e+04,6.175667840203665264e+02
1.510000000000000000e+02,6.603999999999999204e+00,1.158700000000000000e+04,6.030999929424283437e+02
1.520000000000000000e+02,6.639034482758621181e+00,1.165100000000000000e+04,5.583159553878947463e+02
1.530000000000000000e+02,6.674068965517241381e+00,1.166700000000000000e+04,5.343172121980976499e+02
1.540000000000000000e+02,6.709103448275861581e+00,1.157100000000000000e+04,5.731864616645468686e+02
1.550000000000000000e+02,6.744137931034482669e+00,1.158700000000000000e+04,5.838781160914902557e+02
1.560000000000000000e+02,6.779172413793102869e+00,1.165100000000000000e+04,5.654606475724550592e+02
1.570000000000000000e+02,6.814206896551723069e+00,1.160300000000000000e+04,5.875997206472197831e+02
1.580000000000000000e+02,6.849241379310344158e+00,1.153100000000000000e+04,5.948854282199263253e+02
1.590000000000000000e+02,6.884275862068964358e+00,1.161900000000000000e+04,6.099045795964026411e+02
1.600000000000000000e+02,6.919310344827586334e+00,1.158700000000000000e+04,5.708993429449502628e+02
1.610000000000000000e+02,6.954344827586206534e+00,1.146700000000000000e+04,5.925164912396944601e+02
1.620000000000000000e+02,6.989379310344826735e+00,1.157100000000000000e+04,5.525135437647719527e+02
1.630000000000000000e+02,7.024413793103447823e+00,1.149900000000000000e+04,5.630747147772865446e+02
1.640000000000000000e+02,7.059448275862068023e+00,1.154700000000000000e+04,5.749319152355834603e+02
1.650000000000000000e+02,7.094482758620689999e+00,1.147500000000000000e+04,5.602714362985249181e+02
1.660000000000000000e+02,7.129517241379310200e+00,1.144300000000000000e+04,6.114006903026490818e+02
1.670000000000000000e+02,7.164551724137930400e+00,1.138700000000000000e+04,5.913557744779053564e+02
1.680000000000000000e+02,7.199586206896551488e+00,1.145100000000000000e+04,5.716977636445787994e+02
1.690000000000000000e+02,7.234620689655171688e+00,1.142700000000000000e+04,5.429569863373296812e+02
1.700000000000000000e+02,7.269655172413792776e+00,1.146700000000000000e+04,5.876449237591516521e+02
1.710000000000000000e+02,7.304689655172412976e+00,1.133900000000000000e+04,5.598921395142915571e+02
1.720000000000000000e+02,7.339724137931033177e+00,1.136300000000000000e+04,5.961236054653769543e+02
1.730000000000000000e+02,7.374758620689655153e+00,1.139500000000000000e+04,6.088080499360420390e+02
1.740000000000000000e+02,7.409793103448275353e+00,1.131500000000000000e+04,5.617992433986312335e+02
1.750000000000000000e+02,7.444827586206896441e+00,1.123500000000000000e+04,5.900621696607842068e+02
1.760000000000000000e+02,7.479862068965516642e+00,1.131500000000000000e+04,5.682785187185309042e+02
1.770000000000000000e+02,7.514896551724136842e+00,1.134700000000000000e+04,5.624866527134855687e+02
1.780000000000000000e+02,7.549931034482757930e+00,1.126700000000000000e+04,5.873774508936802476e+02
1.790000000000000000e+02,7.584965517241378130e+00,1.124300000000000000e+04,5.969280051653689725e+02
1.800000000000000000e+02,7.620000000000000107e+00,1.112300000000000000e+04,6.321230059470093465e+02
1.810000000000000000e+02,7.655034482758620307e+00,1.126700000000000000e+04,5.950138300447382562e+02
1.820000000000000000e+02,7.690068965517240507e+00,1.125100000000000000e+04,5.737364485325730357e+02
1.830000000000000000e+02,7.725103448275861595e+00,1.128300000000000000e+04,6.246004150013327489e+02
1.840000000000000000e+02,7.760137931034481795e+00,1.115500000000000000e+04,5.968466436900516783e+02
1.850000000000000000e+02,7.795172413793103772e+00,1.121900000000000000e+04,6.029292947802661047e+02
1.860000000000000000e+02,7.830206896551723972e+00,1.117100000000000000e+04,6.101553687245026367e+02
1.870000000000000000e+02,7.865241379310344172e+00,1.109100000000000000e+04,6.131260040226446790e+02
1.880000000000000000e+02,7.900275862068965260e+00,1.112300000000000000e+04,5.976333164862688818e+02
1.890000000000000000e+02,7.935310344827585460e+00,1.110700000000000000e+04,6.185702495208381606e+02
1.900000000000000000e+02,7.970344827586206549e+00,1.110700000000000000e+04,6.123087854588069376e+02
1.910000000000000000e+02,8.005379310344826749e+00,1.104300000000000000e+04,6.357339755846139724e+02
1.920000000000000000e+02,8.040413793103446949e+00,1.088200000000000000e+04,6.571136675833012077e+02
1.930000000000000000e+02,8.075448275862068925e+00,1.097100000000000000e+04,6.257817040912660786e+02
1.940000000000000000e+02,8.110482758620689125e+00,1.094700000000000000e+04,5.971699426433647204e+02
1.950000000000000000e+02,8.145517241379311102e+00,1.093100000000000000e+04,6.192241739560058704e+02
1.960000000000000000e+02,8.180551724137931302e+00,1.086600000000000000e+04,5.871835563815343448e+02
1.970000000000000000e+02,8.215586206896551502e+00,1.077800000000000000e+04,6.134661337601976356e+02
1.980000000000000000e+02,8.250620689655171702e+00,1.079400000000000000e+04,6.183335334615450165e+02
1.990000000000000000e+02,8.285655172413791902e+00,1.065800000000000000e+04,5.842702632314528728e+02
2.000000000000000000e+02,8.320689655172413879e+00,1.072200000000000000e+04,6.085484353380322773e+02
2.010000000000000000e+02,8.355724137931034079e+00,1.060200000000000000e+04,6.026477249527699769e+02
2.020000000000000000e+02,8.390758620689654279e+00,1.059400000000000000e+04,6.152084614877371678e+02
2.030000000000000000e+02,8.425793103448276256e+00,1.059400000000000000e+04,6.457097053831383846e+02
2.040000000000000000e+02,8.460827586206896456e+00,1.054600000000000000e+04,5.655390655833177789e+02
2.050000000000000000e+02,8.495862068965516656e+00,1.059400000000000000e+04,5.992865843398984680e+02
2.060000000000000000e+02,8.530896551724136856e+00,1.061000000000000000e+04,6.047982577315875687e+02
2.070000000000000000e+02,8.565931034482757056e+00,1.051400000000000000e+04,5.684802897533212445e+02
2.080000000000000000e+02,8.600965517241379032e+00,1.050600000000000000e+04,5.004427833131195484e+02
2.090000000000000000e+02,8.635999999999999233e+00,1.054600000000000000e+04,5.514841673197944374e+02
2.100000000000000000e+02,8.671034482758621209e+00,1.052200000000000000e+04,5.483470406720786059e+02
2.110000000000000000e+02,8.706068965517241409e+00,1.051400000000000000e+04,5.548105351737336832e+02
2.120000000000000000e+02,8.741103448275861609e+00,1.053000000000000000e+04,4.759739547289852339e+02
2.130000000000000000e+02,8.776137931034481809e+00,1.051400000000000000e+04,5.246550170004151141e+02
2.140000000000000000e+02,8.811172413793102010e+00,1.048200000000000000e+04,5.046491271664789906e+02
2.150000000000000000e+02,8.846206896551723986e+00,1.053000000000000000e+04,4.976700267347108024e+02
2.160000000000000000e+02,8.881241379310344186e+00,1.054600000000000000e+04,4.973898581121669622e+02
2.170000000000000000e+02,8.916275862068964386e+00,1.048200000000000000e+04,5.086436392989274395e+02
2.180000000000000000e+02,8.951310344827586363e+00,1.059400000000000000e+04,5.885321520567562175e+02
2.190000000000000000e+02,8.986344827586206563e+00,1.054600000000000000e+04,5.073736693932373782e+02
2.200000000000000000e+02,9.021379310344826763e+00,1.061000000000000000e+04,5.596881883693085911e+02
2.210000000000000000e+02,9.056413793103446963e+00,1.051400000000000000e+04,5.610168505179018439e+02
2.220000000000000000e+02,9.091448275862067163e+00,1.064200000000000000e+04,5.664103011565606494e+02
2.230000000000000000e+02,9.126482758620689140e+00,1.053800000000000000e+04,5.613297099640165015e+02
2.240000000000000000e+02,9.161517241379309340e+00,1.054600000000000000e+04,5.773573905475697075e+02
2.250000000000000000e+02,9.196551724137931316e+00,1.053000000000000000e+04,6.306616727700176170e+02
2.260000000000000000e+02,9.231586206896551516e+00,1.049800000000000000e+04,6.054952166730454337e+02
2.270000000000000000e+02,9.266620689655171716e+00,1.043400000000000000e+04,6.053244415546074606e+02
2.280000000000000000e+02,9.301655172413793693e+00,1.049000000000000000e+04,6.250697145913484292e+02
2.290000000000000000e+02,9.336689655172413893e+00,1.046600000000000000e+04,6.149117329756719528e+02
2.300000000000000000e+02,9.371724137931034093e+00,1.051400000000000000e+04,5.859376168460081544e+02
2.310000000000000000e+02,9.406758620689654293e+00,1.046600000000000000e+04,5.952692127605455426e+02
2.320000000000000000e+02,9.441793103448274493e+00,1.056200000000000000e+04,5.921974990714097657e+02
2.330000000000000000e+02,9.476827586206896470e+00,1.053000000000000000e+04,5.494001735251408718e+02
2.340000000000000000e+02,9.511862068965516670e+00,1.056200000000000000e+04,5.445545180309250100e+02
2.350000000000000000e+02,9.546896551724138646e+00,1.061800000000000000e+04,5.691487505391862669e+02
2.360000000000000000e+02,9.581931034482758847e+00,1.053000000000000000e+04,5.147987119900440121e+02
2.370000000000000000e+02,9.616965517241379047e+00,1.054600000000000000e+04,5.610621563028734045e+02
2.380000000000000000e+02,9.651999999999999247e+00,1.051400000000000000e+04,5.888424242164438738e+02
2.390000000000000000e+02,9.687034482758619447e+00,1.053000000000000000e+04,5.320984237539195192e+02
2.400000000000000000e+02,9.722068965517241423e+00,1.049800000000000000e+04,5.545846727147032880e+02
2.410000000000000000e+02,9.757103448275861624e+00,1.050600000000000000e+04,5.703833324237366469e+02
2.420000000000000000e+02,9.792137931034481824e+00,1.040200000000000000e+04,5.443204563410681658e+02
2.430000000000000000e+02,9.827172413793103800e+00,1.048200000000000000e+04,6.005912744229266309e+02
2.440000000000000000e+02,9.862206896551724000e+00,1.045000000000000000e+04,5.571818762371410685e+02
2.450000000000000000e+02,9.897241379310344200e+00,1.048200000000000000e+04,5.720390952606850306e+02
2.460000000000000000e+02,9.932275862068964400e+00,1.042600000000000000e+04,5.636569864196019353e+02
2.470000000000000000e+02,9.967310344827584601e+00,1.053000000000000000e+04,5.501046448196716483e+02
2.480000000000000000e+02,1.000234482758620658e+01,1.036200000000000000e+04,5.470227726858900041e+02
2.490000000000000000e+02,1.003737931034482678e+01,1.048200000000000000e+04,6.030214903565547502e+02
2.500000000000000000e+02,1.007241379310344875e+01,1.043400000000000000e+04,5.429585451702116643e+02
2.510000000000000000e+02,1.010744827586206895e+01,1.045800000000000000e+04,5.659990675105131004e+02
2.520000000000000000e+02,1.014248275862068915e+01,1.038600000000000000e+04,5.582823233126133573e+02
2.530000000000000000e+02,1.017751724137930935e+01,1.041800000000000000e+04,5.554706436023400329e+02
2.540000000000000000e+02,1.021255172413792955e+01,1.041800000000000000e+04,5.885806280755112994e+02
2.550000000000000000e+02,1.024758620689655153e+01,1.055400000000000000e+04,5.514894666759274742e+02
2.560000000000000000e+02,1.028262068965517173e+01,1.054600000000000000e+04,5.283808088102194915e+02
2.570000000000000000e+02,1.031765517241379193e+01,1.062600000000000000e+04,5.791454902428548621e+02
2.580000000000000000e+02,1.035268965517241391e+01,1.056200000000000000e+04,5.150799915711999120e+02
2.590000000000000000e+02,1.038772413793103411e+01,1.061800000000000000e+04,5.605203196882641805e+02
2.600000000000000000e+02,1.042275862068965431e+01,1.072200000000000000e+04,5.771250217424845914e+02
2.610000000000000000e+02,1.045779310344827451e+01,1.056200000000000000e+04,5.430711569314856888e+02
2.620000000000000000e+02,1.049282758620689471e+01,1.072200000000000000e+04,5.453316797406969272e+02
2.630000000000000000e+02,1.052786206896551668e+01,1.070600000000000000e+04,4.999733886757521191e+02
2.640000000000000000e+02,1.056289655172413688e+01,1.081000000000000000e+04,5.040149719527163938e+02
2.650000000000000000e+02,1.059793103448275886e+01,1.085000000000000000e+04,4.808256653959078903e+02
2.660000000000000000e+02,1.063296551724137906e+01,1.082600000000000000e+04,4.935194530986070163e+02
2.670000000000000000e+02,1.066799999999999926e+01,1.084200000000000000e+04,4.861386678225013043e+02
2.680000000000000000e+02,1.070303448275862124e+01,1.068200000000000000e+04,4.838798314763408825e+02
2.690000000000000000e+02,1.073806896551724144e+01,1.083400000000000000e+04,5.182053290177337885e+02
2.700000000000000000e+02,1.077310344827586164e+01,1.078600000000000000e+04,5.371122815729013382e+02
2.710000000000000000e+02,1.080813793103448184e+01,1.075400000000000000e+04,5.394212624067633897e+02
2.720000000000000000e+02,1.084317241379310204e+01,1.078600000000000000e+04,5.158730137586155706e+02
2.730000000000000000e+02,1.087820689655172401e+01,1.078600000000000000e+04,5.110981927850500028e+02
2.740000000000000000e+02,1.091324137931034421e+01,1.073800000000000000e+04,5.380269081587016444e+02
2.750000000000000000e+02,1.094827586206896619e+01,1.075400000000000000e+04,5.258667521494373887e+02
2.760000000000000000e+02,1.098331034482758639e+01,1.072200000000000000e+04,5.679993617672557775e+02
2.770000000000000000e+02,1.101834482758620659e+01,1.069000000000000000e+04,5.345349604276160562e+02
2.780000000000000000e+02,1.105337931034482679e+01,1.070600000000000000e+04,4.492384016031855936e+02
2.790000000000000000e+02,1.108841379310344699e+01,1.077000000000000000e+04,5.019768158422703550e+02
2.800000000000000000e+02,1.112344827586206897e+01,1.075400000000000000e+04,4.757132559074553910e+02
2.810000000000000000e+02,1.115848275862068917e+01,1.073000000000000000e+04,4.819155232172366823e+02
2.820000000000000000e+02,1.119351724137930937e+01,1.067400000000000000e+04,4.296729025182450528e+02
2.830000000000000000e+02,1.122855172413793134e+01,1.072200000000000000e+04,5.377350967496873864e+02
2.840000000000000000e+02,1.126358620689655154e+01,1.062600000000000000e+04,4.970104313582728537e+02
2.850000000000000000e+02,1.129862068965517174e+01,1.062600000000000000e+04,4.798293358839756593e+02
2.860000000000000000e+02,1.133365517241379195e+01,1.065800000000000000e+04,5.149129171580100319e+02
2.870000000000000000e+02,1.136868965517241215e+01,1.059400000000000000e+04,4.639401866714890730e+02
2.880000000000000000e+02,1.140372413793103235e+01,1.057800000000000000e+04,4.616896082235603558e+02
2.890000000000000000e+02,1.143875862068965610e+01,1.066600000000000000e+04,4.940532970024766541e+02
2.900000000000000000e+02,1.147379310344827630e+01,1.059400000000000000e+04,4.916330090439401488e+02
2.910000000000000000e+02,1.150882758620689650e+01,1.060200000000000000e+04,4.389242733313847680e+02
2.920000000000000000e+02,1.154386206896551670e+01,1.052200000000000000e+04,4.554574556404172085e+02
2.930000000000000000e+02,1.157889655172413690e+01,1.049800000000000000e+04,4.088108179647294946e+02
2.940000000000000000e+02,1.161393103448275888e+01,1.048200000000000000e+04,4.789413598671992531e+02
2.950000000000000000e+02,1.164896551724137908e+01,1.053800000000000000e+04,4.644122274648024131e+02
2.960000000000000000e+02,1.168399999999999928e+01,1.053000000000000000e+04,4.252251726898991251e+02
2.970000000000000000e+02,1.171903448275861948e+01,1.048200000000000000e+04,4.445739760283634041e+02
2.980000000000000000e+02,1.175406896551723968e+01,1.053000000000000000e+04,4.680142908080365487e+02
2.990000000000000000e+02,1.178910344827586343e+01,1.046600000000000000e+04,4.548071770576093513e+02
3.000000000000000000e+02,1.182413793103448363e+01,1.043400000000000000e+04,4.084994090244306904e+02
3.010000000000000000e+02,1.185917241379310383e+01,1.038600000000000000e+04,4.632794092711073404e+02
3.020000000000000000e+02,1.189420689655172225e+01,1.045000000000000000e+04,4.378095794658922273e+02
3.030000000000000000e+02,1.192924137931034245e+01,1.043400000000000000e+04,3.921985481014984316e+02
3.040000000000000000e+02,1.196427586206896621e+01,1.048200000000000000e+04,4.392370792179692671e+02
3.050000000000000000e+02,1.199931034482758641e+01,1.048200000000000000e+04,4.254070662024427634e+02
3.060000000000000000e+02,1.203434482758620661e+01,1.045000000000000000e+04,4.213537650831045198e+02
3.070000000000000000e+02,1.206937931034482681e+01,1.037000000000000000e+04,4.467026087745580867e+02
3.080000000000000000e+02,1.210441379310344701e+01,1.045000000000000000e+04,4.719911754932009558e+02
3.090000000000000000e+02,1.213944827586206898e+01,1.046600000000000000e+04,4.336415894724821669e+02
3.100000000000000000e+02,1.217448275862068918e+01,1.045000000000000000e+04,5.312157234842322850e+02
3.110000000000000000e+02,1.220951724137930938e+01,1.045000000000000000e+04,4.457471518606754444e+02
3.120000000000000000e+02,1.224455172413792958e+01,1.041000000000000000e+04,5.102596515763107163e+02
3.130000000000000000e+02,1.227958620689654978e+01,1.039400000000000000e+04,5.417291804532864035e+02
3.140000000000000000e+02,1.231462068965517354e+01,1.046600000000000000e+04,4.894643210890611158e+02
3.150000000000000000e+02,1.234965517241379374e+01,1.051400000000000000e+04,4.629929667484297511e+02
3.160000000000000000e+02,1.238468965517241394e+01,1.043400000000000000e+04,4.921534048292487569e+02
3.170000000000000000e+02,1.241972413793103414e+01,1.048200000000000000e+04,4.750074971853185843e+02
3.180000000000000000e+02,1.245475862068965434e+01,1.043400000000000000e+04,5.066570936176586883e+02
3.190000000000000000e+02,1.248979310344827631e+01,1.045800000000000000e+04,5.200626031558828117e+02
3.200000000000000000e+02,1.252482758620689651e+01,1.038600000000000000e+04,4.809262675729090120e+02
3.210000000000000000e+02,1.255986206896551671e+01,1.041800000000000000e+04,4.807024986744171429e+02
3.220000000000000000e+02,1.259489655172413691e+01,1.040200000000000000e+04,4.750259182306325556e+02
3.230000000000000000e+02,1.262993103448275711e+01,1.035400000000000000e+04,4.885644149990697542e+02
3.240000000000000000e+02,1.266496551724137909e+01,1.035400000000000000e+04,5.206396887751808435e+02
3.250000000000000000e+02,1.269999999999999929e+01,1.037800000000000000e+04,4.654790382670406643e+02
3.260000000000000000e+02,1.273503448275861949e+01,1.032200000000000000e+04,4.291778453737395580e+02
3.270000000000000000e+02,1.277006896551723969e+01,1.037000000000000000e+04,4.627182473832310166e+02
3.280000000000000000e+02,1.280510344827585989e+01,1.027400000000000000e+04,4.560310232795321781e+02
3.290000000000000000e+02,1.284013793103448364e+01,1.027400000000000000e+04,4.331085150842185953e+02
3.300000000000000000e+02,1.287517241379310384e+01,1.037800000000000000e+04,4.885792875368780983e+02
3.310000000000000000e+02,1.291020689655172404e+01,1.033800000000000000e+04,5.055028172591336784e+02
3.320000000000000000e+02,1.294524137931034424e+01,1.027400000000000000e+04,4.481150098069625187e+02
3.330000000000000000e+02,1.298027586206896444e+01,1.030600000000000000e+04,4.949055531892014983e+02
3.340000000000000000e+02,1.301531034482758642e+01,1.022600000000000000e+04,4.833601318036679686e+02
3.350000000000000000e+02,1.305034482758620662e+01,1.025000000000000000e+04,5.401951474802355051e+02
3.360000000000000000e+02,1.308537931034482682e+01,1.029000000000000000e+04,4.818384914961335426e+02
3.370000000000000000e+02,1.312041379310344702e+01,1.030600000000000000e+04,5.454517372023994994e+02
3.380000000000000000e+02,1.315544827586206722e+01,1.028200000000000000e+04,4.599681828025983350e+02
3.390000000000000000e+02,1.319048275862069097e+01,1.030600000000000000e+04,6.007100714937865860e+02
3.400000000000000000e+02,1.322551724137931117e+01,1.035400000000000000e+04,4.866068846272742690e+02
3.410000000000000000e+02,1.326055172413793137e+01,1.017800000000000000e+04,4.772161145065812207e+02
3.420000000000000000e+02,1.329558620689655157e+01,1.029000000000000000e+04,4.991200218136044100e+02
3.430000000000000000e+02,1.333062068965517177e+01,1.027400000000000000e+04,4.630342343061105908e+02
3.440000000000000000e+02,1.336565517241379375e+01,1.022600000000000000e+04,4.636520029167162420e+02
3.450000000000000000e+02,1.340068965517241395e+01,1.030600000000000000e+04,4.893093528094402132e+02
3.460000000000000000e+02,1.343572413793103415e+01,1.022600000000000000e+04,4.614225191548105158e+02
3.470000000000000000e+02,1.347075862068965435e+01,1.028200000000000000e+04,4.486731365606565305e+02
3.480000000000000000e+02,1.350579310344827455e+01,1.029000000000000000e+04,4.902437310187551702e+02
3.490000000000000000e+02,1.354082758620689475e+01,1.025800000000000000e+04,4.562749113290608420e+02
3.500000000000000000e+02,1.357586206896551673e+01,1.027400000000000000e+04,4.694981055251726616e+02
3.510000000000000000e+02,1.361089655172413693e+01,1.030600000000000000e+04,4.293214973626985511e+02
3.520000000000000000e+02,1.364593103448275713e+01,1.034600000000000000e+04,4.490714569353493175e+02
3.530000000000000000e+02,1.368096551724137733e+01,1.035400000000000000e+04,4.706014524799577430e+02
3.540000000000000000e+02,1.371599999999999753e+01,1.027400000000000000e+04,4.574937606070174638e+02
3.550000000000000000e+02,1.375103448275862128e+01,1.033800000000000000e+04,4.565895951869082410e+02
3.560000000000000000e+02,1.378606896551724148e+01,1.032200000000000000e+04,4.716522686139505822e+02
3.570000000000000000e+02,1.382110344827586168e+01,1.033800000000000000e+04,4.674903049681616380e+02
3.580000000000000000e+02,1.385613793103448188e+01,1.034600000000000000e+04,4.470234765827717638e+02
3.590000000000000000e+02,1.389117241379310208e+01,1.040200000000000000e+04,5.298678311423029754e+02
3.600000000000000000e+02,1.392620689655172406e+01,1.038600000000000000e+04,5.308597030114358404e+02
3.610000000000000000e+02,1.396124137931034426e+01,1.033800000000000000e+04,4.944388020575009932e+02
3.620000000000000000e+02,1.399627586206896446e+01,1.027400000000000000e+04,4.732428492157302458e+02
3.630000000000000000e+02,1.403131034482758466e+01,1.035400000000000000e+04,5.455673206123914269e+02
3.640000000000000000e+02,1.406634482758620486e+01,1.040200000000000000e+04,5.452681763505296431e+02
3.650000000000000000e+02,1.410137931034482683e+01,1.040200000000000000e+04,5.628407785185983130e+02
3.660000000000000000e+02,1.413641379310344703e+01,1.038600000000000000e+04,5.470789101933471557e+02
3.670000000000000000e+02,1.417144827586206723e+01,1.037800000000000000e+04,5.760404348698965578e+02
3.680000000000000000e+02,1.420648275862068743e+01,1.046600000000000000e+04,5.708897877466724822e+02
3.690000000000000000e+02,1.424151724137930763e+01,1.045000000000000000e+04,5.916883305410236744e+02
3.700000000000000000e+02,1.427655172413793139e+01,1.048200000000000000e+04,6.017019201041083534e+02
3.710000000000000000e+02,1.431158620689655159e+01,1.050600000000000000e+04,6.283155138000893203e+02
3.720000000000000000e+02,1.434662068965517179e+01,1.053000000000000000e+04,5.948243440881540209e+02
3.730000000000000000e+02,1.438165517241379199e+01,1.051400000000000000e+04,6.311054396079546223e+02
3.740000000000000000e+02,1.441668965517241219e+01,1.049800000000000000e+04,7.067716956031061954e+02
3.750000000000000000e+02,1.445172413793103416e+01,1.054600000000000000e+04,6.538685042068248094e+02
3.760000000000000000e+02,1.448675862068965436e+01,1.053000000000000000e+04,6.964477600309805894e+02
3.770000000000000000e+02,1.452179310344827456e+01,1.064200000000000000e+04,6.215412350426964849e+02
3.780000000000000000e+02,1.455682758620689476e+01,1.065000000000000000e+04,6.535505618217031270e+02
3.790000000000000000e+02,1.459186206896551496e+01,1.064200000000000000e+04,6.804845005725633200e+02
3.800000000000000000e+02,1.462689655172413872e+01,1.064200000000000000e+04,6.787182485920646968e+02
3.810000000000000000e+02,1.466193103448275892e+01,1.077000000000000000e+04,6.538510550232764444e+02
3.820000000000000000e+02,1.469696551724137912e+01,1.080200000000000000e+04,6.839275767604530074e+02
3.830000000000000000e+02,1.473199999999999932e+01,1.092250000000000000e+04,7.234028528218149177e+02
3.840000000000000000e+02,1.476703448275861952e+01,1.097900000000000000e+04,6.710483184348887562e+02
3.850000000000000000e+02,1.480206896551724149e+01,1.089800000000000000e+04,6.462861416187207624e+02
3.860000000000000000e+02,1.483710344827586169e+01,1.091400000000000000e+04,6.225587748720250829e+02
3.870000000000000000e+02,1.487213793103448189e+01,1.093100000000000000e+04,6.711306000982151545e+02
3.880000000000000000e+02,1.490717241379310209e+01,1.089800000000000000e+04,6.086507906534056929e+02
3.890000000000000000e+02,1.494220689655172229e+01,1.104300000000000000e+04,6.034026432256923727e+02
3.900000000000000000e+02,1.497724137931034427e+01,1.109100000000000000e+04,5.637251174088002017e+02
3.910000000000000000e+02,1.501227586206896447e+01,1.112300000000000000e+04,5.589000484606758619e+02
3.920000000000000000e+02,1.504731034482758467e+01,1.107500000000000000e+04,6.078268487868698458e+02
3.930000000000000000e+02,1.508234482758620487e+01,1.122700000000000000e+04,6.498083287790479972e+02
3.940000000000000000e+02,1.511737931034482507e+01,1.127500000000000000e+04,6.642044610857514044e+02
3.950000000000000000e+02,1.515241379310344882e+01,1.125900000000000000e+04,6.723720513229770859e+02
3.960000000000000000e+02,1.518744827586206902e+01,1.121900000000000000e+04,7.465434038169872792e+02
3.970000000000000000e+02,1.522248275862068922e+01,1.123500000000000000e+04,7.781569284129263906e+02
3.980000000000000000e+02,1.525751724137930943e+01,1.104300000000000000e+04,7.197851313055779201e+02
3.990000000000000000e+02,1.529255172413792963e+01,1.091400000000000000e+04,7.660585912007389879e+02
4.000000000000000000e+02,1.532758620689655160e+01,1.094700000000000000e+04,7.528399212403668344e+02
4.010000000000000000e+02,1.536262068965517180e+01,1.077000000000000000e+04,6.802834007678851549e+02
4.020000000000000000e+02,1.539765517241379200e+01,1.059400000000000000e+04,5.705647859543477125e+02
4.030000000000000000e+02,1.543268965517241220e+01,1.060200000000000000e+04,5.284959292110578417e+02
4.040000000000000000e+02,1.546772413793103240e+01,1.049800000000000000e+04,5.219908470530549494e+02
4.050000000000000000e+02,1.550275862068965438e+01,1.045000000000000000e+04,5.121421843270899217e+02
4.060000000000000000e+02,1.553779310344827458e+01,1.044200000000000000e+04,5.119250295858582831e+02
4.070000000000000000e+02,1.557282758620689478e+01,1.035400000000000000e+04,5.068833027068126285e+02
4.080000000000000000e+02,1.560786206896551498e+01,1.042600000000000000e+04,5.244032277100041028e+02
4.090000000000000000e+02,1.564289655172413518e+01,1.039400000000000000e+04,4.828269042398961233e+02
4.100000000000000000e+02,1.567793103448275893e+01,1.033800000000000000e+04,5.371991089731667444e+02
4.110000000000000000e+02,1.571296551724137913e+01,1.037000000000000000e+04,5.147257207947754978e+02
4.120000000000000000e+02,1.574799999999999933e+01,1.032200000000000000e+04,4.823869968528239838e+02
4.130000000000000000e+02,1.578303448275861953e+01,1.025800000000000000e+04,5.476573031618984260e+02
4.140000000000000000e+02,1.581806896551723973e+01,1.026600000000000000e+04,5.245775581377191656e+02
4.150000000000000000e+02,1.585310344827586171e+01,1.029800000000000000e+04,5.102467467988719250e+02
4.160000000000000000e+02,1.588813793103448191e+01,1.027400000000000000e+04,4.928890640094562059e+02
4.170000000000000000e+02,1.592317241379310211e+01,1.029000000000000000e+04,5.161110653951233189e+02
4.180000000000000000e+02,1.595820689655172231e+01,1.024200000000000000e+04,4.694141014241432686e+02
4.190000000000000000e+02,1.599324137931034251e+01,1.020200000000000000e+04,4.852028412030514346e+02
4.200000000000000000e+02,1.602827586206896626e+01,1.018600000000000000e+04,4.764862688050166071e+02
4.210000000000000000e+02,1.606331034482758469e+01,1.017800000000000000e+04,4.379615124182306545e+02
4.220000000000000000e+02,1.609834482758620666e+01,1.013000000000000000e+04,4.734458573544968090e+02
4.230000000000000000e+02,1.613337931034482509e+01,1.008200000000000000e+04,4.019900864773954936e+02
4.240000000000000000e+02,1.616841379310344706e+01,1.001800000000000000e+04,4.542850587221604428e+02
4.250000000000000000e+02,1.620344827586206904e+01,1.000200000000000000e+04,4.706851358531243363e+02
4.260000000000000000e+02,1.623848275862068746e+01,9.970000000000000000e+03,5.153640650397994705e+02
4.270000000000000000e+02,1.627351724137930944e+01,9.970000000000000000e+03,4.980879621631818281e+02
4.280000000000000000e+02,1.630855172413792786e+01,9.986000000000000000e+03,5.281415915464937143e+02
4.290000000000000000e+02,1.634358620689654984e+01,9.970000000000000000e+03,5.049349929699446875e+02
4.300000000000000000e+02,1.637862068965517182e+01,9.970000000000000000e+03,4.670688173921287216e+02
4.310000000000000000e+02,1.641365517241379379e+01,1.001800000000000000e+04,5.140493581466955675e+02
4.320000000000000000e+02,1.644868965517241222e+01,9.930000000000000000e+03,5.616967351218064550e+02
4.330000000000000000e+02,1.648372413793103419e+01,9.938000000000000000e+03,6.046823043186242330e+02
4.340000000000000000e+02,1.651875862068965262e+01,9.970000000000000000e+03,6.347368957882802079e+02
4.350000000000000000e+02,1.655379310344827459e+01,9.994000000000000000e+03,7.002967500501714539e+02
4.360000000000000000e+02,1.658882758620689657e+01,9.866000000000000000e+03,6.450697503880517161e+02
4.370000000000000000e+02,1.662386206896551499e+01,9.898000000000000000e+03,6.601807966370323584e+02
4.380000000000000000e+02,1.665889655172413697e+01,9.906000000000000000e+03,6.756313551828219488e+02
4.390000000000000000e+02,1.669393103448275539e+01,9.898000000000000000e+03,6.893768303470035335e+02
4.400000000000000000e+02,1.672896551724138092e+01,9.922000000000000000e+03,7.041068996082663034e+02
4.410000000000000000e+02,1.676399999999999935e+01,9.938000000000000000e+03,7.224600577046605849e+02
4.420000000000000000e+02,1.679903448275862132e+01,9.954000000000000000e+03,7.237676371545660459e+02
4.430000000000000000e+02,1.683406896551723975e+01,9.842000000000000000e+03,8.687781635112404501e+02
4.440000000000000000e+02,1.686910344827586172e+01,9.954000000000000000e+03,8.058524155989886140e+02
4.450000000000000000e+02,1.690413793103448370e+01,9.898000000000000000e+03,8.824788994630782781e+02
4.460000000000000000e+02,1.693917241379310212e+01,9.890000000000000000e+03,9.122592998979537242e+02
4.470000000000000000e+02,1.697420689655172410e+01,9.906000000000000000e+03,8.814697085207923237e+02
4.480000000000000000e+02,1.700924137931034252e+01,9.874000000000000000e+03,9.943587512637726604e+02
4.490000000000000000e+02,1.704427586206896450e+01,9.906000000000000000e+03,9.914254966983518216e+02
4.500000000000000000e+02,1.707931034482758648e+01,9.922000000000000000e+03,9.824829582961123151e+02
4.510000000000000000e+02,1.711434482758620490e+01,9.898000000000000000e+03,9.866923526279273347e+02
4.520000000000000000e+02,1.714937931034482688e+01,9.922000000000000000e+03,9.850293276791636572e+02
4.530000000000000000e+02,1.718441379310344530e+01,1.000200000000000000e+04,9.860297511955783420e+02
4.540000000000000000e+02,1.721944827586206728e+01,9.938000000000000000e+03,1.018961930378810962e+03
4.550000000000000000e+02,1.725448275862068925e+01,1.006600000000000000e+04,9.921726793121670198e+02
4.560000000000000000e+02,1.728951724137931123e+01,1.008200000000000000e+04,1.046106491454145043e+03
4.570000000000000000e+02,1.732455172413792965e+01,1.025800000000000000e+04,9.677184623241211057e+02
4.580000000000000000e+02,1.735958620689655163e+01,1.029000000000000000e+04,1.025119441221217585e+03
4.590000000000000000e+02,1.739462068965517005e+01,1.037000000000000000e+04,1.018940084310774978e+03
4.600000000000000000e+02,1.742965517241379203e+01,1.043400000000000000e+04,9.679073100800192151e+02
4.610000000000000000e+02,1.746468965517241401e+01,1.059400000000000000e+04,8.638684419907754091e+02
4.620000000000000000e+02,1.749972413793103243e+01,1.070600000000000000e+04,7.859687314724868656e+02
4.630000000000000000e+02,1.753475862068965441e+01,1.084200000000000000e+04,7.047336036960765568e+02
4.640000000000000000e+02,1.756979310344827283e+01,1.077800000000000000e+04,6.784327608263893126e+02
4.650000000000000000e+02,1.760482758620689481e+01,1.085800000000000000e+04,6.255864190195834453e+02
4.660000000000000000e+02,1.763986206896551678e+01,1.088200000000000000e+04,6.632331253961172024e+02
4.670000000000000000e+02,1.767489655172413521e+01,1.088200000000000000e+04,7.014064213369449590e+02
4.680000000000000000e+02,1.770993103448275718e+01,1.089800000000000000e+04,7.471404717265318141e+02
4.690000000000000000e+02,1.774496551724137561e+01,1.077000000000000000e+04,8.606001812271214249e+02
4.700000000000000000e+02,1.778000000000000114e+01,1.046600000000000000e+04,9.021719727490466312e+02
4.710000000000000000e+02,1.781503448275861956e+01,1.042600000000000000e+04,9.412649800265862723e+02
4.720000000000000000e+02,1.785006896551724154e+01,1.033800000000000000e+04,9.407928658538152149e+02
4.730000000000000000e+02,1.788510344827585996e+01,1.032200000000000000e+04,9.740997143013084951e+02
4.740000000000000000e+02,1.792013793103448194e+01,1.029000000000000000e+04,2.002660339027782356e+03
4.750000000000000000e+02,1.795517241379310391e+01,1.029000000000000000e+04,3.228761737422341412e+03
4.760000000000000000e+02,1.799020689655172234e+01,1.027400000000000000e+04,5.523116259953875669e+03
4.770000000000000000e+02,1.802524137931034431e+01,1.029800000000000000e+04,6.429851220752600966e+03
4.780000000000000000e+02,1.806027586206896274e+01,1.029800000000000000e+04,7.423796609611456915e+03
4.790000000000000000e+02,1.809531034482758471e+01,1.030600000000000000e+04,7.934939188611880127e+03
4.800000000000000000e+02,1.813034482758620669e+01,1.030600000000000000e+04,8.740383193002160624e+03
4.810000000000000000e+02,1.816537931034482867e+01,1.029000000000000000e+04,9.408447334183183557e+03
4.820000000000000000e+02,1.820041379310344709e+01,1.033800000000000000e+04,9.476629158500076301e+03
4.830000000000000000e+02,1.823544827586206907e+01,1.035400000000000000e+04,9.385107731704996695e+03
4.840000000000000000e+02,1.827048275862068749e+01,1.036200000000000000e+04,1.032131793623740850e+04
4.850000000000000000e+02,1.830551724137930947e+01,1.030600000000000000e+04,1.112617046173137169e+04
4.860000000000000000e+02,1.834055172413793144e+01,1.023400000000000000e+04,1.113857184834611871e+04
4.870000000000000000e+02,1.837558620689654987e+01,1.035400000000000000e+04,1.151883539641671996e+04
4.880000000000000000e+02,1.841062068965517184e+01,1.033000000000000000e+04,1.135780923891992643e+04
4.890000000000000000e+02,1.844565517241379027e+01,1.035400000000000000e+04,1.226880301944672101e+04
4.900000000000000000e+02,1.848068965517241224e+01,1.031400000000000000e+04,1.266415455623593880e+04
4.910000000000000000e+02,1.851572413793103422e+01,1.045000000000000000e+04,1.276940586873732900e+04
4.920000000000000000e+02,1.855075862068965264e+01,1.041800000000000000e+04,1.298727591119677345e+04
4.930000000000000000e+02,1.858579310344827462e+01,1.050600000000000000e+04,1.370076752159013631e+04
4.940000000000000000e+02,1.862082758620689305e+01,1.053800000000000000e+04,1.465215502151607870e+04
4.950000000000000000e+02,1.865586206896551857e+01,1.056200000000000000e+04,1.515056431503112617e+04
4.960000000000000000e+02,1.869089655172413700e+01,1.051400000000000000e+04,1.551837773510264742e+04
4.970000000000000000e+02,1.872593103448275897e+01,1.059400000000000000e+04,1.603685391674397761e+04
4.980000000000000000e+02,1.876096551724137740e+01,1.065800000000000000e+04,1.712810185531294701e+04
4.990000000000000000e+02,1.879599999999999937e+01,1.069800000000000000e+04,1.754600646143475387e+04
5.000000000000000000e+02,1.883103448275862135e+01,1.069800000000000000e+04,1.797948554105838775e+04
5.010000000000000000e+02,1.886606896551723977e+01,1.069000000000000000e+04,1.793994161013789198e+04
5.020000000000000000e+02,1.890110344827586175e+01,1.063400000000000000e+04,1.744003818287138347e+04
5.030000000000000000e+02,1.893613793103448018e+01,1.073000000000000000e+04,1.713980494343120154e+04
5.040000000000000000e+02,1.897117241379310215e+01,1.089800000000000000e+04,1.734864978141242318e+04
5.050000000000000000e+02,1.900620689655172413e+01,1.089000000000000000e+04,1.757186140374838942e+04
5.060000000000000000e+02,1.904124137931034255e+01,1.086600000000000000e+04,1.772823862914112397e+04
5.070000000000000000e+02,1.907627586206896453e+01,1.111500000000000000e+04,1.776712856755706161e+04
5.080000000000000000e+02,1.911131034482758295e+01,1.093100000000000000e+04,1.822104666010938672e+04
5.090000000000000000e+02,1.914634482758620493e+01,1.113100000000000000e+04,1.831772840471594100e+04
5.100000000000000000e+02,1.918137931034482691e+01,1.091400000000000000e+04,1.840214314249606832e+04
5.110000000000000000e+02,1.921641379310344888e+01,1.094700000000000000e+04,1.825426023148641252e+04
5.120000000000000000e+02,1.925144827586206731e+01,1.099500000000000000e+04,1.830036783874241155e+04
5.130000000000000000e+02,1.928648275862068928e+01,1.109900000000000000e+04,1.816047467198271261e+04
5.140000000000000000e+02,1.932151724137930771e+01,1.104300000000000000e+04,1.847705034591252115e+04
5.150000000000000000e+02,1.935655172413792968e+01,1.109900000000000000e+04,1.753827788205206525e+04
5.160000000000000000e+02,1.939158620689655166e+01,1.107500000000000000e+04,1.741212367951654596e+04
5.170000000000000000e+02,1.942662068965517008e+01,1.102700000000000000e+04,1.671609997335667504e+04
5.180000000000000000e+02,1.946165517241379206e+01,1.106700000000000000e+04,1.606377339719230804e+04
5.190000000000000000e+02,1.949668965517241048e+01,1.113900000000000000e+04,1.603685859479468309e+04
5.200000000000000000e+02,1.953172413793103601e+01,1.105900000000000000e+04,1.589555759310107533e+04
5.210000000000000000e+02,1.956675862068965444e+01,1.111500000000000000e+04,1.600963168979208422e+04
5.220000000000000000e+02,1.960179310344827641e+01,1.107500000000000000e+04,1.555707272172930061e+04
5.230000000000000000e+02,1.963682758620689484e+01,1.113100000000000000e+04,1.489206802364663235e+04
5.240000000000000000e+02,1.967186206896551681e+01,1.110700000000000000e+04,1.555462053892843323e+04
5.250000000000000000e+02,1.970689655172413879e+01,1.111500000000000000e+04,1.591272527579556845e+04
5.260000000000000000e+02,1.974193103448275721e+01,1.118700000000000000e+04,1.615241386382798191e+04
5.270000000000000000e+02,1.977696551724137919e+01,1.129100000000000000e+04,1.591308235430407331e+04
5.280000000000000000e+02,1.981199999999999761e+01,1.137900000000000000e+04,1.634934597493517322e+04
5.290000000000000000e+02,1.984703448275861959e+01,1.122700000000000000e+04,1.643904624864592915e+04
5.300000000000000000e+02,1.988206896551724157e+01,1.133900000000000000e+04,1.689423488869316861e+04
5.310000000000000000e+02,1.991710344827585999e+01,1.133100000000000000e+04,1.712952188586608463e+04
5.320000000000000000e+02,1.995213793103448197e+01,1.133100000000000000e+04,1.707745697897581704e+04
5.330000000000000000e+02,1.998717241379310039e+01,1.141100000000000000e+04,1.675168580579138143e+04
5.340000000000000000e+02,2.002220689655172237e+01,1.139500000000000000e+04,1.624122653392596658e+04
5.350000000000000000e+02,2.005724137931034434e+01,1.155500000000000000e+04,1.617058293977147696e+04
5.360000000000000000e+02,2.009227586206896632e+01,1.149900000000000000e+04,1.580124580173081085e+04
5.370000000000000000e+02,2.012731034482758474e+01,1.154700000000000000e+04,1.591129765413328096e+04
5.380000000000000000e+02,2.016234482758620672e+01,1.157100000000000000e+04,1.541579177164016073e+04
5.390000000000000000e+02,2.019737931034482514e+01,1.176300000000000000e+04,1.545093512666832612e+04
5.400000000000000000e+02,2.023241379310344712e+01,1.171500000000000000e+04,1.563635461506037973e+04
5.410000000000000000e+02,2.026744827586206910e+01,1.185900000000000000e+04,1.646487717725033508e+04
5.420000000000000000e+02,2.030248275862068752e+01,1.189100000000000000e+04,1.660759786829707809e+04
5.430000000000000000e+02,2.033751724137930950e+01,1.185900000000000000e+04,1.687363602584407636e+04
5.440000000000000000e+02,2.037255172413792792e+01,1.191500000000000000e+04,1.706097348093599794e+04
5.450000000000000000e+02,2.040758620689655345e+01,1.224300000000000000e+04,1.691962741353557794e+04
5.460000000000000000e+02,2.044262068965517187e+01,1.194700000000000000e+04,1.721075936829549755e+04
5.470000000000000000e+02,2.047765517241379385e+01,1.217100000000000000e+04,1.737350988527676964e+04
5.480000000000000000e+02,2.051268965517241227e+01,1.241900000000000000e+04,1.777186041344792829e+04
5.490000000000000000e+02,2.054772413793103425e+01,1.264300000000000000e+04,1.778347362795516528e+04
5.500000000000000000e+02,2.058275862068965623e+01,1.249900000000000000e+04,1.800056317377365485e+04
5.510000000000000000e+02,2.061779310344827465e+01,1.279500000000000000e+04,1.843345238762706504e+04
5.520000000000000000e+02,2.065282758620689663e+01,1.630000000000000000e+04,1.886016477773062070e+04
5.530000000000000000e+02,2.068786206896551505e+01,2.846250000000000000e+04,1.793625124287288418e+04
5.540000000000000000e+02,2.072289655172413703e+01,3.219900000000000000e+04,1.636273465685588963e+04
5.550000000000000000e+02,2.075793103448275900e+01,3.064700000000000000e+04,1.625908324784254910e+04
5.560000000000000000e+02,2.079296551724137743e+01,3.243900000000000000e+04,1.625035765072587674e+04
5.570000000000000000e+02,2.082799999999999940e+01,3.272750000000000000e+04,1.560096447987216379e+04
5.580000000000000000e+02,2.086303448275861783e+01,3.435200000000000000e+04,1.391830172051032423e+04
5.590000000000000000e+02,2.089806896551723980e+01,3.609600000000000000e+04,1.389959686336680352e+04
5.600000000000000000e+02,2.093310344827586178e+01,3.656000000000000000e+04,1.423852064179519766e+04
5.610000000000000000e+02,2.096813793103448376e+01,3.367200000000000000e+04,1.534549907706588601e+04
5.620000000000000000e+02,2.100317241379310218e+01,3.423200000000000000e+04,1.686956314567030131e+04
5.630000000000000000e+02,2.103820689655172416e+01,3.608800000000000000e+04,1.743292174011481984e+04
5.640000000000000000e+02,2.107324137931034258e+01,3.870500000000000000e+04,1.720467486014019232e+04
5.650000000000000000e+02,2.110827586206896456e+01,3.636800000000000000e+04,1.764355817738311453e+04
5.660000000000000000e+02,2.114331034482758653e+01,3.502400000000000000e+04,1.775687313872258164e+04
5.670000000000000000e+02,2.117834482758620496e+01,3.599200000000000000e+04,1.760320538345271052e+04
5.680000000000000000e+02,2.121337931034482693e+01,3.825700000000000000e+04,1.765633156051235710e+04
5.690000000000000000e+02,2.124841379310344536e+01,4.279400000000000000e+04,1.760368477472356972e+04
5.700000000000000000e+02,2.128344827586206733e+01,4.005700000000000000e+04,1.745598664562854174e+04
5.710000000000000000e+02,2.131848275862068931e+01,3.824900000000000000e+04,1.699522471436598425e+04
5.720000000000000000e+02,2.135351724137930773e+01,4.103300000000000000e+04,1.672191151233126220e+04
5.730000000000000000e+02,2.138855172413792971e+01,4.020900000000000000e+04,1.645315283716201520e+04
5.740000000000000000e+02,2.142358620689654813e+01,4.057700000000000000e+04,1.617259316569448129e+04
5.750000000000000000e+02,2.145862068965517366e+01,3.996100000000000000e+04,1.602283493993147567e+04
5.760000000000000000e+02,2.149365517241379209e+01,3.960900000000000000e+04,1.540670058657460686e+04
5.770000000000000000e+02,2.152868965517241406e+01,3.990500000000000000e+04,1.482798888412656925e+04
5.780000000000000000e+02,2.156372413793103249e+01,4.014500000000000000e+04,1.441824129891833400e+04
5.790000000000000000e+02,2.159875862068965446e+01,4.157750000000000000e+04,1.441031881044364854e+04
5.800000000000000000e+02,2.163379310344827644e+01,4.028900000000000000e+04,1.398079615584891872e+04
5.810000000000000000e+02,2.166882758620689486e+01,4.122500000000000000e+04,1.270860401928444116e+04
5.820000000000000000e+02,2.170386206896551684e+01,4.114500000000000000e+04,1.259862119715685549e+04
5.830000000000000000e+02,2.173889655172413526e+01,4.277000000000000000e+04,1.190475971016028416e+04
5.840000000000000000e+02,2.177393103448275724e+01,4.212200000000000000e+04,9.663562321480840183e+03
5.850000000000000000e+02,2.180896551724137922e+01,4.177800000000000000e+04,9.807313899924385623e+03
5.860000000000000000e+02,2.184400000000000119e+01,4.046500000000000000e+04,1.033038384210612276e+04
5.870000000000000000e+02,2.187903448275861962e+01,4.032900000000000000e+04,1.177308237690989336e+04
5.880000000000000000e+02,2.191406896551724159e+01,3.960100000000000000e+04,1.199587808960233087e+04
5.890000000000000000e+02,2.194910344827586002e+01,3.891300000000000000e+04,1.247195270528993569e+04
5.900000000000000000e+02,2.198413793103448199e+01,3.860100000000000000e+04,1.198409855104999951e+04
5.910000000000000000e+02,2.201917241379310397e+01,3.740900000000000000e+04,1.161436285766743822e+04
5.920000000000000000e+02,2.205420689655172239e+01,3.676800000000000000e+04,1.130511461980954118e+04
5.930000000000000000e+02,2.208924137931034437e+01,3.616800000000000000e+04,1.110409370639431836e+04
5.940000000000000000e+02,2.212427586206896279e+01,3.642400000000000000e+04,1.066382066900384962e+04
5.950000000000000000e+02,2.215931034482758477e+01,3.449600000000000000e+04,1.017158209996103869e+04
5.960000000000000000e+02,2.219434482758620675e+01,3.365600000000000000e+04,9.442924401555668737e+03
5.970000000000000000e+02,2.222937931034482517e+01,3.436800000000000000e+04,9.570873888383261146e+03
5.980000000000000000e+02,2.226441379310344715e+01,3.541600000000000000e+04,8.558239290907447867e+03
5.990000000000000000e+02,2.229944827586206557e+01,3.568000000000000000e+04,8.262691468142818849e+03
6.000000000000000000e+02,2.233448275862069110e+01,3.411200000000000000e+04,7.359791630630480540e+03
6.010000000000000000e+02,2.236951724137930952e+01,3.446400000000000000e+04,6.908163521292979567e+03
6.020000000000000000e+02,2.240455172413793150e+01,3.504800000000000000e+04,7.040270856933746472e+03
6.030000000000000000e+02,2.243958620689654992e+01,3.394400000000000000e+04,7.381764001602745338e+03
6.040000000000000000e+02,2.247462068965517190e+01,3.429600000000000000e+04,7.040879403033044582e+03
6.050000000000000000e+02,2.250965517241379032e+01,3.388800000000000000e+04,7.406657998266591676e+03
6.060000000000000000e+02,2.254468965517241230e+01,3.378400000000000000e+04,7.296817581359867290e+03
6.070000000000000000e+02,2.257972413793103428e+01,3.434400000000000000e+04,7.935616239443285849e+03
6.080000000000000000e+02,2.261475862068965625e+01,3.451200000000000000e+04,7.920970718562041839e+03
6.090000000000000000e+02,2.264979310344827468e+01,3.608800000000000000e+04,7.966844098955954905e+03
6.100000000000000000e+02,2.268482758620689665e+01,3.650400000000000000e+04,8.087378083636764131e+03
6.110000000000000000e+02,2.271986206896551508e+01,3.738500000000000000e+04,7.413667671502005760e+03
6.120000000000000000e+02,2.275489655172413705e+01,3.793700000000000000e+04,7.164380388772060542e+03
6.130000000000000000e+02,2.278993103448275903e+01,3.816100000000000000e+04,6.971948445377656753e+03
6.140000000000000000e+02,2.282496551724137746e+01,3.802500000000000000e+04,7.199981942822831115e+03
6.150000000000000000e+02,2.285999999999999943e+01,3.939300000000000000e+04,7.516243856720399890e+03
6.160000000000000000e+02,2.289503448275861786e+01,3.965700000000000000e+04,7.882612725869798851e+03
6.170000000000000000e+02,2.293006896551723983e+01,3.987300000000000000e+04,8.199821788197437854e+03
6.180000000000000000e+02,2.296510344827586181e+01,3.970500000000000000e+04,8.523749081552199641e+03
6.190000000000000000e+02,2.300013793103448023e+01,4.153800000000000000e+04,9.296017844003912614e+03
6.200000000000000000e+02,2.303517241379310221e+01,3.982500000000000000e+04,9.927929334584678145e+03
6.210000000000000000e+02,2.307020689655172063e+01,3.932900000000000000e+04,1.002571603834306006e+04
6.220000000000000000e+02,2.310524137931034261e+01,3.855300000000000000e+04,1.031940119706042788e+04
6.230000000000000000e+02,2.314027586206896814e+01,3.805700000000000000e+04,1.018980984129384888e+04
6.240000000000000000e+02,2.317531034482758301e+01,3.888100000000000000e+04,1.031162134442587376e+04
6.250000000000000000e+02,2.321034482758620854e+01,3.776900000000000000e+04,1.048484007561243197e+04
6.260000000000000000e+02,2.324537931034482341e+01,3.740100000000000000e+04,1.019269390207203105e+04
6.270000000000000000e+02,2.328041379310344894e+01,3.808100000000000000e+04,1.013864242608023415e+04
6.280000000000000000e+02,2.331544827586207091e+01,3.804900000000000000e+04,9.629376611796522411e+03
6.290000000000000000e+02,2.335048275862068934e+01,3.745700000000000000e+04,9.946508496140488205e+03
6.300000000000000000e+02,2.338551724137931132e+01,3.790500000000000000e+04,9.842093990903378653e+03
6.310000000000000000e+02,2.342055172413792974e+01,3.856900000000000000e+04,9.789292821990926313e+03
6.320000000000000000e+02,2.345558620689655172e+01,3.875300000000000000e+04,9.656379721574592622e+03
6.330000000000000000e+02,2.349062068965517369e+01,3.869700000000000000e+04,9.341928973426614903e+03
6.340000000000000000e+02,2.352565517241379212e+01,3.990500000000000000e+04,9.285144546740362784e+03
6.350000000000000000e+02,2.356068965517241409e+01,3.901700000000000000e+04,9.171631850186951851e+03
6.360000000000000000e+02,2.359572413793103252e+01,3.931300000000000000e+04,9.098705463020867683e+03
6.370000000000000000e+02,2.363075862068965449e+01,3.790500000000000000e+04,9.409592203546006203e+03
6.380000000000000000e+02,2.366579310344827647e+01,3.968900000000000000e+04,8.631022879304675371e+03
6.390000000000000000e+02,2.370082758620689489e+01,3.953700000000000000e+04,8.455538882296434167e+03
6.400000000000000000e+02,2.373586206896551687e+01,3.999300000000000000e+04,8.126263195314910263e+03
6.410000000000000000e+02,2.377089655172413529e+01,3.925700000000000000e+04,8.660993562739355184e+03
6.420000000000000000e+02,2.380593103448275727e+01,3.955300000000000000e+04,8.963508816898091027e+03
6.430000000000000000e+02,2.384096551724137925e+01,3.916100000000000000e+04,8.568602019197945992e+03
6.440000000000000000e+02,2.387599999999999767e+01,3.984100000000000000e+04,8.820433990316749259e+03
6.450000000000000000e+02,2.391103448275861965e+01,3.982500000000000000e+04,8.914209171569704267e+03
6.460000000000000000e+02,2.394606896551723807e+01,3.856900000000000000e+04,8.704070892544419621e+03
6.470000000000000000e+02,2.398110344827586005e+01,3.816900000000000000e+04,9.137745556833349838e+03
6.480000000000000000e+02,2.401613793103448202e+01,3.879300000000000000e+04,9.066376611921592485e+03
6.490000000000000000e+02,2.405117241379310045e+01,3.826500000000000000e+04,9.416900589766753910e+03
6.500000000000000000e+02,2.408620689655172242e+01,3.811300000000000000e+04,9.808460151972416497e+03
6.510000000000000000e+02,2.412124137931034085e+01,3.808100000000000000e+04,9.222451580346560149e+03
6.520000000000000000e+02,2.415627586206896282e+01,3.896900000000000000e+04,8.870522265705525570e+03
6.530000000000000000e+02,2.419131034482758835e+01,3.969700000000000000e+04,8.940411740103565535e+03
6.540000000000000000e+02,2.422634482758620322e+01,3.920900000000000000e+04,9.105221083867847483e+03
6.550000000000000000e+02,2.426137931034482875e+01,3.943300000000000000e+04,8.558480325301583434e+03
6.560000000000000000e+02,2.429641379310344362e+01,4.134500000000000000e+04,8.356095758025323448e+03
6.570000000000000000e+02,2.433144827586206915e+01,4.283400000000000000e+04,8.200978104056510347e+03
6.580000000000000000e+02,2.436648275862069113e+01,4.289000000000000000e+04,7.541731323107079334e+03
6.590000000000000000e+02,2.440151724137930955e+01,4.496200000000000000e+04,7.107405093495172878e+03
6.600000000000000000e+02,2.443655172413793153e+01,4.534600000000000000e+04,6.575118435076745300e+03
6.610000000000000000e+02,2.447158620689654995e+01,4.562600000000000000e+04,7.368204680656169330e+03
6.620000000000000000e+02,2.450662068965517193e+01,4.516200000000000000e+04,7.096980715612584390e+03
6.630000000000000000e+02,2.454165517241379391e+01,4.655500000000000000e+04,7.245608184250418162e+03
6.640000000000000000e+02,2.457668965517241233e+01,4.730700000000000000e+04,7.916025922804515176e+03
6.650000000000000000e+02,2.461172413793103431e+01,4.721100000000000000e+04,7.857117140350276713e+03
6.660000000000000000e+02,2.464675862068965273e+01,4.793100000000000000e+04,8.147619322291978278e+03
6.670000000000000000e+02,2.468179310344827471e+01,4.817100000000000000e+04,7.394437985622513224e+03
6.680000000000000000e+02,2.471682758620689668e+01,4.814700000000000000e+04,6.999548936503773803e+03
6.690000000000000000e+02,2.475186206896551511e+01,4.800300000000000000e+04,6.849323795759820314e+03
6.700000000000000000e+02,2.478689655172413708e+01,4.857900000000000000e+04,7.185568621451965555e+03
6.710000000000000000e+02,2.482193103448275551e+01,4.791500000000000000e+04,7.586473161337295096e+03
6.720000000000000000e+02,2.485696551724137748e+01,4.829100000000000000e+04,7.063688181327012899e+03
6.730000000000000000e+02,2.489199999999999946e+01,4.858700000000000000e+04,7.365755513409638297e+03
6.740000000000000000e+02,2.492703448275861788e+01,4.847500000000000000e+04,7.478949011350877299e+03
6.750000000000000000e+02,2.496206896551723986e+01,4.862700000000000000e+04,7.321738547380658929e+03
6.760000000000000000e+02,2.499710344827585828e+01,4.873100000000000000e+04,7.192975196968323871e+03
6.770000000000000000e+02,2.503213793103448026e+01,4.909900000000000000e+04,7.374909857739785366e+03
6.780000000000000000e+02,2.506717241379310579e+01,4.910700000000000000e+04,7.234904905931915891e+03
6.790000000000000000e+02,2.510220689655172066e+01,4.904300000000000000e+04,7.320231906519477889e+03
6.800000000000000000e+02,2.513724137931034619e+01,4.867500000000000000e+04,7.550187984310110551e+03
6.810000000000000000e+02,2.517227586206896106e+01,4.885100000000000000e+04,7.749236220978190431e+03
6.820000000000000000e+02,2.520731034482758659e+01,4.845900000000000000e+04,7.473290474251006344e+03
6.830000000000000000e+02,2.524234482758620857e+01,4.842700000000000000e+04,7.476856223110306928e+03
6.840000000000000000e+02,2.527737931034482699e+01,4.827500000000000000e+04,7.293910496724512086e+03
6.850000000000000000e+02,2.531241379310344897e+01,4.892300000000000000e+04,7.317851783435476136e+03
6.860000000000000000e+02,2.534744827586206739e+01,4.857100000000000000e+04,7.307804585974892689e+03
6.870000000000000000e+02,2.538248275862068937e+01,4.870700000000000000e+04,7.356716591049973431e+03
6.880000000000000000e+02,2.541751724137931134e+01,4.869100000000000000e+04,7.194222867611329093e+03
6.890000000000000000e+02,2.545255172413792977e+01,4.892300000000000000e+04,7.100243227681135068e+03
6.900000000000000000e+02,2.548758620689655174e+01,4.873100000000000000e+04,7.232850761053697170e+03
6.910000000000000000e+02,2.552262068965517017e+01,4.909100000000000000e+04,7.347193268882208940e+03
6.920000000000000000e+02,2.555765517241379214e+01,4.898700000000000000e+04,7.076413909705871447e+03
6.930000000000000000e+02,2.559268965517241412e+01,4.845100000000000000e+04,7.090825432551335325e+03
6.940000000000000000e+02,2.562772413793103254e+01,4.910700000000000000e+04,7.123256243112445190e+03
6.950000000000000000e+02,2.566275862068965452e+01,4.906700000000000000e+04,7.069569591913790646e+03
6.960000000000000000e+02,2.569779310344827294e+01,4.909900000000000000e+04,6.967229279068137657e+03
6.970000000000000000e+02,2.573282758620689492e+01,4.888300000000000000e+04,6.861872549140861338e+03
6.980000000000000000e+02,2.576786206896551690e+01,4.929100000000000000e+04,6.989019209569191844e+03
6.990000000000000000e+02,2.580289655172413532e+01,4.904300000000000000e+04,6.946956434215893751e+03
7.000000000000000000e+02,2.583793103448275730e+01,4.915500000000000000e+04,7.053649139226399711e+03
7.010000000000000000e+02,2.587296551724137572e+01,4.936300000000000000e+04,6.899648138712605942e+03
7.020000000000000000e+02,2.590799999999999770e+01,4.929900000000000000e+04,7.034437704202678106e+03
7.030000000000000000e+02,2.594303448275862323e+01,4.942700000000000000e+04,7.206295432218314090e+03
7.040000000000000000e+02,2.597806896551723810e+01,4.921900000000000000e+04,7.115606378154634513e+03
7.050000000000000000e+02,2.601310344827586363e+01,4.939500000000000000e+04,7.218841127478552153e+03
7.060000000000000000e+02,2.604813793103447850e+01,4.965100000000000000e+04,7.301779067888595819e+03
7.070000000000000000e+02,2.608317241379310403e+01,4.909100000000000000e+04,7.012530920708412850e+03
7.080000000000000000e+02,2.611820689655172600e+01,4.977100000000000000e+04,7.220233503194303921e+03
7.090000000000000000e+02,2.615324137931034443e+01,4.905900000000000000e+04,7.083205001660028756e+03
7.100000000000000000e+02,2.618827586206896640e+01,4.981900000000000000e+04,7.154146870221016798e+03
7.110000000000000000e+02,2.622331034482758483e+01,5.037200000000000000e+04,7.400522006700695783e+03
7.120000000000000000e+02,2.625834482758620680e+01,4.950700000000000000e+04,7.259119468473968482e+03
7.130000000000000000e+02,2.629337931034482878e+01,4.961100000000000000e+04,7.128628788734853515e+03
7.140000000000000000e+02,2.632841379310344720e+01,4.926700000000000000e+04,7.406366291123046722e+03
7.150000000000000000e+02,2.636344827586206918e+01,4.962700000000000000e+04,7.571401145969777644e+03
7.160000000000000000e+02,2.639848275862068760e+01,4.920300000000000000e+04,7.440451627370752249e+03
7.170000000000000000e+02,2.643351724137930958e+01,4.913900000000000000e+04,7.299196006535230481e+03
7.180000000000000000e+02,2.646855172413793156e+01,4.974700000000000000e+04,7.649138792980644212e+03
7.190000000000000000e+02,2.650358620689654998e+01,4.931500000000000000e+04,7.658620692528568725e+03
7.200000000000000000e+02,2.653862068965517196e+01,4.903500000000000000e+04,7.763504287231275157e+03
7.210000000000000000e+02,2.657365517241379038e+01,4.907500000000000000e+04,7.604287803302234352e+03
7.220000000000000000e+02,2.660868965517241236e+01,4.893900000000000000e+04,7.958735075694330590e+03
7.230000000000000000e+02,2.664372413793103433e+01,4.948300000000000000e+04,8.036136739993877200e+03
7.240000000000000000e+02,2.667875862068965276e+01,4.902700000000000000e+04,7.494269887269242645e+03
7.250000000000000000e+02,2.671379310344827474e+01,4.914700000000000000e+04,7.696321143816358017e+03
7.260000000000000000e+02,2.674882758620689316e+01,4.865900000000000000e+04,7.436184154042320188e+03
7.270000000000000000e+02,2.678386206896551514e+01,4.937100000000000000e+04,7.394384692629444544e+03
7.280000000000000000e+02,2.681889655172414066e+01,4.898700000000000000e+04,7.233829242142684052e+03
7.290000000000000000e+02,2.685393103448275554e+01,4.886700000000000000e+04,7.180834174247466763e+03
7.300000000000000000e+02,2.688896551724138106e+01,4.921100000000000000e+04,7.344826621798001725e+03
7.310000000000000000e+02,2.692399999999999594e+01,4.929900000000000000e+04,7.145079528799025866e+03
7.320000000000000000e+02,2.695903448275861791e+01,4.937100000000000000e+04,6.857225557179124735e+03
7.330000000000000000e+02,2.699406896551723634e+01,4.905100000000000000e+04,6.649561947002321176e+03
7.340000000000000000e+02,2.702910344827585831e+01,4.874700000000000000e+04,7.065856443707485596e+03
7.350000000000000000e+02,2.706413793103448384e+01,4.878700000000000000e+04,6.862239476558178467e+03
7.360000000000000000e+02,2.709917241379309871e+01,4.873100000000000000e+04,6.985508957866439232e+03
7.370000000000000000e+02,2.713420689655172424e+01,4.896300000000000000e+04,6.998315576140932535e+03
7.380000000000000000e+02,2.716924137931033911e+01,4.883500000000000000e+04,6.905792075129912519e+03
7.390000000000000000e+02,2.720427586206896464e+01,4.865100000000000000e+04,6.702201335703379300e+03
7.400000000000000000e+02,2.723931034482758662e+01,4.855500000000000000e+04,6.960407098977596434e+03
7.410000000000000000e+02,2.727434482758620504e+01,4.884300000000000000e+04,6.720960773130597772e+03
7.420000000000000000e+02,2.730937931034482702e+01,4.934700000000000000e+04,6.749563407216820451e+03
7.430000000000000000e+02,2.734441379310344544e+01,4.910700000000000000e+04,6.695901648810748156e+03
7.440000000000000000e+02,2.737944827586206742e+01,4.933100000000000000e+04,6.272994867042973056e+03
7.450000000000000000e+02,2.741448275862068940e+01,4.977100000000000000e+04,6.067450664657559173e+03
7.460000000000000000e+02,2.744951724137930782e+01,4.980300000000000000e+04,6.399491221238019534e+03
7.470000000000000000e+02,2.748455172413792980e+01,4.983500000000000000e+04,6.135592187464782000e+03
7.480000000000000000e+02,2.751958620689654822e+01,5.015500000000000000e+04,6.369276279167892426e+03
7.490000000000000000e+02,2.755462068965517020e+01,5.000300000000000000e+04,6.536521298533598383e+03
7.500000000000000000e+02,2.758965517241379217e+01,5.031600000000000000e+04,6.641027387688510316e+03
7.510000000000000000e+02,2.762468965517241060e+01,5.001900000000000000e+04,6.552939456706968485e+03
7.520000000000000000e+02,2.765972413793103257e+01,5.000300000000000000e+04,6.278164520309887848e+03
7.530000000000000000e+02,2.769475862068965100e+01,4.994700000000000000e+04,6.184662868149877795e+03
7.540000000000000000e+02,2.772979310344827297e+01,5.021150000000000000e+04,6.163100009079747906e+03
7.550000000000000000e+02,2.776482758620689495e+01,5.009900000000000000e+04,6.332155398559868445e+03
7.560000000000000000e+02,2.779986206896551337e+01,5.039600000000000000e+04,6.157018152678422666e+03
7.570000000000000000e+02,2.783489655172413535e+01,4.999500000000000000e+04,5.728420046939339954e+03
7.580000000000000000e+02,2.786993103448275377e+01,5.071600000000000000e+04,5.725437698717702915e+03
7.590000000000000000e+02,2.790496551724137575e+01,5.094800000000000000e+04,5.649977299711789783e+03
7.600000000000000000e+02,2.794000000000000128e+01,5.055600000000000000e+04,5.809876375521036607e+03
7.610000000000000000e+02,2.797503448275861615e+01,5.108400000000000000e+04,5.717697345202697761e+03
7.620000000000000000e+02,2.801006896551724168e+01,5.128400000000000000e+04,5.895567311046514078e+03
7.630000000000000000e+02,2.804510344827585655e+01,5.137200000000000000e+04,5.503668079008537461e+03
7.640000000000000000e+02,2.808013793103448208e+01,5.100400000000000000e+04,5.008068195422106328e+03
7.650000000000000000e+02,2.811517241379310406e+01,5.137200000000000000e+04,4.871995675922802548e+03
7.660000000000000000e+02,2.815020689655172248e+01,5.172400000000000000e+04,4.863551888757235247e+03
7.670000000000000000e+02,2.818524137931034446e+01,5.193200000000000000e+04,4.843833121595006560e+03
7.680000000000000000e+02,2.822027586206896288e+01,5.121200000000000000e+04,4.585753789640301875e+03
7.690000000000000000e+02,2.825531034482758486e+01,5.102000000000000000e+04,4.214267517138592666e+03
7.700000000000000000e+02,2.829034482758620683e+01,5.112400000000000000e+04,4.495482561038632412e+03
7.710000000000000000e+02,2.832537931034482526e+01,5.139600000000000000e+04,4.882425229371998284e+03
7.720000000000000000e+02,2.836041379310344723e+01,5.163600000000000000e+04,4.535143621876432917e+03
7.730000000000000000e+02,2.839544827586206566e+01,5.138800000000000000e+04,4.669869722349990298e+03
7.740000000000000000e+02,2.843048275862068763e+01,5.111600000000000000e+04,4.351281313737793425e+03
7.750000000000000000e+02,2.846551724137930961e+01,5.129200000000000000e+04,4.256909821655339329e+03
7.760000000000000000e+02,2.850055172413792803e+01,5.138800000000000000e+04,3.936015234294276070e+03
7.770000000000000000e+02,2.853558620689655001e+01,5.176400000000000000e+04,3.948653702499622796e+03
7.780000000000000000e+02,2.857062068965516843e+01,5.171600000000000000e+04,4.186372196266182982e+03
7.790000000000000000e+02,2.860565517241379041e+01,5.150000000000000000e+04,3.889772951535081120e+03
7.800000000000000000e+02,2.864068965517241239e+01,5.153200000000000000e+04,4.886490559036446939e+03
7.810000000000000000e+02,2.867572413793103081e+01,5.169200000000000000e+04,4.635311236793667376e+03
7.820000000000000000e+02,2.871075862068965279e+01,5.182000000000000000e+04,3.592705087941415968e+03
7.830000000000000000e+02,2.874579310344827121e+01,5.196400000000000000e+04,3.980139289455471499e+03
7.840000000000000000e+02,2.878082758620689319e+01,5.186800000000000000e+04,4.286341372674964077e+03
7.850000000000000000e+02,2.881586206896551872e+01,5.239600000000000000e+04,4.422131208816706021e+03
7.860000000000000000e+02,2.885089655172413359e+01,5.233200000000000000e+04,4.218347970145990075e+03
7.870000000000000000e+02,2.888593103448275912e+01,5.243600000000000000e+04,4.401585443876270801e+03
7.880000000000000000e+02,2.892096551724137399e+01,5.233200000000000000e+04,4.214787208094000562e+03
7.890000000000000000e+02,2.895599999999999952e+01,5.264400000000000000e+04,4.257198582099595114e+03
7.900000000000000000e+02,2.899103448275862149e+01,5.248400000000000000e+04,4.532262844764311922e+03
7.910000000000000000e+02,2.902606896551723992e+01,5.247600000000000000e+04,4.733808243737347766e+03
7.920000000000000000e+02,2.906110344827586189e+01,5.264400000000000000e+04,5.044264958022916289e+03
7.930000000000000000e+02,2.909613793103448032e+01,5.233200000000000000e+04,5.145120276463932896e+03
7.940000000000000000e+02,2.913117241379310229e+01,5.283600000000000000e+04,5.372286849298364359e+03
7.950000000000000000e+02,2.916620689655172427e+01,5.262000000000000000e+04,4.747246485132147427e+03
7.960000000000000000e+02,2.920124137931034269e+01,5.246000000000000000e+04,4.383831845670073562e+03
7.970000000000000000e+02,2.923627586206896467e+01,5.193200000000000000e+04,4.253625094654446912e+03
7.980000000000000000e+02,2.927131034482758309e+01,5.178000000000000000e+04,4.706779129661039406e+03
7.990000000000000000e+02,2.930634482758620507e+01,5.221200000000000000e+04,5.207078484548359484e+03
8.000000000000000000e+02,2.934137931034482705e+01,5.246800000000000000e+04,4.612077060730986886e+03
8.010000000000000000e+02,2.937641379310344547e+01,5.258000000000000000e+04,4.395438443188780184e+03
8.020000000000000000e+02,2.941144827586206745e+01,5.210800000000000000e+04,4.561482872609001788e+03
8.030000000000000000e+02,2.944648275862068587e+01,5.225200000000000000e+04,5.329079679222070808e+03
8.040000000000000000e+02,2.948151724137930785e+01,5.140400000000000000e+04,5.169969394484072836e+03
8.050000000000000000e+02,2.951655172413792982e+01,5.138000000000000000e+04,5.458226835013505479e+03
8.060000000000000000e+02,2.955158620689654825e+01,5.156400000000000000e+04,5.666965701910251482e+03
8.070000000000000000e+02,2.958662068965517022e+01,5.173200000000000000e+04,5.634943135508454361e+03
8.080000000000000000e+02,2.962165517241378865e+01,5.148400000000000000e+04,5.509466167262920862e+03
8.090000000000000000e+02,2.965668965517241062e+01,5.156400000000000000e+04,5.548288872003426150e+03
8.100000000000000000e+02,2.969172413793103615e+01,5.166000000000000000e+04,5.592788706096498572e+03
8.110000000000000000e+02,2.972675862068965102e+01,5.160400000000000000e+04,5.317129810341697521e+03
8.120000000000000000e+02,2.976179310344827655e+01,5.166000000000000000e+04,5.551313810767990617e+03
8.130000000000000000e+02,2.979682758620689143e+01,5.142800000000000000e+04,5.352210944802091035e+03
8.140000000000000000e+02,2.983186206896551695e+01,5.123600000000000000e+04,6.144867957910521909e+03
8.150000000000000000e+02,2.986689655172413893e+01,5.124400000000000000e+04,6.065703644897764207e+03
8.160000000000000000e+02,2.990193103448275735e+01,5.078800000000000000e+04,5.906116360507212448e+03
8.170000000000000000e+02,2.993696551724137933e+01,5.033200000000000000e+04,5.799092118531578308e+03
8.180000000000000000e+02,2.997199999999999775e+01,5.045200000000000000e+04,5.942003696416280945e+03
8.190000000000000000e+02,3.000703448275861973e+01,5.024350000000000000e+04,6.072373779606065909e+03
8.200000000000000000e+02,3.004206896551724171e+01,5.026000000000000000e+04,6.308773815814907721e+03
8.210000000000000000e+02,3.007710344827586013e+01,5.047600000000000000e+04,6.052480976774775627e+03
8.220000000000000000e+02,3.011213793103448211e+01,5.040400000000000000e+04,6.603540809389986862e+03
8.230000000000000000e+02,3.014717241379310053e+01,4.968300000000000000e+04,6.955263466964602230e+03
8.240000000000000000e+02,3.018220689655172251e+01,4.949900000000000000e+04,6.240314148916192607e+03
8.250000000000000000e+02,3.021724137931034448e+01,4.956300000000000000e+04,6.456526927025364785e+03
8.260000000000000000e+02,3.025227586206896291e+01,4.998700000000000000e+04,6.723503031594073946e+03
8.270000000000000000e+02,3.028731034482758488e+01,4.979500000000000000e+04,6.927211355357976572e+03
8.280000000000000000e+02,3.032234482758620331e+01,5.041200000000000000e+04,6.929126386530223499e+03
8.290000000000000000e+02,3.035737931034482529e+01,5.013900000000000000e+04,8.353456327416633940e+03
8.300000000000000000e+02,3.039241379310344726e+01,4.960300000000000000e+04,7.877954789551461545e+03
8.310000000000000000e+02,3.042744827586206569e+01,4.969100000000000000e+04,7.546010184601073888e+03
8.320000000000000000e+02,3.046248275862068766e+01,4.977900000000000000e+04,7.042996307838640860e+03
8.330000000000000000e+02,3.049751724137930609e+01,4.986700000000000000e+04,7.483108595751166831e+03
8.340000000000000000e+02,3.053255172413792806e+01,4.962700000000000000e+04,7.693239144604235662e+03
8.350000000000000000e+02,3.056758620689655004e+01,4.964300000000000000e+04,7.413633713659323803e+03
8.360000000000000000e+02,3.060262068965516846e+01,4.966700000000000000e+04,7.962172215081214745e+03
8.370000000000000000e+02,3.063765517241379044e+01,4.980300000000000000e+04,7.411246488907403545e+03
8.380000000000000000e+02,3.067268965517240886e+01,4.975500000000000000e+04,7.443929608356686003e+03
8.390000000000000000e+02,3.070772413793103084e+01,4.941100000000000000e+04,7.475101740576298653e+03
8.400000000000000000e+02,3.074275862068965637e+01,4.937900000000000000e+04,8.014458014527694104e+03
8.410000000000000000e+02,3.077779310344827124e+01,4.957100000000000000e+04,7.911110633263432646e+03
8.420000000000000000e+02,3.081282758620689677e+01,4.921900000000000000e+04,7.739778276573095354e+03
8.430000000000000000e+02,3.084786206896551164e+01,4.884300000000000000e+04,7.867841540676282420e+03
8.440000000000000000e+02,3.088289655172413717e+01,4.886700000000000000e+04,7.459525630702014496e+03
8.450000000000000000e+02,3.091793103448275915e+01,4.933900000000000000e+04,8.447622270057489004e+03
8.460000000000000000e+02,3.095296551724137757e+01,4.878700000000000000e+04,8.013150906464651598e+03
8.470000000000000000e+02,3.098799999999999955e+01,4.845900000000000000e+04,7.882479966795322980e+03
8.480000000000000000e+02,3.102303448275861797e+01,4.926700000000000000e+04,7.635300064164121977e+03
8.490000000000000000e+02,3.105806896551723995e+01,4.923500000000000000e+04,7.881291407464133044e+03
8.500000000000000000e+02,3.109310344827586192e+01,4.927500000000000000e+04,7.425836914880072982e+03
8.510000000000000000e+02,3.112813793103448035e+01,4.913100000000000000e+04,6.642067146319582207e+03
8.520000000000000000e+02,3.116317241379310232e+01,4.912300000000000000e+04,6.769664419091816853e+03
8.530000000000000000e+02,3.119820689655172075e+01,4.952300000000000000e+04,7.107132164047787228e+03
8.540000000000000000e+02,3.123324137931034272e+01,4.922700000000000000e+04,6.594775863510169984e+03
8.550000000000000000e+02,3.126827586206896470e+01,4.880300000000000000e+04,6.566592815037605760e+03
8.560000000000000000e+02,3.130331034482758312e+01,4.920300000000000000e+04,6.441015642021420717e+03
8.570000000000000000e+02,3.133834482758620510e+01,4.966700000000000000e+04,6.332005517259382941e+03
8.580000000000000000e+02,3.137337931034482352e+01,4.954700000000000000e+04,6.285420436796299327e+03
8.590000000000000000e+02,3.140841379310344550e+01,4.948300000000000000e+04,6.036700114384044355e+03
8.600000000000000000e+02,3.144344827586206748e+01,4.958700000000000000e+04,6.114867414539251513e+03
8.610000000000000000e+02,3.147848275862068590e+01,4.981900000000000000e+04,5.968101355808429616e+03
8.620000000000000000e+02,3.151351724137930788e+01,4.911500000000000000e+04,6.106754235858991706e+03
8.630000000000000000e+02,3.154855172413792630e+01,4.949900000000000000e+04,6.221266801977823889e+03
8.640000000000000000e+02,3.158358620689654828e+01,4.930700000000000000e+04,5.866384622932406273e+03
8.650000000000000000e+02,3.161862068965517381e+01,4.998700000000000000e+04,6.001183077840559235e+03
8.660000000000000000e+02,3.165365517241378868e+01,5.001100000000000000e+04,5.568308708879535516e+03
8.670000000000000000e+02,3.168868965517241421e+01,5.045200000000000000e+04,6.170893938469851491e+03
8.680000000000000000e+02,3.172372413793102908e+01,5.047600000000000000e+04,5.815253646937113444e+03
8.690000000000000000e+02,3.175875862068965461e+01,5.077200000000000000e+04,6.167479205790196829e+03
8.700000000000000000e+02,3.179379310344827658e+01,5.101200000000000000e+04,5.951013455864111165e+03
8.710000000000000000e+02,3.182882758620689501e+01,5.039600000000000000e+04,5.751170501027901992e+03
8.720000000000000000e+02,3.186386206896551698e+01,5.074000000000000000e+04,6.395882832469081222e+03
8.730000000000000000e+02,3.189889655172413541e+01,5.063600000000000000e+04,6.491126564698156471e+03
8.740000000000000000e+02,3.193393103448275738e+01,5.104400000000000000e+04,5.956515007687329671e+03
8.750000000000000000e+02,3.196896551724137936e+01,5.111600000000000000e+04,5.691132977779440807e+03
8.760000000000000000e+02,3.200399999999999778e+01,5.094000000000000000e+04,5.451201947771927735e+03
8.770000000000000000e+02,3.203903448275861621e+01,5.131600000000000000e+04,5.372933847997022895e+03
8.780000000000000000e+02,3.207406896551723463e+01,5.123600000000000000e+04,5.554765684914908888e+03
8.790000000000000000e+02,3.210910344827586016e+01,5.106800000000000000e+04,5.283782756328529103e+03
8.800000000000000000e+02,3.214413793103448569e+01,5.084400000000000000e+04,5.610105982940844115e+03
8.810000000000000000e+02,3.217917241379309701e+01,5.094800000000000000e+04,5.012917181650499515e+03
8.820000000000000000e+02,3.221420689655172254e+01,5.165200000000000000e+04,4.625586574117213786e+03
8.830000000000000000e+02,3.224924137931034096e+01,5.141200000000000000e+04,4.439859141424937661e+03
8.840000000000000000e+02,3.228427586206896649e+01,5.188400000000000000e+04,4.582899244917008218e+03
8.850000000000000000e+02,3.231931034482758491e+01,5.155600000000000000e+04,4.741034600168939505e+03
8.860000000000000000e+02,3.235434482758620334e+01,5.127600000000000000e+04,4.266681800409372954e+03
8.870000000000000000e+02,3.238937931034482887e+01,5.161200000000000000e+04,4.002861537190174204e+03
8.880000000000000000e+02,3.242441379310344729e+01,5.149200000000000000e+04,4.161298484874347196e+03
8.890000000000000000e+02,3.245944827586206571e+01,5.156400000000000000e+04,4.119053184765106380e+03
8.900000000000000000e+02,3.249448275862069124e+01,5.220400000000000000e+04,4.197719956104983794e+03
8.910000000000000000e+02,3.252951724137930967e+01,5.208400000000000000e+04,4.089625787734771620e+03
8.920000000000000000e+02,3.256455172413792809e+01,5.134000000000000000e+04,3.969789540116920307e+03
8.930000000000000000e+02,3.259958620689654651e+01,5.241200000000000000e+04,4.073720216271077334e+03
8.940000000000000000e+02,3.263462068965517204e+01,5.219600000000000000e+04,3.835661253001400837e+03
8.950000000000000000e+02,3.266965517241379047e+01,5.201200000000000000e+04,3.778099593111618105e+03
8.960000000000000000e+02,3.270468965517240889e+01,5.211600000000000000e+04,3.980950013688351646e+03
8.970000000000000000e+02,3.273972413793103442e+01,5.241200000000000000e+04,3.701393319001727377e+03
8.980000000000000000e+02,3.277475862068965284e+01,5.230000000000000000e+04,4.439663442207348453e+03
8.990000000000000000e+02,3.280979310344827127e+01,5.213200000000000000e+04,4.776960098061458666e+03
9.000000000000000000e+02,3.284482758620689680e+01,5.182000000000000000e+04,4.648618945189023179e+03
9.010000000000000000e+02,3.287986206896551522e+01,5.226800000000000000e+04,4.066158743984714874e+03
9.020000000000000000e+02,3.291489655172413364e+01,5.263600000000000000e+04,4.077486587495302501e+03
9.030000000000000000e+02,3.294993103448275207e+01,5.223600000000000000e+04,3.630061149175826813e+03
9.040000000000000000e+02,3.298496551724137760e+01,5.282000000000000000e+04,3.633248371118271280e+03
9.050000000000000000e+02,3.302000000000000313e+01,5.297200000000000000e+04,3.560866305447111245e+03
9.060000000000000000e+02,3.305503448275861444e+01,5.289200000000000000e+04,3.641794513461223687e+03
9.070000000000000000e+02,3.309006896551723997e+01,5.262800000000000000e+04,3.300229046119465693e+03
9.080000000000000000e+02,3.312510344827585840e+01,5.248400000000000000e+04,2.939104716158346491e+03
9.090000000000000000e+02,3.316013793103448393e+01,5.298000000000000000e+04,2.781699416071684482e+03
9.100000000000000000e+02,3.319517241379310235e+01,5.241200000000000000e+04,3.083594260355609094e+03
9.110000000000000000e+02,3.323020689655172077e+01,5.325200000000000000e+04,2.809787671337029678e+03
9.120000000000000000e+02,3.326524137931034630e+01,5.274800000000000000e+04,3.023627501860243683e+03
9.130000000000000000e+02,3.330027586206896473e+01,5.241200000000000000e+04,2.532488892896124980e+03
9.140000000000000000e+02,3.333531034482758315e+01,5.269200000000000000e+04,3.126983259511493543e+03
9.150000000000000000e+02,3.337034482758620868e+01,5.223600000000000000e+04,3.046074755899182946e+03
9.160000000000000000e+02,3.340537931034482710e+01,5.282000000000000000e+04,2.699581336557981103e+03
9.170000000000000000e+02,3.344041379310344553e+01,5.237200000000000000e+04,3.061825093613443187e+03
9.180000000000000000e+02,3.347544827586206395e+01,5.270000000000000000e+04,2.856780149915433867e+03
9.190000000000000000e+02,3.351048275862068948e+01,5.275600000000000000e+04,2.735183082205031496e+03
9.200000000000000000e+02,3.354551724137930790e+01,5.247600000000000000e+04,2.681514906884320681e+03
9.210000000000000000e+02,3.358055172413792633e+01,5.267600000000000000e+04,2.589975217191685260e+03
9.220000000000000000e+02,3.361558620689655186e+01,5.255600000000000000e+04,2.762536895963088682e+03
9.230000000000000000e+02,3.365062068965517028e+01,5.246000000000000000e+04,2.532705226745030359e+03
9.240000000000000000e+02,3.368565517241378870e+01,5.270000000000000000e+04,2.964323160853498848e+03
9.250000000000000000e+02,3.372068965517241423e+01,5.251600000000000000e+04,2.657222098525094680e+03
9.260000000000000000e+02,3.375572413793103266e+01,5.280400000000000000e+04,2.456167341604352259e+03
9.270000000000000000e+02,3.379075862068965108e+01,5.239600000000000000e+04,2.926787250787615903e+03
9.280000000000000000e+02,3.382579310344826951e+01,5.319600000000000000e+04,2.650596416601002602e+03
9.290000000000000000e+02,3.386082758620689503e+01,5.295600000000000000e+04,2.401583612524208093e+03
9.300000000000000000e+02,3.389586206896552056e+01,5.290000000000000000e+04,2.510349171839094652e+03
9.310000000000000000e+02,3.393089655172413188e+01,5.310800000000000000e+04,2.373228773001568698e+03
9.320000000000000000e+02,3.396593103448275741e+01,5.275600000000000000e+04,2.516753864198873089e+03
9.330000000000000000e+02,3.400096551724137584e+01,5.280400000000000000e+04,2.861168553559470638e+03
9.340000000000000000e+02,3.403600000000000136e+01,5.306800000000000000e+04,2.831070485591428223e+03
9.350000000000000000e+02,3.407103448275861979e+01,5.299600000000000000e+04,2.558286656623701674e+03
9.360000000000000000e+02,3.410606896551723821e+01,5.254800000000000000e+04,2.955076014017060515e+03
9.370000000000000000e+02,3.414110344827586374e+01,5.288400000000000000e+04,2.802634207962887558e+03
9.380000000000000000e+02,3.417613793103448216e+01,5.303600000000000000e+04,2.579867599521379816e+03
9.390000000000000000e+02,3.421117241379310059e+01,5.274000000000000000e+04,2.697439308090383292e+03
9.400000000000000000e+02,3.424620689655172612e+01,5.249200000000000000e+04,2.611527786668883437e+03
9.410000000000000000e+02,3.428124137931034454e+01,5.327600000000000000e+04,2.807895386371020322e+03
9.420000000000000000e+02,3.431627586206896297e+01,5.281200000000000000e+04,2.829482350833360215e+03
9.430000000000000000e+02,3.435131034482758139e+01,5.282800000000000000e+04,2.597708967948256486e+03
9.440000000000000000e+02,3.438634482758620692e+01,5.284400000000000000e+04,2.756328110924884641e+03
9.450000000000000000e+02,3.442137931034482534e+01,5.256400000000000000e+04,2.731538417963679876e+03
9.460000000000000000e+02,3.445641379310344377e+01,5.296400000000000000e+04,3.032152444122715224e+03
9.470000000000000000e+02,3.449144827586206929e+01,5.298000000000000000e+04,2.830873579391381554e+03
9.480000000000000000e+02,3.452648275862068772e+01,5.278000000000000000e+04,3.133227890468161604e+03
9.490000000000000000e+02,3.456151724137930614e+01,5.282000000000000000e+04,2.884458329896602663e+03
9.500000000000000000e+02,3.459655172413793167e+01,5.305200000000000000e+04,3.183681906160231847e+03
9.510000000000000000e+02,3.463158620689655010e+01,5.299600000000000000e+04,2.898092660895338668e+03
9.520000000000000000e+02,3.466662068965516852e+01,5.286000000000000000e+04,2.820418449261252590e+03
9.530000000000000000e+02,3.470165517241378694e+01,5.272400000000000000e+04,2.692316548275383866e+03
9.540000000000000000e+02,3.473668965517241247e+01,5.274800000000000000e+04,2.991336364522790973e+03
9.550000000000000000e+02,3.477172413793103800e+01,5.285200000000000000e+04,3.305605539005347055e+03
9.560000000000000000e+02,3.480675862068964932e+01,5.239600000000000000e+04,3.148017496376650342e+03
9.570000000000000000e+02,3.484179310344827485e+01,5.236400000000000000e+04,3.103785224722993462e+03
9.580000000000000000e+02,3.487682758620689327e+01,5.257200000000000000e+04,2.994219244382514717e+03
9.590000000000000000e+02,3.491186206896551170e+01,5.258000000000000000e+04,3.200222493060011402e+03
9.600000000000000000e+02,3.494689655172413723e+01,5.302000000000000000e+04,3.114778161024081328e+03
9.610000000000000000e+02,3.498193103448275565e+01,5.289200000000000000e+04,2.989184075155157643e+03
9.620000000000000000e+02,3.501696551724138118e+01,5.302000000000000000e+04,3.088644317843196859e+03
9.630000000000000000e+02,3.505199999999999250e+01,5.306800000000000000e+04,3.107056058413126721e+03
9.640000000000000000e+02,3.508703448275861803e+01,5.296400000000000000e+04,2.906538195204061594e+03
9.650000000000000000e+02,3.512206896551724356e+01,5.278000000000000000e+04,2.695685027424325199e+03
9.660000000000000000e+02,3.515710344827586198e+01,5.274000000000000000e+04,2.772882338691190853e+03
9.670000000000000000e+02,3.519213793103448040e+01,5.239600000000000000e+04,2.981531543158614568e+03
9.680000000000000000e+02,3.522717241379309883e+01,5.287600000000000000e+04,3.078469320713109937e+03
9.690000000000000000e+02,3.526220689655172436e+01,5.266000000000000000e+04,3.001072680578413383e+03
9.700000000000000000e+02,3.529724137931034278e+01,5.246000000000000000e+04,2.921354182799553200e+03
9.710000000000000000e+02,3.533227586206896120e+01,5.261200000000000000e+04,2.944557257794550424e+03
9.720000000000000000e+02,3.536731034482758673e+01,5.246800000000000000e+04,2.890042878205094439e+03
9.730000000000000000e+02,3.540234482758620516e+01,5.272400000000000000e+04,3.021722831940229753e+03
9.740000000000000000e+02,3.543737931034482358e+01,5.284400000000000000e+04,3.185793831161231992e+03
9.750000000000000000e+02,3.547241379310344911e+01,5.250000000000000000e+04,2.870130139272755514e+03
9.760000000000000000e+02,3.550744827586206753e+01,5.265200000000000000e+04,3.020285617228551018e+03
9.770000000000000000e+02,3.554248275862068596e+01,5.277200000000000000e+04,3.268603927769413986e+03
9.780000000000000000e+02,3.557751724137930438e+01,5.220400000000000000e+04,2.976999557441837624e+03
9.790000000000000000e+02,3.561255172413792991e+01,5.245200000000000000e+04,2.966486784084856936e+03
9.800000000000000000e+02,3.564758620689654833e+01,5.298800000000000000e+04,3.193233281985367739e+03
9.810000000000000000e+02,3.568262068965516676e+01,5.278000000000000000e+04,2.943596644935773838e+03
9.820000000000000000e+02,3.571765517241379229e+01,5.268400000000000000e+04,3.090840035203556454e+03
9.830000000000000000e+02,3.575268965517241071e+01,5.280400000000000000e+04,2.993535962621743238e+03
9.840000000000000000e+02,3.578772413793102913e+01,5.264400000000000000e+04,2.792488893393542185e+03
9.850000000000000000e+02,3.582275862068965466e+01,5.313200000000000000e+04,2.958887132403496253e+03
9.860000000000000000e+02,3.585779310344827309e+01,5.265200000000000000e+04,2.777973765383640966e+03
9.870000000000000000e+02,3.589282758620689862e+01,5.309200000000000000e+04,2.936900591104117211e+03
9.880000000000000000e+02,3.592786206896550993e+01,5.288400000000000000e+04,3.049014891767457357e+03
9.890000000000000000e+02,3.596289655172413546e+01,5.282800000000000000e+04,3.055814613390971317e+03
9.900000000000000000e+02,3.599793103448276099e+01,5.289200000000000000e+04,3.138382432207950387e+03
9.910000000000000000e+02,3.603296551724137942e+01,5.300400000000000000e+04,2.870127225399603049e+03
9.920000000000000000e+02,3.606799999999999784e+01,5.290000000000000000e+04,2.727973296965297777e+03
9.930000000000000000e+02,3.610303448275861626e+01,5.282800000000000000e+04,2.852664378797200243e+03
9.940000000000000000e+02,3.613806896551724179e+01,5.287600000000000000e+04,2.766303343461834174e+03
9.950000000000000000e+02,3.617310344827586022e+01,5.286000000000000000e+04,2.842180511156179818e+03
9.960000000000000000e+02,3.620813793103447864e+01,5.297200000000000000e+04,2.832017064634379039e+03
9.970000000000000000e+02,3.624317241379310417e+01,5.295600000000000000e+04,2.965661256080439671e+03
9.980000000000000000e+02,3.627820689655172259e+01,5.282800000000000000e+04,2.687462568528008433e+03
9.990000000000000000e+02,3.631324137931034102e+01,5.280400000000000000e+04,3.129421774124899457e+03
1.000000000000000000e+03,3.634827586206896655e+01,5.350000000000000000e+04,3.259498236448317130e+03
1.001000000000000000e+03,3.638331034482758497e+01,5.284400000000000000e+04,2.926549583379007800e+03
1.002000000000000000e+03,3.641834482758620339e+01,5.315600000000000000e+04,2.870524730583979817e+03
1.003000000000000000e+03,3.645337931034482182e+01,5.278000000000000000e+04,2.762877029359499375e+03
1.004000000000000000e+03,3.648841379310344735e+01,5.279600000000000000e+04,2.741619275871656555e+03
1.005000000000000000e+03,3.652344827586206577e+01,5.282800000000000000e+04,3.105117064649131407e+03
1.006000000000000000e+03,3.655848275862068419e+01,5.280400000000000000e+04,2.922141315540616688e+03
1.007000000000000000e+03,3.659351724137930972e+01,5.310000000000000000e+04,2.970726634479512086e+03
1.008000000000000000e+03,3.662855172413792815e+01,5.318800000000000000e+04,3.037844137387331102e+03
1.009000000000000000e+03,3.666358620689654657e+01,5.306800000000000000e+04,2.958184359331509313e+03
1.010000000000000000e+03,3.669862068965517210e+01,5.325200000000000000e+04,2.789177699778429997e+03
1.011000000000000000e+03,3.673365517241379052e+01,5.312400000000000000e+04,2.834693420359353240e+03
