column,nominal_position_mm,green_median,green_std
0.000000000000000000e+00,0.000000000000000000e+00,0.000000000000000000e+00,0.000000000000000000e+00
1.000000000000000000e+00,2.627586206896551646e-01,6.005000000000000000e+02,1.014322348363126913e+01
2.000000000000000000e+00,5.255172413793103292e-01,5.740000000000000000e+02,9.130896116421919118e+00
3.000000000000000000e+00,7.882758620689654938e-01,5.595000000000000000e+02,9.119480827084158747e+00
4.000000000000000000e+00,1.051034482758620658e+00,5.540000000000000000e+02,8.825861619883541564e+00
5.000000000000000000e+00,1.313793103448275934e+00,1.330000000000000000e+02,9.460352207443911254e+00
6.000000000000000000e+00,1.576551724137930988e+00,1.265000000000000000e+02,8.655040278486415772e+00
7.000000000000000000e+00,1.839310344827586263e+00,1.230000000000000000e+02,7.873897630074250031e+00
8.000000000000000000e+00,2.102068965517241317e+00,1.220000000000000000e+02,6.511974813543293550e+00
9.000000000000000000e+00,2.364827586206896370e+00,1.200000000000000000e+02,5.232734506609967973e+00
1.000000000000000000e+01,2.627586206896551868e+00,1.205000000000000000e+02,4.055121504550347034e+00
1.100000000000000000e+01,2.890344827586206922e+00,1.200000000000000000e+02,4.875133545179386019e+00
1.200000000000000000e+01,3.153103448275861975e+00,1.210000000000000000e+02,5.008153074959094120e+00
1.300000000000000000e+01,3.415862068965517029e+00,1.190000000000000000e+02,5.101019437872744255e+00
1.400000000000000000e+01,3.678620689655172526e+00,1.175000000000000000e+02,4.217553842770317196e+00
1.500000000000000000e+01,3.941379310344827580e+00,1.160000000000000000e+02,3.421490497169650702e+00
1.600000000000000000e+01,4.204137931034482634e+00,1.150000000000000000e+02,3.703824506131765393e+00
1.700000000000000000e+01,4.466896551724137687e+00,1.140000000000000000e+02,3.358692598649394068e+00
1.800000000000000000e+01,4.729655172413792741e+00,1.130000000000000000e+02,2.942076812767168814e+00
1.900000000000000000e+01,4.992413793103448683e+00,1.110000000000000000e+02,3.054411086172477585e+00
2.000000000000000000e+01,5.255172413793103736e+00,1.100000000000000000e+02,3.752545432399481573e+00
2.100000000000000000e+01,5.517931034482758790e+00,1.100000000000000000e+02,3.843284185866735037e+00
2.200000000000000000e+01,5.780689655172413843e+00,1.100000000000000000e+02,3.523667498344428495e+00
2.300000000000000000e+01,6.043448275862068897e+00,1.080000000000000000e+02,4.025094891911107808e+00
2.400000000000000000e+01,6.306206896551723950e+00,1.080000000000000000e+02,3.188248822716877928e+00
2.500000000000000000e+01,6.568965517241379004e+00,1.070000000000000000e+02,4.105329784425228112e+00
2.600000000000000000e+01,6.831724137931034058e+00,1.060000000000000000e+02,4.030267429781249078e+00
2.700000000000000000e+01,7.094482758620689999e+00,1.045000000000000000e+02,4.740075523894341281e+00
2.800000000000000000e+01,7.357241379310345053e+00,1.020000000000000000e+02,4.773652733145412164e+00
2.900000000000000000e+01,7.620000000000000107e+00,9.850000000000000000e+01,4.237676168084997919e+00
3.000000000000000000e+01,7.882758620689655160e+00,9.800000000000000000e+01,3.648094536878121907e+00
3.100000000000000000e+01,8.145517241379311102e+00,9.950000000000000000e+01,3.624221659734525147e+00
3.200000000000000000e+01,8.408275862068965267e+00,9.900000000000000000e+01,4.768194321054179952e+00
3.300000000000000000e+01,8.671034482758621209e+00,1.000000000000000000e+02,4.214722872133931375e+00
3.400000000000000000e+01,8.933793103448275374e+00,9.800000000000000000e+01,3.986467996025219840e+00
3.500000000000000000e+01,9.196551724137931316e+00,9.900000000000000000e+01,4.251633672941366626e+00
3.600000000000000000e+01,9.459310344827585482e+00,9.900000000000000000e+01,3.853209340565630470e+00
3.700000000000000000e+01,9.722068965517241423e+00,1.030000000000000000e+02,3.815174380753198591e+00
3.800000000000000000e+01,9.984827586206897365e+00,1.020000000000000000e+02,3.662639834266474992e+00
3.900000000000000000e+01,1.024758620689655153e+01,1.020000000000000000e+02,3.691146972449379060e+00
4.000000000000000000e+01,1.051034482758620747e+01,1.000000000000000000e+02,3.702242188488242824e+00
4.100000000000000000e+01,1.077310344827586164e+01,1.000000000000000000e+02,2.795007329547138042e+00
4.200000000000000000e+01,1.103586206896551758e+01,9.850000000000000000e+01,2.664631384763503696e+00
4.300000000000000000e+01,1.129862068965517174e+01,9.900000000000000000e+01,3.598803813614864122e+00
4.400000000000000000e+01,1.156137931034482769e+01,9.900000000000000000e+01,3.309288275277463054e+00
4.500000000000000000e+01,1.182413793103448363e+01,9.800000000000000000e+01,3.205626563819726549e+00
4.600000000000000000e+01,1.208689655172413779e+01,9.750000000000000000e+01,3.226410113767656629e+00
4.700000000000000000e+01,1.234965517241379374e+01,9.700000000000000000e+01,3.781293043832140377e+00
4.800000000000000000e+01,1.261241379310344790e+01,9.700000000000000000e+01,3.482034745981466894e+00
4.900000000000000000e+01,1.287517241379310384e+01,9.700000000000000000e+01,3.073675753700915170e+00
5.000000000000000000e+01,1.313793103448275801e+01,9.800000000000000000e+01,3.290347837066605940e+00
5.100000000000000000e+01,1.340068965517241395e+01,9.900000000000000000e+01,4.550640980492015153e+00
5.200000000000000000e+01,1.366344827586206812e+01,1.000000000000000000e+02,5.199116845409633036e+00
5.300000000000000000e+01,1.392620689655172406e+01,1.045000000000000000e+02,5.532064048697275638e+00
5.400000000000000000e+01,1.418896551724138000e+01,1.055000000000000000e+02,5.034214533789975299e+00
5.500000000000000000e+01,1.445172413793103416e+01,1.025000000000000000e+02,6.476419567682953904e+00
5.600000000000000000e+01,1.471448275862069011e+01,9.750000000000000000e+01,3.868442031360945776e+00
5.700000000000000000e+01,1.497724137931034427e+01,9.700000000000000000e+01,4.192782737435047480e+00
5.800000000000000000e+01,1.524000000000000021e+01,9.500000000000000000e+01,3.503904072602444852e+00
5.900000000000000000e+01,1.550275862068965438e+01,9.350000000000000000e+01,3.558050340034865311e+00
6.000000000000000000e+01,1.576551724137931032e+01,9.300000000000000000e+01,5.345323436321593569e+00
6.100000000000000000e+01,1.602827586206896626e+01,9.350000000000000000e+01,7.355523954069409065e+00
6.200000000000000000e+01,1.629103448275862220e+01,9.350000000000000000e+01,8.598060787500607205e+00
6.300000000000000000e+01,1.655379310344827459e+01,9.800000000000000000e+01,8.246184934393735233e+00
6.400000000000000000e+01,1.681655172413793053e+01,1.015000000000000000e+02,5.488466442357910147e+00
6.500000000000000000e+01,1.707931034482758648e+01,9.650000000000000000e+01,1.198289796960651721e+01
6.600000000000000000e+01,1.734206896551724242e+01,9.600000000000000000e+01,8.306391604845967436e+01
6.700000000000000000e+01,1.760482758620689481e+01,9.800000000000000000e+01,1.069266180579258361e+02
6.800000000000000000e+01,1.786758620689655075e+01,1.005000000000000000e+02,1.473450633999433705e+02
6.900000000000000000e+01,1.813034482758620669e+01,1.030000000000000000e+02,1.628718168764592917e+02
7.000000000000000000e+01,1.839310344827586263e+01,1.040000000000000000e+02,1.695193726638148348e+02
7.100000000000000000e+01,1.865586206896551857e+01,1.020000000000000000e+02,1.475124053163740427e+02
7.200000000000000000e+01,1.891862068965517096e+01,1.050000000000000000e+02,1.503590840842902594e+02
7.300000000000000000e+01,1.918137931034482691e+01,1.075000000000000000e+02,1.468679962869151723e+02
7.400000000000000000e+01,1.944413793103448285e+01,1.110000000000000000e+02,1.591832833821860049e+02
7.500000000000000000e+01,1.970689655172413879e+01,1.245000000000000000e+02,1.705680409608500270e+02
7.600000000000000000e+01,1.996965517241379473e+01,3.435000000000000000e+02,1.334003997995008604e+02
7.700000000000000000e+01,2.023241379310344712e+01,3.650000000000000000e+02,1.637314755743378782e+02
7.800000000000000000e+01,2.049517241379310306e+01,3.760000000000000000e+02,1.556923590838141820e+02
7.900000000000000000e+01,2.075793103448275900e+01,3.990000000000000000e+02,1.252099833501928430e+02
8.000000000000000000e+01,2.102068965517241494e+01,3.765000000000000000e+02,1.110324476316870772e+02
8.100000000000000000e+01,2.128344827586206733e+01,3.345000000000000000e+02,8.402404376460083313e+01
8.200000000000000000e+01,2.154620689655172328e+01,3.310000000000000000e+02,5.453119329032389828e+01
8.300000000000000000e+01,2.180896551724137922e+01,3.590000000000000000e+02,5.564606342770348846e+01
8.400000000000000000e+01,2.207172413793103516e+01,3.895000000000000000e+02,7.897458056235562651e+01
8.500000000000000000e+01,2.233448275862069110e+01,3.430000000000000000e+02,8.444327227576444272e+01
8.600000000000000000e+01,2.259724137931034349e+01,3.560000000000000000e+02,8.000422894638479931e+01
8.700000000000000000e+01,2.285999999999999943e+01,3.730000000000000000e+02,7.659552575687577303e+01
8.800000000000000000e+01,2.312275862068965537e+01,3.570000000000000000e+02,8.028437953439150476e+01
8.900000000000000000e+01,2.338551724137931132e+01,4.070000000000000000e+02,7.031258333328395338e+01
9.000000000000000000e+01,2.364827586206896726e+01,4.505000000000000000e+02,6.217335475641205988e+01
9.100000000000000000e+01,2.391103448275861965e+01,4.585000000000000000e+02,5.734389664680006859e+01
9.200000000000000000e+01,2.417379310344827559e+01,4.640000000000000000e+02,6.171877021799950569e+01
9.300000000000000000e+01,2.443655172413793153e+01,4.610000000000000000e+02,5.947583542918922461e+01
9.400000000000000000e+01,2.469931034482758747e+01,4.610000000000000000e+02,5.652150524849417934e+01
9.500000000000000000e+01,2.496206896551723986e+01,4.665000000000000000e+02,5.204818814222920054e+01
9.600000000000000000e+01,2.522482758620689580e+01,4.690000000000000000e+02,4.990517049030758301e+01
9.700000000000000000e+01,2.548758620689655174e+01,4.570000000000000000e+02,4.986788100125726686e+01
9.800000000000000000e+01,2.575034482758620769e+01,4.635000000000000000e+02,5.106932923868188112e+01
9.900000000000000000e+01,2.601310344827586363e+01,4.565000000000000000e+02,5.049869360246416505e+01
1.000000000000000000e+02,2.627586206896551602e+01,4.520000000000000000e+02,5.790047360557597500e+01
1.010000000000000000e+02,2.653862068965517196e+01,4.680000000000000000e+02,5.589311165569113626e+01
1.020000000000000000e+02,2.680137931034482790e+01,4.785000000000000000e+02,5.494827112839857364e+01
1.030000000000000000e+02,2.706413793103448384e+01,4.960000000000000000e+02,5.019146933244731912e+01
1.040000000000000000e+02,2.732689655172413623e+01,4.900000000000000000e+02,3.436021778121062198e+01
1.050000000000000000e+02,2.758965517241379217e+01,4.905000000000000000e+02,2.838598049898733322e+01
1.060000000000000000e+02,2.785241379310344811e+01,4.980000000000000000e+02,2.494597461125853854e+01
1.070000000000000000e+02,2.811517241379310406e+01,5.000000000000000000e+02,3.907275976374788229e+01
1.080000000000000000e+02,2.837793103448276000e+01,4.960000000000000000e+02,3.447674336902099412e+01
1.090000000000000000e+02,2.864068965517241239e+01,4.940000000000000000e+02,4.515728684891902844e+01
1.100000000000000000e+02,2.890344827586206833e+01,4.820000000000000000e+02,4.421616232122216417e+01
1.110000000000000000e+02,2.916620689655172427e+01,4.785000000000000000e+02,4.699356763755606181e+01
1.120000000000000000e+02,2.942896551724138021e+01,4.790000000000000000e+02,6.720692225735049874e+01
1.130000000000000000e+02,2.969172413793103615e+01,4.845000000000000000e+02,6.321809348398605266e+01
1.140000000000000000e+02,2.995448275862068854e+01,4.685000000000000000e+02,6.915520738406712553e+01
1.150000000000000000e+02,3.021724137931034448e+01,4.655000000000000000e+02,6.097019066154833666e+01
1.160000000000000000e+02,3.048000000000000043e+01,4.630000000000000000e+02,5.346999093468741648e+01
1.170000000000000000e+02,3.074275862068965637e+01,4.775000000000000000e+02,5.026830356944622480e+01
1.180000000000000000e+02,3.100551724137930876e+01,4.805000000000000000e+02,4.882973802891248027e+01
1.190000000000000000e+02,3.126827586206896470e+01,4.915000000000000000e+02,4.632617132146315697e+01
1.200000000000000000e+02,3.153103448275862064e+01,4.950000000000000000e+02,3.362660054018081013e+01
1.210000000000000000e+02,3.179379310344827658e+01,4.965000000000000000e+02,2.614594953493434204e+01
1.220000000000000000e+02,3.205655172413793252e+01,5.050000000000000000e+02,2.578065024554914686e+01
1.230000000000000000e+02,3.231931034482758491e+01,5.015000000000000000e+02,1.727996592074828897e+01
1.240000000000000000e+02,3.258206896551724441e+01,4.990000000000000000e+02,1.587953784661953804e+01
1.250000000000000000e+02,3.284482758620689680e+01,5.040000000000000000e+02,1.507567715449845558e+01
1.260000000000000000e+02,3.310758620689654919e+01,5.025000000000000000e+02,1.356613174621106133e+01
1.270000000000000000e+02,3.337034482758620868e+01,5.055000000000000000e+02,1.449962583329499388e+01
1.280000000000000000e+02,3.363310344827586107e+01,5.040000000000000000e+02,2.011667357083559793e+01
1.290000000000000000e+02,3.389586206896552056e+01,5.030000000000000000e+02,2.034185912444801403e+01
1.300000000000000000e+02,3.415862068965517295e+01,5.080000000000000000e+02,1.975385642729034430e+01
1.310000000000000000e+02,3.442137931034482534e+01,5.080000000000000000e+02,1.981857819488236316e+01
1.320000000000000000e+02,3.468413793103448484e+01,5.055000000000000000e+02,1.981519434886605779e+01
1.330000000000000000e+02,3.494689655172413723e+01,5.070000000000000000e+02,1.982208189256505548e+01
1.340000000000000000e+02,3.520965517241378961e+01,5.045000000000000000e+02,1.906658653829316563e+01
1.350000000000000000e+02,3.547241379310344911e+01,5.080000000000000000e+02,2.036488970357779849e+01
1.360000000000000000e+02,3.573517241379310150e+01,5.080000000000000000e+02,2.168524844220144132e+01
1.370000000000000000e+02,3.599793103448276099e+01,5.065000000000000000e+02,1.825965307872949595e+01
1.380000000000000000e+02,3.626068965517241338e+01,5.090000000000000000e+02,2.015175714354016634e+01
1.390000000000000000e+02,3.652344827586206577e+01,5.110000000000000000e+02,2.017190660230762944e+01
1.400000000000000000e+02,3.678620689655172526e+01,5.095000000000000000e+02,2.042762248566060279e+01
1.410000000000000000e+02,3.704896551724137765e+01,5.330000000000000000e+02,6.253020103651247830e+00
1.420000000000000000e+02,3.731172413793103715e+01,5.330000000000000000e+02,6.386801440383821138e+00
1.430000000000000000e+02,3.757448275862068954e+01,5.345000000000000000e+02,5.807644327856941402e+00
1.440000000000000000e+02,3.783724137931034193e+01,5.345000000000000000e+02,5.183942890203257825e+00
1.450000000000000000e+02,3.810000000000000142e+01,5.350000000000000000e+02,6.076444444190478578e+00
1.460000000000000000e+02,3.836275862068965381e+01,5.370000000000000000e+02,5.864204028586393669e+00
1.470000000000000000e+02,3.862551724137931330e+01,5.350000000000000000e+02,6.005206074732156729e+00
1.480000000000000000e+02,3.888827586206896569e+01,5.360000000000000000e+02,5.676118037199563204e+00
1.490000000000000000e+02,3.915103448275861808e+01,5.395000000000000000e+02,1.592068830083115927e+01
1.500000000000000000e+02,3.941379310344827758e+01,1.180000000000000000e+02,1.453906137120122537e+02
1.510000000000000000e+02,3.967655172413792997e+01,1.105000000000000000e+02,1.409026318040424712e+02
1.520000000000000000e+02,3.993931034482758946e+01,1.090000000000000000e+02,1.414094217722858104e+02
1.530000000000000000e+02,4.020206896551724185e+01,1.065000000000000000e+02,1.375545283292734382e+02
1.540000000000000000e+02,4.046482758620689424e+01,1.055000000000000000e+02,1.357425549805177809e+02
1.550000000000000000e+02,4.072758620689655373e+01,1.040000000000000000e+02,1.381425642427255696e+02
1.560000000000000000e+02,4.099034482758620612e+01,1.050000000000000000e+02,1.347506377535928266e+02
1.570000000000000000e+02,4.125310344827586562e+01,1.030000000000000000e+02,1.356716253700660673e+02
1.580000000000000000e+02,4.151586206896551801e+01,1.025000000000000000e+02,1.346445149246918334e+02
1.590000000000000000e+02,4.177862068965517039e+01,1.010000000000000000e+02,1.329677801407376876e+02
1.600000000000000000e+02,4.204137931034482989e+01,1.010000000000000000e+02,1.311651246732741640e+02
1.610000000000000000e+02,4.230413793103448228e+01,1.020000000000000000e+02,1.372750432525883468e+02
1.620000000000000000e+02,4.256689655172413467e+01,1.020000000000000000e+02,1.343122334028686566e+02
1.630000000000000000e+02,4.282965517241379416e+01,1.005000000000000000e+02,1.349744944398961763e+02
1.640000000000000000e+02,4.309241379310344655e+01,9.900000000000000000e+01,1.266154501718578729e+02
1.650000000000000000e+02,4.335517241379310605e+01,9.900000000000000000e+01,1.269493402213611262e+02
1.660000000000000000e+02,4.361793103448275843e+01,9.950000000000000000e+01,1.313908354844643043e+02
1.670000000000000000e+02,4.388068965517241082e+01,1.000000000000000000e+02,1.259825550092816115e+02
1.680000000000000000e+02,4.414344827586207032e+01,9.850000000000000000e+01,1.203466564069535565e+02
1.690000000000000000e+02,4.440620689655172271e+01,1.000000000000000000e+02,1.179150452627040977e+02
1.700000000000000000e+02,4.466896551724138220e+01,9.750000000000000000e+01,1.194273372762236960e+02
1.710000000000000000e+02,4.493172413793102749e+01,9.800000000000000000e+01,1.171897925701675405e+02
1.720000000000000000e+02,4.519448275862068698e+01,9.700000000000000000e+01,1.135612903531245763e+02
1.730000000000000000e+02,4.545724137931034647e+01,1.000000000000000000e+02,1.117006788997572073e+02
1.740000000000000000e+02,4.571999999999999886e+01,1.020000000000000000e+02,1.107287100178730412e+02
1.750000000000000000e+02,4.598275862068965836e+01,1.005000000000000000e+02,1.122624034226161882e+02
1.760000000000000000e+02,4.624551724137931075e+01,9.900000000000000000e+01,1.119056502861773623e+02
1.770000000000000000e+02,4.650827586206896314e+01,1.010000000000000000e+02,1.070850194419784032e+02
1.780000000000000000e+02,4.677103448275862263e+01,1.025000000000000000e+02,1.053134685085699545e+02
1.790000000000000000e+02,4.703379310344827502e+01,1.005000000000000000e+02,1.073268631590225937e+02
1.800000000000000000e+02,4.729655172413793451e+01,1.020000000000000000e+02,9.353155104918695883e+01
1.810000000000000000e+02,4.755931034482758690e+01,9.950000000000000000e+01,9.559789693976304648e+01
1.820000000000000000e+02,4.782206896551723929e+01,1.010000000000000000e+02,9.621316033798193246e+01
1.830000000000000000e+02,4.808482758620689879e+01,9.950000000000000000e+01,9.087765547090707230e+01
1.840000000000000000e+02,4.834758620689655118e+01,9.950000000000000000e+01,9.951171587919797901e+01
1.850000000000000000e+02,4.861034482758620356e+01,1.000000000000000000e+02,9.591302619430793186e+01
1.860000000000000000e+02,4.887310344827586306e+01,1.020000000000000000e+02,8.996490201045071444e+01
1.870000000000000000e+02,4.913586206896551545e+01,9.850000000000000000e+01,7.272607233463266141e+01
1.880000000000000000e+02,4.939862068965517494e+01,1.000000000000000000e+02,6.879402630719877720e+01
1.890000000000000000e+02,4.966137931034482733e+01,1.005000000000000000e+02,5.710320517857702782e+01
1.900000000000000000e+02,4.992413793103447972e+01,9.900000000000000000e+01,6.012820504278059985e+01
1.910000000000000000e+02,5.018689655172413921e+01,1.000000000000000000e+02,5.657197971512830748e+01
1.920000000000000000e+02,5.044965517241379160e+01,1.005000000000000000e+02,5.387117719744843924e+01
1.930000000000000000e+02,5.071241379310345110e+01,1.015000000000000000e+02,5.051333707271994200e+01
1.940000000000000000e+02,5.097517241379310349e+01,9.900000000000000000e+01,4.966061466902675647e+01
1.950000000000000000e+02,5.123793103448275588e+01,9.750000000000000000e+01,5.114397909062436298e+01
1.960000000000000000e+02,5.150068965517241537e+01,9.900000000000000000e+01,6.129152503949192976e+01
1.970000000000000000e+02,5.176344827586206776e+01,9.750000000000000000e+01,5.574224145689593968e+01
1.980000000000000000e+02,5.202620689655172725e+01,9.600000000000000000e+01,5.227330354864601958e+01
1.990000000000000000e+02,5.228896551724137964e+01,9.450000000000000000e+01,4.487320098529485080e+01
2.000000000000000000e+02,5.255172413793103203e+01,9.350000000000000000e+01,4.241852893750822062e+01
2.010000000000000000e+02,5.281448275862069153e+01,9.300000000000000000e+01,3.701294818483571447e+01
2.020000000000000000e+02,5.307724137931034392e+01,9.350000000000000000e+01,3.632606961031338244e+01
2.030000000000000000e+02,5.334000000000000341e+01,9.450000000000000000e+01,3.791766825600200974e+01
2.040000000000000000e+02,5.360275862068965580e+01,9.250000000000000000e+01,4.170731350734544662e+01
2.050000000000000000e+02,5.386551724137930819e+01,9.400000000000000000e+01,3.637247032059029550e+01
2.060000000000000000e+02,5.412827586206896768e+01,9.450000000000000000e+01,3.611146300576406531e+01
2.070000000000000000e+02,5.439103448275862007e+01,9.550000000000000000e+01,3.753053733480096810e+01
2.080000000000000000e+02,5.465379310344827246e+01,9.800000000000000000e+01,3.612699437016899395e+01
2.090000000000000000e+02,5.491655172413793196e+01,9.800000000000000000e+01,3.688815090355348048e+01
2.100000000000000000e+02,5.517931034482758434e+01,9.800000000000000000e+01,3.336092607960529932e+01
2.110000000000000000e+02,5.544206896551724384e+01,9.800000000000000000e+01,3.252007926736273902e+01
2.120000000000000000e+02,5.570482758620689623e+01,9.800000000000000000e+01,3.000066550187771597e+01
2.130000000000000000e+02,5.596758620689654862e+01,9.800000000000000000e+01,3.241524739823666579e+01
2.140000000000000000e+02,5.623034482758620811e+01,9.800000000000000000e+01,3.316419981403976891e+01
2.150000000000000000e+02,5.649310344827586050e+01,9.750000000000000000e+01,3.540921490233862556e+01
2.160000000000000000e+02,5.675586206896552000e+01,9.800000000000000000e+01,3.654297318074829093e+01
2.170000000000000000e+02,5.701862068965517238e+01,9.800000000000000000e+01,3.538947485560580475e+01
2.180000000000000000e+02,5.728137931034482477e+01,9.550000000000000000e+01,3.234020545526711743e+01
2.190000000000000000e+02,5.754413793103448427e+01,9.600000000000000000e+01,3.227931887576522740e+01
2.200000000000000000e+02,5.780689655172413666e+01,9.500000000000000000e+01,3.311060352775560744e+01
2.210000000000000000e+02,5.806965517241379615e+01,9.450000000000000000e+01,3.204938003170524041e+01
2.220000000000000000e+02,5.833241379310344854e+01,9.450000000000000000e+01,3.311956847503032009e+01
2.230000000000000000e+02,5.859517241379310093e+01,9.300000000000000000e+01,3.661283927804561955e+01
2.240000000000000000e+02,5.885793103448276042e+01,9.200000000000000000e+01,3.831639118358268803e+01
2.250000000000000000e+02,5.912068965517241281e+01,9.400000000000000000e+01,3.648620363309336767e+01
2.260000000000000000e+02,5.938344827586207231e+01,9.100000000000000000e+01,3.537887689788294665e+01
2.270000000000000000e+02,5.964620689655172470e+01,9.300000000000000000e+01,3.193623611328256473e+01
2.280000000000000000e+02,5.990896551724137709e+01,9.050000000000000000e+01,3.065805330804434448e+01
2.290000000000000000e+02,6.017172413793103658e+01,9.100000000000000000e+01,3.240835770762775780e+01
2.300000000000000000e+02,6.043448275862068897e+01,8.700000000000000000e+01,2.949522530804302889e+01
2.310000000000000000e+02,6.069724137931034136e+01,8.850000000000000000e+01,2.931965086905595186e+01
2.320000000000000000e+02,6.096000000000000085e+01,8.900000000000000000e+01,2.213099220487464436e+01
2.330000000000000000e+02,6.122275862068965324e+01,8.600000000000000000e+01,2.124140961986489629e+01
2.340000000000000000e+02,6.148551724137931274e+01,8.600000000000000000e+01,1.733312049148168299e+01
2.350000000000000000e+02,6.174827586206896513e+01,8.600000000000000000e+01,1.602726626374220231e+01
2.360000000000000000e+02,6.201103448275861751e+01,8.650000000000000000e+01,1.469113430213383253e+01
2.370000000000000000e+02,6.227379310344827701e+01,8.500000000000000000e+01,1.501062991405312985e+01
2.380000000000000000e+02,6.253655172413792940e+01,8.550000000000000000e+01,1.598567066677737714e+01
2.390000000000000000e+02,6.279931034482758889e+01,8.450000000000000000e+01,1.874314689574713810e+01
2.400000000000000000e+02,6.306206896551724128e+01,8.400000000000000000e+01,1.755812519651989234e+01
2.410000000000000000e+02,6.332482758620689367e+01,8.400000000000000000e+01,1.946380856230352308e+01
2.420000000000000000e+02,6.358758620689655316e+01,8.350000000000000000e+01,1.963410970451394988e+01
2.430000000000000000e+02,6.385034482758620555e+01,8.350000000000000000e+01,1.609443431662704072e+01
2.440000000000000000e+02,6.411310344827586505e+01,8.250000000000000000e+01,1.458541651787839832e+01
2.450000000000000000e+02,6.437586206896551744e+01,8.200000000000000000e+01,1.495094699248921088e+01
2.460000000000000000e+02,6.463862068965516983e+01,8.250000000000000000e+01,1.580610322962480119e+01
2.470000000000000000e+02,6.490137931034482222e+01,8.300000000000000000e+01,1.712935873159166178e+01
2.480000000000000000e+02,6.516413793103448882e+01,8.200000000000000000e+01,1.700356120787642666e+01
2.490000000000000000e+02,6.542689655172414120e+01,8.100000000000000000e+01,1.772195554484135727e+01
2.500000000000000000e+02,6.568965517241379359e+01,8.200000000000000000e+01,1.979915428538973288e+01
2.510000000000000000e+02,6.595241379310344598e+01,8.150000000000000000e+01,1.718445680129446274e+01
2.520000000000000000e+02,6.621517241379309837e+01,8.050000000000000000e+01,1.574039334447805061e+01
2.530000000000000000e+02,6.647793103448276497e+01,8.200000000000000000e+01,1.474905835035654889e+01
2.540000000000000000e+02,6.674068965517241736e+01,8.100000000000000000e+01,1.414617083544361620e+01
2.550000000000000000e+02,6.700344827586206975e+01,8.100000000000000000e+01,1.456641876219256382e+01
2.560000000000000000e+02,6.726620689655172214e+01,8.200000000000000000e+01,1.454447203121057441e+01
2.570000000000000000e+02,6.752896551724137453e+01,8.100000000000000000e+01,1.495744832572276195e+01
2.580000000000000000e+02,6.779172413793104113e+01,8.100000000000000000e+01,1.540202006953056291e+01
2.590000000000000000e+02,6.805448275862069352e+01,8.100000000000000000e+01,1.645763447883349073e+01
2.600000000000000000e+02,6.831724137931034591e+01,8.100000000000000000e+01,1.720009639427123105e+01
2.610000000000000000e+02,6.857999999999999829e+01,8.100000000000000000e+01,1.661386166144270149e+01
2.620000000000000000e+02,6.884275862068965068e+01,8.100000000000000000e+01,1.569101332946841687e+01
2.630000000000000000e+02,6.910551724137931728e+01,8.100000000000000000e+01,1.802456608739552735e+01
2.640000000000000000e+02,6.936827586206896967e+01,8.150000000000000000e+01,1.797200755496045232e+01
2.650000000000000000e+02,6.963103448275862206e+01,8.200000000000000000e+01,1.728378334354682622e+01
2.660000000000000000e+02,6.989379310344827445e+01,8.100000000000000000e+01,1.683369430306042247e+01
2.670000000000000000e+02,7.015655172413792684e+01,8.200000000000000000e+01,1.673536622362620463e+01
2.680000000000000000e+02,7.041931034482757923e+01,8.250000000000000000e+01,1.864152650446488124e+01
2.690000000000000000e+02,7.068206896551724583e+01,8.100000000000000000e+01,1.780740667921325837e+01
2.700000000000000000e+02,7.094482758620689822e+01,8.200000000000000000e+01,1.778487136038817340e+01
2.710000000000000000e+02,7.120758620689655061e+01,8.200000000000000000e+01,1.842170933979797809e+01
2.720000000000000000e+02,7.147034482758620300e+01,8.100000000000000000e+01,1.868394615037198037e+01
2.730000000000000000e+02,7.173310344827585538e+01,8.200000000000000000e+01,1.822075996631314965e+01
2.740000000000000000e+02,7.199586206896552198e+01,8.200000000000000000e+01,1.780652921371508768e+01
2.750000000000000000e+02,7.225862068965517437e+01,8.300000000000000000e+01,1.919051957781932316e+01
2.760000000000000000e+02,7.252137931034482676e+01,8.150000000000000000e+01,1.832078168819951713e+01
2.770000000000000000e+02,7.278413793103447915e+01,8.350000000000000000e+01,1.950533002298488938e+01
2.780000000000000000e+02,7.304689655172413154e+01,8.450000000000000000e+01,1.852043494134699486e+01
2.790000000000000000e+02,7.330965517241379814e+01,8.500000000000000000e+01,1.830713089663879245e+01
2.800000000000000000e+02,7.357241379310345053e+01,8.500000000000000000e+01,1.768109424639776250e+01
2.810000000000000000e+02,7.383517241379310292e+01,8.450000000000000000e+01,1.776227079764546346e+01
2.820000000000000000e+02,7.409793103448275531e+01,8.600000000000000000e+01,1.762178605448380608e+01
2.830000000000000000e+02,7.436068965517240770e+01,8.700000000000000000e+01,1.713179102980446800e+01
2.840000000000000000e+02,7.462344827586207430e+01,8.550000000000000000e+01,1.826082964450289126e+01
2.850000000000000000e+02,7.488620689655172669e+01,8.800000000000000000e+01,1.781968665939131924e+01
2.860000000000000000e+02,7.514896551724137908e+01,1.135000000000000000e+02,4.011579917875250345e+01
2.870000000000000000e+02,7.541172413793103146e+01,5.530000000000000000e+02,6.599663291074440608e+00
2.880000000000000000e+02,7.567448275862068385e+01,5.495000000000000000e+02,5.475283795283026222e+00
2.890000000000000000e+02,7.593724137931035045e+01,5.510000000000000000e+02,8.142582471523121868e+00
2.900000000000000000e+02,7.620000000000000284e+01,5.490000000000000000e+02,5.999855322329770146e+00
2.910000000000000000e+02,7.646275862068965523e+01,5.480000000000000000e+02,6.187885790442122058e+00
2.920000000000000000e+02,7.672551724137930762e+01,1.325000000000000000e+02,1.504453804541701345e+02
2.930000000000000000e+02,7.698827586206896001e+01,1.290000000000000000e+02,1.529960156865930117e+02
2.940000000000000000e+02,7.725103448275862661e+01,1.265000000000000000e+02,1.514862007260617247e+02
2.950000000000000000e+02,7.751379310344827900e+01,1.250000000000000000e+02,1.490152338875309397e+02
2.960000000000000000e+02,7.777655172413793139e+01,1.250000000000000000e+02,1.477533076805915755e+02
2.970000000000000000e+02,7.803931034482758378e+01,1.245000000000000000e+02,1.480834139349808822e+02
2.980000000000000000e+02,7.830206896551723617e+01,1.225000000000000000e+02,1.467583520243017858e+02
2.990000000000000000e+02,7.856482758620690277e+01,1.220000000000000000e+02,1.459780219735339415e+02
3.000000000000000000e+02,7.882758620689655515e+01,1.210000000000000000e+02,1.421604629361561365e+02
3.010000000000000000e+02,7.909034482758620754e+01,1.205000000000000000e+02,1.430640138748113657e+02
3.020000000000000000e+02,7.935310344827585993e+01,1.210000000000000000e+02,1.366823606334531007e+02
3.030000000000000000e+02,7.961586206896551232e+01,1.200000000000000000e+02,1.335819020899621137e+02
3.040000000000000000e+02,7.987862068965517892e+01,1.200000000000000000e+02,1.342727259370105912e+02
3.050000000000000000e+02,8.014137931034483131e+01,1.180000000000000000e+02,1.250369875832303137e+02
3.060000000000000000e+02,8.040413793103448370e+01,1.175000000000000000e+02,1.247590177101439082e+02
3.070000000000000000e+02,8.066689655172413609e+01,1.180000000000000000e+02,1.227531380425997725e+02
3.080000000000000000e+02,8.092965517241378848e+01,1.170000000000000000e+02,1.177271740083826188e+02
3.090000000000000000e+02,8.119241379310345508e+01,1.165000000000000000e+02,1.199727815630371168e+02
3.100000000000000000e+02,8.145517241379310747e+01,1.150000000000000000e+02,1.262653181026189628e+02
3.110000000000000000e+02,8.171793103448275986e+01,1.155000000000000000e+02,1.275270600369453575e+02
3.120000000000000000e+02,8.198068965517241224e+01,1.145000000000000000e+02,1.278271521077279544e+02
3.130000000000000000e+02,8.224344827586206463e+01,1.145000000000000000e+02,1.229062919350438534e+02
3.140000000000000000e+02,8.250620689655173123e+01,1.155000000000000000e+02,1.203191863221415758e+02
3.150000000000000000e+02,8.276896551724138362e+01,1.145000000000000000e+02,1.189288930294998607e+02
3.160000000000000000e+02,8.303172413793103601e+01,1.160000000000000000e+02,1.043437307618697218e+02
3.170000000000000000e+02,8.329448275862068840e+01,1.140000000000000000e+02,8.748503592281748809e+01
3.180000000000000000e+02,8.355724137931034079e+01,1.160000000000000000e+02,8.697640714185402544e+01
3.190000000000000000e+02,8.381999999999999318e+01,1.150000000000000000e+02,8.318052395826936163e+01
3.200000000000000000e+02,8.408275862068965978e+01,1.165000000000000000e+02,7.849308842538657416e+01
3.210000000000000000e+02,8.434551724137931217e+01,1.165000000000000000e+02,7.397120486585004073e+01
3.220000000000000000e+02,8.460827586206896456e+01,1.150000000000000000e+02,9.012757162304255587e+01
3.230000000000000000e+02,8.487103448275861695e+01,1.145000000000000000e+02,9.136935687088970326e+01
3.240000000000000000e+02,8.513379310344826933e+01,1.155000000000000000e+02,9.515665993799674993e+01
3.250000000000000000e+02,8.539655172413793593e+01,1.155000000000000000e+02,7.741948102168257151e+01
3.260000000000000000e+02,8.565931034482758832e+01,1.160000000000000000e+02,6.742997589578061479e+01
3.270000000000000000e+02,8.592206896551724071e+01,1.155000000000000000e+02,7.565666233422906828e+01
3.280000000000000000e+02,8.618482758620689310e+01,1.160000000000000000e+02,5.600855201936178673e+01
3.290000000000000000e+02,8.644758620689654549e+01,1.175000000000000000e+02,4.291440123470597001e+01
3.300000000000000000e+02,8.671034482758621209e+01,1.165000000000000000e+02,4.153228329330757163e+01
3.310000000000000000e+02,8.697310344827586448e+01,1.150000000000000000e+02,4.221982814850019139e+01
3.320000000000000000e+02,8.723586206896551687e+01,1.145000000000000000e+02,5.600353411467291664e+01
3.330000000000000000e+02,8.749862068965516926e+01,1.150000000000000000e+02,6.240417306536657094e+01
3.340000000000000000e+02,8.776137931034482165e+01,1.140000000000000000e+02,8.585052164065295699e+01
3.350000000000000000e+02,8.802413793103448825e+01,1.135000000000000000e+02,6.589542167117699023e+01
3.360000000000000000e+02,8.828689655172414064e+01,1.130000000000000000e+02,6.985948197791206837e+01
3.370000000000000000e+02,8.854965517241379303e+01,1.115000000000000000e+02,7.182658695601510601e+01
3.380000000000000000e+02,8.881241379310344541e+01,1.115000000000000000e+02,7.029461809650389625e+01
3.390000000000000000e+02,8.907517241379309780e+01,1.120000000000000000e+02,5.024363817522904441e+01
3.400000000000000000e+02,8.933793103448276440e+01,1.110000000000000000e+02,4.675972863717476713e+01
3.410000000000000000e+02,8.960068965517241679e+01,1.085000000000000000e+02,4.610990418433863169e+01
3.420000000000000000e+02,8.986344827586205497e+01,1.090000000000000000e+02,1.005555315761174739e+01
3.430000000000000000e+02,9.012620689655170736e+01,1.090000000000000000e+02,1.002903770170509290e+01
3.440000000000000000e+02,9.038896551724137396e+01,1.085000000000000000e+02,1.102262509064373930e+01
3.450000000000000000e+02,9.065172413793104056e+01,1.080000000000000000e+02,1.063920618906003313e+01
3.460000000000000000e+02,9.091448275862069295e+01,1.085000000000000000e+02,2.262741699796952233e+01
3.470000000000000000e+02,9.117724137931034534e+01,1.070000000000000000e+02,1.971461976906703839e+01
3.480000000000000000e+02,9.143999999999999773e+01,1.070000000000000000e+02,1.342048341156159630e+01
3.490000000000000000e+02,9.170275862068965012e+01,1.080000000000000000e+02,1.204186490609600924e+01
3.500000000000000000e+02,9.196551724137931672e+01,1.070000000000000000e+02,1.538892492725423189e+01
3.510000000000000000e+02,9.222827586206896910e+01,1.090000000000000000e+02,9.788031240017348367e+00
3.520000000000000000e+02,9.249103448275862149e+01,1.100000000000000000e+02,8.134182844979301663e+00
3.530000000000000000e+02,9.275379310344827388e+01,1.100000000000000000e+02,8.475454756727412331e+00
3.540000000000000000e+02,9.301655172413792627e+01,1.090000000000000000e+02,9.851479549060412566e+00
3.550000000000000000e+02,9.327931034482759287e+01,1.090000000000000000e+02,9.388578130130010635e+00
3.560000000000000000e+02,9.354206896551724526e+01,1.110000000000000000e+02,1.133938257676414274e+01
3.570000000000000000e+02,9.380482758620689765e+01,1.140000000000000000e+02,1.082812374739450867e+01
3.580000000000000000e+02,9.406758620689655004e+01,1.155000000000000000e+02,1.178759867992157417e+01
3.590000000000000000e+02,9.433034482758620243e+01,1.165000000000000000e+02,1.260621539823378789e+01
3.600000000000000000e+02,9.459310344827586903e+01,1.190000000000000000e+02,1.303066295640146421e+01
3.610000000000000000e+02,9.485586206896552142e+01,1.170000000000000000e+02,1.393038246264458024e+01
3.620000000000000000e+02,9.511862068965517381e+01,1.180000000000000000e+02,1.483554232147319674e+01
3.630000000000000000e+02,9.538137931034482619e+01,1.165000000000000000e+02,1.444876905079921769e+01
3.640000000000000000e+02,9.564413793103447858e+01,1.180000000000000000e+02,1.473086093508756989e+01
3.650000000000000000e+02,9.590689655172413097e+01,1.165000000000000000e+02,1.474810192589767333e+01
3.660000000000000000e+02,9.616965517241379757e+01,1.145000000000000000e+02,1.563777255735469218e+01
3.670000000000000000e+02,9.643241379310344996e+01,1.140000000000000000e+02,1.566377134150294026e+01
3.680000000000000000e+02,9.669517241379310235e+01,1.140000000000000000e+02,1.620333845487815694e+01
3.690000000000000000e+02,9.695793103448275474e+01,1.145000000000000000e+02,1.603044791690695803e+01
3.700000000000000000e+02,9.722068965517240713e+01,1.105000000000000000e+02,1.638934645076896501e+01
3.710000000000000000e+02,9.748344827586207373e+01,1.125000000000000000e+02,1.568123214759180328e+01
3.720000000000000000e+02,9.774620689655172612e+01,1.115000000000000000e+02,1.591381682602329661e+01
3.730000000000000000e+02,9.800896551724137851e+01,1.125000000000000000e+02,1.608565397765626770e+01
3.740000000000000000e+02,9.827172413793103090e+01,1.120000000000000000e+02,1.721912494550431205e+01
3.750000000000000000e+02,9.853448275862068328e+01,1.125000000000000000e+02,1.734089378383427871e+01
3.760000000000000000e+02,9.879724137931034988e+01,1.125000000000000000e+02,1.659317128620485704e+01
3.770000000000000000e+02,9.906000000000000227e+01,1.125000000000000000e+02,1.561548321289553165e+01
3.780000000000000000e+02,9.932275862068965466e+01,1.100000000000000000e+02,1.570295829789901809e+01
3.790000000000000000e+02,9.958551724137930705e+01,1.090000000000000000e+02,1.625062765881845905e+01
3.800000000000000000e+02,9.984827586206895944e+01,1.075000000000000000e+02,1.755248824953316955e+01
3.810000000000000000e+02,1.001110344827586260e+02,1.080000000000000000e+02,1.877775723207291492e+01
3.820000000000000000e+02,1.003737931034482784e+02,1.080000000000000000e+02,1.810586873471938674e+01
3.830000000000000000e+02,1.006365517241379308e+02,1.080000000000000000e+02,1.719767375661280084e+01
3.840000000000000000e+02,1.008993103448275832e+02,1.090000000000000000e+02,1.513192850950157897e+01
3.850000000000000000e+02,1.011620689655172356e+02,1.060000000000000000e+02,1.503016353777370817e+01
3.860000000000000000e+02,1.014248275862069022e+02,1.070000000000000000e+02,1.358147993490482008e+01
3.870000000000000000e+02,1.016875862068965546e+02,1.060000000000000000e+02,1.204719812399916101e+01
3.880000000000000000e+02,1.019503448275862070e+02,1.040000000000000000e+02,1.181760618620464420e+01
3.890000000000000000e+02,1.022131034482758594e+02,1.040000000000000000e+02,1.970295909812082513e+01
3.900000000000000000e+02,1.024758620689655118e+02,1.045000000000000000e+02,1.165429031039165864e+01
3.910000000000000000e+02,1.027386206896551784e+02,1.045000000000000000e+02,1.074691089336838168e+01
3.920000000000000000e+02,1.030013793103448307e+02,1.040000000000000000e+02,1.097788180337576946e+01
3.930000000000000000e+02,1.032641379310344831e+02,1.040000000000000000e+02,1.071941304233688896e+01
3.940000000000000000e+02,1.035268965517241355e+02,1.060000000000000000e+02,1.202989260019482565e+01
3.950000000000000000e+02,1.037896551724137879e+02,1.070000000000000000e+02,1.264497525919112064e+01
3.960000000000000000e+02,1.040524137931034545e+02,1.055000000000000000e+02,1.342286024226332053e+01
3.970000000000000000e+02,1.043151724137931069e+02,1.050000000000000000e+02,1.376943071525552753e+01
3.980000000000000000e+02,1.045779310344827593e+02,1.060000000000000000e+02,1.504609526218975546e+01
3.990000000000000000e+02,1.048406896551724117e+02,1.045000000000000000e+02,1.542081869764234270e+01
4.000000000000000000e+02,1.051034482758620641e+02,1.040000000000000000e+02,1.580137948882944876e+01
4.010000000000000000e+02,1.053662068965517307e+02,1.050000000000000000e+02,1.527297904434131937e+01
4.020000000000000000e+02,1.056289655172413831e+02,1.060000000000000000e+02,1.447373999025668567e+01
4.030000000000000000e+02,1.058917241379310354e+02,1.055000000000000000e+02,1.394220149900613492e+01
4.040000000000000000e+02,1.061544827586206878e+02,1.040000000000000000e+02,1.257615689398880932e+01
4.050000000000000000e+02,1.064172413793103402e+02,1.040000000000000000e+02,1.226895854382106954e+01
4.060000000000000000e+02,1.066800000000000068e+02,1.050000000000000000e+02,1.227334439502489083e+01
4.070000000000000000e+02,1.069427586206896592e+02,1.035000000000000000e+02,1.177383811205542585e+01
4.080000000000000000e+02,1.072055172413793116e+02,1.040000000000000000e+02,1.063845145242274093e+01
4.090000000000000000e+02,1.074682758620689640e+02,1.040000000000000000e+02,9.264534376978813768e+00
4.100000000000000000e+02,1.077310344827586164e+02,1.030000000000000000e+02,7.307601635739777279e+00
4.110000000000000000e+02,1.079937931034482688e+02,1.050000000000000000e+02,6.572479185124049827e+00
4.120000000000000000e+02,1.082565517241379354e+02,1.045000000000000000e+02,6.370504951205464117e+00
4.130000000000000000e+02,1.085193103448275878e+02,1.040000000000000000e+02,5.454196905951314456e+00
4.140000000000000000e+02,1.087820689655172401e+02,1.040000000000000000e+02,5.296380774222672727e+00
4.150000000000000000e+02,1.090448275862068925e+02,1.050000000000000000e+02,4.804331089987680770e+00
4.160000000000000000e+02,1.093075862068965449e+02,1.055000000000000000e+02,4.688749833377762855e+00
4.170000000000000000e+02,1.095703448275862115e+02,1.055000000000000000e+02,4.641113072912095738e+00
4.180000000000000000e+02,1.098331034482758639e+02,1.060000000000000000e+02,4.714045207910316115e+00
4.190000000000000000e+02,1.100958620689655163e+02,1.070000000000000000e+02,4.246270831237949572e+00
4.200000000000000000e+02,1.103586206896551687e+02,1.060000000000000000e+02,4.436277218068721773e+00
4.210000000000000000e+02,1.106213793103448211e+02,1.050000000000000000e+02,3.990385580784560293e+00
4.220000000000000000e+02,1.108841379310344877e+02,1.040000000000000000e+02,4.659033936581941759e+00
4.230000000000000000e+02,1.111468965517241401e+02,1.050000000000000000e+02,4.297932319409209612e+00
4.240000000000000000e+02,1.114096551724137925e+02,1.040000000000000000e+02,4.299345880479959803e+00
4.250000000000000000e+02,1.116724137931034448e+02,1.050000000000000000e+02,3.817392125376811052e+00
4.260000000000000000e+02,1.119351724137930972e+02,1.080000000000000000e+02,4.214722872133930487e+00
4.270000000000000000e+02,1.121979310344827638e+02,4.140000000000000000e+02,7.739369949952141781e+01
4.280000000000000000e+02,1.124606896551724162e+02,5.490000000000000000e+02,6.289838310499106022e+00
4.290000000000000000e+02,1.127234482758620686e+02,5.475000000000000000e+02,7.833776583204011601e+00
4.300000000000000000e+02,1.129862068965517210e+02,5.480000000000000000e+02,6.231639698613306244e+00
4.310000000000000000e+02,1.132489655172413734e+02,5.455000000000000000e+02,8.482595539298884546e+00
4.320000000000000000e+02,1.135117241379310400e+02,5.480000000000000000e+02,6.502903998727542323e+00
4.330000000000000000e+02,1.137744827586206924e+02,5.480000000000000000e+02,6.012970644550182264e+00
4.340000000000000000e+02,1.140372413793103448e+02,5.450000000000000000e+02,6.800607611742416125e+00
4.350000000000000000e+02,1.142999999999999972e+02,5.450000000000000000e+02,5.688644573475595045e+00
4.360000000000000000e+02,1.145627586206896495e+02,1.205000000000000000e+02,6.036943196661884770e+01
4.370000000000000000e+02,1.148255172413793161e+02,3.900000000000000000e+01,2.153807997220014148e+00
4.380000000000000000e+02,1.150882758620689685e+02,3.500000000000000000e+01,2.059867849051379984e+00
4.390000000000000000e+02,1.153510344827586209e+02,3.200000000000000000e+01,1.667577875909315610e+00
4.400000000000000000e+02,1.156137931034482733e+02,3.050000000000000000e+01,1.556655736935220302e+00
4.410000000000000000e+02,1.158765517241379257e+02,2.900000000000000000e+01,1.442021873389351061e+00
4.420000000000000000e+02,1.161393103448275923e+02,2.800000000000000000e+01,1.301041249666332833e+00
4.430000000000000000e+02,1.164020689655172447e+02,2.700000000000000000e+01,1.440968038815882091e+00
4.440000000000000000e+02,1.166648275862068971e+02,2.700000000000000000e+01,1.353846115906662151e+00
4.450000000000000000e+02,1.169275862068965495e+02,2.600000000000000000e+01,1.322875655532295358e+00
4.460000000000000000e+02,1.171903448275862019e+02,2.500000000000000000e+01,1.334472169894232785e+00
4.470000000000000000e+02,1.174531034482758685e+02,2.450000000000000000e+01,1.257615689398880576e+00
4.480000000000000000e+02,1.177158620689655208e+02,2.350000000000000000e+01,1.268611445636527391e+00
4.490000000000000000e+02,1.179786206896551732e+02,2.300000000000000000e+01,1.272028126872812637e+00
4.500000000000000000e+02,1.182413793103448256e+02,2.200000000000000000e+01,1.391785174594923680e+00
4.510000000000000000e+02,1.185041379310344780e+02,2.200000000000000000e+01,1.244257643469925956e+00
4.520000000000000000e+02,1.187668965517241446e+02,2.200000000000000000e+01,1.297533718251668411e+00
4.530000000000000000e+02,1.190296551724137970e+02,2.100000000000000000e+01,1.178511301977579251e+00
4.540000000000000000e+02,1.192924137931034494e+02,2.100000000000000000e+01,1.262266204975092565e+00
4.550000000000000000e+02,1.195551724137931018e+02,2.000000000000000000e+01,1.245652160739728842e+00
4.560000000000000000e+02,1.198179310344827542e+02,2.000000000000000000e+01,1.206895696496686599e+00
4.570000000000000000e+02,1.200806896551724208e+02,2.000000000000000000e+01,1.471960144387974401e+00
4.580000000000000000e+02,1.203434482758620732e+02,2.000000000000000000e+01,1.719475856830279481e+00
4.590000000000000000e+02,1.206062068965517255e+02,2.000000000000000000e+01,1.770588218329967267e+00
4.600000000000000000e+02,1.208689655172413779e+02,1.950000000000000000e+01,1.739926363384381780e+00
4.610000000000000000e+02,1.211317241379310303e+02,1.900000000000000000e+01,1.836644736711182668e+00
4.620000000000000000e+02,1.213944827586206827e+02,1.900000000000000000e+01,1.825741858350553803e+00
4.630000000000000000e+02,1.216572413793103493e+02,1.900000000000000000e+01,1.718844694361108871e+00
4.640000000000000000e+02,1.219200000000000017e+02,1.900000000000000000e+01,1.792998535972631480e+00
4.650000000000000000e+02,1.221827586206896541e+02,1.900000000000000000e+01,2.071529058181151850e+00
4.660000000000000000e+02,1.224455172413793065e+02,1.900000000000000000e+01,2.281321345916294430e+00
4.670000000000000000e+02,1.227082758620689589e+02,1.900000000000000000e+01,2.357022603955158502e+00
4.680000000000000000e+02,1.229710344827586255e+02,1.800000000000000000e+01,2.610076627227637669e+00
4.690000000000000000e+02,1.232337931034482779e+02,1.800000000000000000e+01,3.025857890288673691e+00
4.700000000000000000e+02,1.234965517241379303e+02,1.800000000000000000e+01,3.095625834230544271e+00
4.710000000000000000e+02,1.237593103448275826e+02,1.800000000000000000e+01,3.347625609625756837e+00
4.720000000000000000e+02,1.240220689655172350e+02,1.800000000000000000e+01,3.769394292632880727e+00
4.730000000000000000e+02,1.242848275862069016e+02,1.700000000000000000e+01,3.589082113391481865e+00
4.740000000000000000e+02,1.245475862068965540e+02,1.700000000000000000e+01,3.068375882377443631e+00
4.750000000000000000e+02,1.248103448275862064e+02,1.700000000000000000e+01,2.636548669926062516e+00
4.760000000000000000e+02,1.250731034482758588e+02,1.700000000000000000e+01,2.512382529039362655e+00
4.770000000000000000e+02,1.253358620689655112e+02,1.700000000000000000e+01,2.270642193790607610e+00
4.780000000000000000e+02,1.255986206896551778e+02,1.700000000000000000e+01,1.948891244614058271e+00
4.790000000000000000e+02,1.258613793103448302e+02,1.700000000000000000e+01,1.559023911155809072e+00
4.800000000000000000e+02,1.261241379310344826e+02,1.700000000000000000e+01,2.254239832453996506e+00
4.810000000000000000e+02,1.263868965517241350e+02,1.700000000000000000e+01,1.739552145429008601e+00
4.820000000000000000e+02,1.266496551724137873e+02,1.900000000000000000e+01,1.589352593563387428e+00
4.830000000000000000e+02,1.269124137931034539e+02,1.900000000000000000e+01,1.526956850150724021e+00
4.840000000000000000e+02,1.271751724137931063e+02,2.000000000000000000e+01,1.668748699541732661e+00
4.850000000000000000e+02,1.274379310344827587e+02,2.300000000000000000e+01,2.465033242958173609e+00
4.860000000000000000e+02,1.277006896551724111e+02,2.450000000000000000e+01,1.755818699511870085e+00
4.870000000000000000e+02,1.279634482758620635e+02,2.500000000000000000e+01,1.587576551085192467e+00
4.880000000000000000e+02,1.282262068965517301e+02,2.500000000000000000e+01,2.188987589427282998e+00
4.890000000000000000e+02,1.284889655172413825e+02,2.600000000000000000e+01,2.943920288775948801e+00
4.900000000000000000e+02,1.287517241379310349e+02,2.600000000000000000e+01,3.733993617205757065e+00
4.910000000000000000e+02,1.290144827586206873e+02,2.500000000000000000e+01,3.925024327596228435e+00
4.920000000000000000e+02,1.292772413793103397e+02,2.450000000000000000e+01,2.735758578529911222e+00
4.930000000000000000e+02,1.295399999999999920e+02,2.500000000000000000e+01,2.040816149376409872e+00
4.940000000000000000e+02,1.298027586206896444e+02,2.600000000000000000e+01,1.268611445636527391e+00
4.950000000000000000e+02,1.300655172413792968e+02,2.700000000000000000e+01,3.612706645377611991e+00
4.960000000000000000e+02,1.303282758620689776e+02,2.400000000000000000e+01,4.011647538383977363e+00
4.970000000000000000e+02,1.305910344827586300e+02,2.700000000000000000e+01,2.738533544111195095e+00
4.980000000000000000e+02,1.308537931034482824e+02,2.800000000000000000e+01,2.406227452996818617e+00
4.990000000000000000e+02,1.311165517241379348e+02,3.100000000000000000e+01,2.873414417842763413e+00
5.000000000000000000e+02,1.313793103448275872e+02,3.100000000000000000e+01,3.851350322361698275e+00
5.010000000000000000e+02,1.316420689655172396e+02,3.300000000000000000e+01,2.611988253972228335e+00
5.020000000000000000e+02,1.319048275862068920e+02,3.400000000000000000e+01,2.691292543659190351e+00
5.030000000000000000e+02,1.321675862068965444e+02,3.500000000000000000e+01,2.361437885884125620e+00
5.040000000000000000e+02,1.324303448275861967e+02,3.600000000000000000e+01,1.906563043512826239e+00
5.050000000000000000e+02,1.326931034482758491e+02,3.750000000000000000e+01,1.629667442217038298e+00
5.060000000000000000e+02,1.329558620689655299e+02,4.100000000000000000e+01,9.329589092714048348e+00
5.070000000000000000e+02,1.332186206896551823e+02,8.150000000000000000e+01,4.339194253641259991e+01
5.080000000000000000e+02,1.334813793103448347e+02,8.100000000000000000e+01,6.794452074527832508e+01
5.090000000000000000e+02,1.337441379310344871e+02,4.500000000000000000e+01,8.621867386026195845e+01
5.100000000000000000e+02,1.340068965517241395e+02,3.600000000000000000e+01,8.770428286371699755e+01
5.110000000000000000e+02,1.342696551724137919e+02,3.650000000000000000e+01,7.651955995401146993e+01
5.120000000000000000e+02,1.345324137931034443e+02,3.700000000000000000e+01,6.088385102777439783e+01
5.130000000000000000e+02,1.347951724137930967e+02,3.650000000000000000e+01,5.208324999993332227e+01
5.140000000000000000e+02,1.350579310344827491e+02,3.750000000000000000e+01,5.410828584627515880e+01
5.150000000000000000e+02,1.353206896551724014e+02,4.000000000000000000e+01,3.156078790735955764e+01
5.160000000000000000e+02,1.355834482758620823e+02,3.800000000000000000e+01,3.077606590581208224e+01
5.170000000000000000e+02,1.358462068965517346e+02,3.900000000000000000e+01,3.698408418007520737e+01
5.180000000000000000e+02,1.361089655172413870e+02,4.000000000000000000e+01,4.517995941386941894e+01
5.190000000000000000e+02,1.363717241379310394e+02,4.150000000000000000e+01,4.202124132176751203e+01
5.200000000000000000e+02,1.366344827586206918e+02,4.500000000000000000e+01,4.333251201144727105e+01
5.210000000000000000e+02,1.368972413793103442e+02,4.850000000000000000e+01,4.578629688715707147e+01
5.220000000000000000e+02,1.371599999999999966e+02,4.550000000000000000e+01,5.085639845573895457e+01
5.230000000000000000e+02,1.374227586206896490e+02,5.000000000000000000e+01,5.003286680189999203e+01
5.240000000000000000e+02,1.376855172413793014e+02,5.050000000000000000e+01,4.844691664738725478e+01
5.250000000000000000e+02,1.379482758620689538e+02,5.200000000000000000e+01,5.210979327876433587e+01
5.260000000000000000e+02,1.382110344827586346e+02,5.650000000000000000e+01,5.289532049771089817e+01
5.270000000000000000e+02,1.384737931034482870e+02,6.500000000000000000e+01,6.021656518120428103e+01
5.280000000000000000e+02,1.387365517241379393e+02,8.450000000000000000e+01,7.377640475996076930e+01
5.290000000000000000e+02,1.389993103448275917e+02,9.500000000000000000e+01,6.950508324735841370e+01
5.300000000000000000e+02,1.392620689655172441e+02,1.040000000000000000e+02,6.940773439430219582e+01
5.310000000000000000e+02,1.395248275862068965e+02,1.090000000000000000e+02,7.646540328348211801e+01
5.320000000000000000e+02,1.397875862068965489e+02,1.155000000000000000e+02,7.557583342062609688e+01
5.330000000000000000e+02,1.400503448275862013e+02,1.260000000000000000e+02,5.242216038380672671e+01
5.340000000000000000e+02,1.403131034482758537e+02,1.320000000000000000e+02,5.091853771112135973e+01
5.350000000000000000e+02,1.405758620689655061e+02,1.335000000000000000e+02,5.392006364878372437e+01
5.360000000000000000e+02,1.408386206896551585e+02,1.465000000000000000e+02,5.769024987426865891e+01
5.370000000000000000e+02,1.411013793103448393e+02,1.305000000000000000e+02,5.381855689232313722e+01
5.380000000000000000e+02,1.413641379310344917e+02,1.425000000000000000e+02,5.396304274815208402e+01
5.390000000000000000e+02,1.416268965517241440e+02,1.365000000000000000e+02,4.978798365039722995e+01
5.400000000000000000e+02,1.418896551724137964e+02,1.425000000000000000e+02,5.385928408955032154e+01
5.410000000000000000e+02,1.421524137931034488e+02,1.435000000000000000e+02,5.131377722053687762e+01
5.420000000000000000e+02,1.424151724137931012e+02,1.505000000000000000e+02,4.889859387179644301e+01
5.430000000000000000e+02,1.426779310344827536e+02,1.535000000000000000e+02,5.193394826737987557e+01
5.440000000000000000e+02,1.429406896551724060e+02,1.610000000000000000e+02,5.090657292203695761e+01
5.450000000000000000e+02,1.432034482758620584e+02,1.535000000000000000e+02,5.234374896351575046e+01
5.460000000000000000e+02,1.434662068965517108e+02,1.530000000000000000e+02,5.697870200907431126e+01
5.470000000000000000e+02,1.437289655172413916e+02,1.740000000000000000e+02,5.913590749752264486e+01
5.480000000000000000e+02,1.439917241379310440e+02,1.840000000000000000e+02,6.613716806758510813e+01
5.490000000000000000e+02,1.442544827586206964e+02,1.955000000000000000e+02,7.264105053082741392e+01
5.500000000000000000e+02,1.445172413793103487e+02,2.000000000000000000e+02,7.539407753320769245e+01
5.510000000000000000e+02,1.447800000000000011e+02,2.050000000000000000e+02,8.072845429793223104e+01
5.520000000000000000e+02,1.450427586206896535e+02,2.195000000000000000e+02,6.955283762882878307e+01
5.530000000000000000e+02,1.453055172413793059e+02,2.245000000000000000e+02,7.255639569021849411e+01
5.540000000000000000e+02,1.455682758620689583e+02,2.090000000000000000e+02,7.602133289778306846e+01
5.550000000000000000e+02,1.458310344827586107e+02,2.060000000000000000e+02,6.724744096225686008e+01
5.560000000000000000e+02,1.460937931034482631e+02,2.220000000000000000e+02,7.479021586336602923e+01
5.570000000000000000e+02,1.463565517241379439e+02,2.160000000000000000e+02,7.239079119132181006e+01
5.580000000000000000e+02,1.466193103448275963e+02,2.350000000000000000e+02,7.945812303328227699e+01
5.590000000000000000e+02,1.468820689655172487e+02,2.265000000000000000e+02,7.727853662060522311e+01
5.600000000000000000e+02,1.471448275862069011e+02,2.480000000000000000e+02,7.283395308660804801e+01
5.610000000000000000e+02,1.474075862068965534e+02,2.300000000000000000e+02,6.353828884464512328e+01
5.620000000000000000e+02,1.476703448275862058e+02,2.580000000000000000e+02,6.769158767281697919e+01
5.630000000000000000e+02,1.479331034482758582e+02,2.790000000000000000e+02,7.384139522859487670e+01
5.640000000000000000e+02,1.481958620689655106e+02,2.725000000000000000e+02,6.076388373015851130e+01
5.650000000000000000e+02,1.484586206896551630e+02,2.650000000000000000e+02,4.204691080606675513e+01
5.660000000000000000e+02,1.487213793103448154e+02,2.675000000000000000e+02,4.181604473431486468e+01
5.670000000000000000e+02,1.489841379310344962e+02,2.915000000000000000e+02,4.485655667885502140e+01
5.680000000000000000e+02,1.492468965517241486e+02,3.000000000000000000e+02,4.843215024220310028e+01
5.690000000000000000e+02,1.495096551724138010e+02,3.115000000000000000e+02,5.430608659871070643e+01
5.700000000000000000e+02,1.497724137931034534e+02,3.190000000000000000e+02,6.414435488715191980e+01
5.710000000000000000e+02,1.500351724137931058e+02,3.385000000000000000e+02,6.070761838975036540e+01
5.720000000000000000e+02,1.502979310344827582e+02,4.345000000000000000e+02,4.042774225392756193e+01
5.730000000000000000e+02,1.505606896551724105e+02,5.400000000000000000e+02,6.735581307916600480e+00
5.740000000000000000e+02,1.508234482758620629e+02,5.395000000000000000e+02,6.037750167349866359e+00
5.750000000000000000e+02,1.510862068965517153e+02,5.420000000000000000e+02,6.002278213312008504e+00
5.760000000000000000e+02,1.513489655172413677e+02,5.435000000000000000e+02,5.833928541062376461e+00
5.770000000000000000e+02,1.516117241379310485e+02,5.430000000000000000e+02,5.970086019759961005e+00
5.780000000000000000e+02,1.518744827586207009e+02,5.440000000000000000e+02,5.437100879349422655e+00
5.790000000000000000e+02,1.521372413793103533e+02,5.440000000000000000e+02,6.535659396725016279e+00
5.800000000000000000e+02,1.524000000000000057e+02,5.440000000000000000e+02,5.612447413760079051e+00
5.810000000000000000e+02,1.526627586206896581e+02,1.040000000000000000e+02,4.722623961669332004e+01
5.820000000000000000e+02,1.529255172413793105e+02,7.550000000000000000e+01,1.272239659026553049e+01
5.830000000000000000e+02,1.531882758620689629e+02,7.300000000000000000e+01,1.264355072754485398e+01
5.840000000000000000e+02,1.534510344827586152e+02,7.000000000000000000e+01,1.220440423121460150e+01
5.850000000000000000e+02,1.537137931034482676e+02,6.600000000000000000e+01,1.173179366673693913e+01
5.860000000000000000e+02,1.539765517241379200e+02,6.500000000000000000e+01,1.107236299180180517e+01
5.870000000000000000e+02,1.542393103448275724e+02,6.450000000000000000e+01,1.078673873971595221e+01
5.880000000000000000e+02,1.545020689655172532e+02,6.400000000000000000e+01,1.059407263520502696e+01
5.890000000000000000e+02,1.547648275862069056e+02,6.100000000000000000e+01,9.992162727469073857e+00
5.900000000000000000e+02,1.550275862068965580e+02,6.050000000000000000e+01,9.829448385110710618e+00
5.910000000000000000e+02,1.552903448275862104e+02,5.800000000000000000e+01,9.674565738172551832e+00
5.920000000000000000e+02,1.555531034482758628e+02,5.900000000000000000e+01,9.403359882687322369e+00
5.930000000000000000e+02,1.558158620689655152e+02,5.700000000000000000e+01,9.453261305261563052e+00
5.940000000000000000e+02,1.560786206896551676e+02,5.600000000000000000e+01,9.673758174681761801e+00
5.950000000000000000e+02,1.563413793103448199e+02,5.700000000000000000e+01,9.519146458877262518e+00
5.960000000000000000e+02,1.566041379310344723e+02,5.650000000000000000e+01,9.646868195026934600e+00
5.970000000000000000e+02,1.568668965517241247e+02,5.550000000000000000e+01,9.894736781351095800e+00
5.980000000000000000e+02,1.571296551724138055e+02,5.400000000000000000e+01,9.716734562369993000e+00
5.990000000000000000e+02,1.573924137931034579e+02,5.550000000000000000e+01,9.515247267178903456e+00
6.000000000000000000e+02,1.576551724137931103e+02,5.450000000000000000e+01,9.212173972822892409e+00
6.010000000000000000e+02,1.579179310344827627e+02,5.300000000000000000e+01,9.945664011964655771e+00
6.020000000000000000e+02,1.581806896551724151e+02,5.400000000000000000e+01,1.016937720014794699e+01
6.030000000000000000e+02,1.584434482758620675e+02,5.100000000000000000e+01,1.014938336249493034e+01
6.040000000000000000e+02,1.587062068965517199e+02,5.350000000000000000e+01,1.020203887574548496e+01
6.050000000000000000e+02,1.589689655172413723e+02,5.150000000000000000e+01,9.939901876052678276e+00
6.060000000000000000e+02,1.592317241379310246e+02,5.200000000000000000e+01,1.008841125582550191e+01
6.070000000000000000e+02,1.594944827586206770e+02,5.100000000000000000e+01,1.004771602018200838e+01
6.080000000000000000e+02,1.597572413793103578e+02,5.000000000000000000e+01,9.682435952394532919e+00
6.090000000000000000e+02,1.600200000000000102e+02,5.000000000000000000e+01,1.010343639972724006e+01
6.100000000000000000e+02,1.602827586206896626e+02,4.900000000000000000e+01,9.823419260737182412e+00
6.110000000000000000e+02,1.605455172413793150e+02,4.950000000000000000e+01,9.957701339778283867e+00
6.120000000000000000e+02,1.608082758620689674e+02,4.800000000000000000e+01,1.046851678844715750e+01
6.130000000000000000e+02,1.610710344827586198e+02,4.900000000000000000e+01,1.056001367844231886e+01
6.140000000000000000e+02,1.613337931034482722e+02,4.900000000000000000e+01,1.068193487336862901e+01
6.150000000000000000e+02,1.615965517241379246e+02,4.750000000000000000e+01,1.016527910613159413e+01
6.160000000000000000e+02,1.618593103448275770e+02,4.700000000000000000e+01,1.044610423794440202e+01
6.170000000000000000e+02,1.621220689655172293e+02,4.750000000000000000e+01,1.074416427518781880e+01
6.180000000000000000e+02,1.623848275862069102e+02,4.750000000000000000e+01,1.066332955611061273e+01
6.190000000000000000e+02,1.626475862068965625e+02,4.750000000000000000e+01,1.121499182641996661e+01
6.200000000000000000e+02,1.629103448275862149e+02,4.600000000000000000e+01,1.127004387253611739e+01
6.210000000000000000e+02,1.631731034482758673e+02,4.650000000000000000e+01,1.158346447767486787e+01
6.220000000000000000e+02,1.634358620689655197e+02,4.600000000000000000e+01,1.211633424578389295e+01
6.230000000000000000e+02,1.636986206896551721e+02,4.650000000000000000e+01,1.286749713964953123e+01
6.240000000000000000e+02,1.639613793103448245e+02,4.650000000000000000e+01,1.323872686057420189e+01
6.250000000000000000e+02,1.642241379310344769e+02,4.550000000000000000e+01,1.332315692381751759e+01
6.260000000000000000e+02,1.644868965517241293e+02,4.500000000000000000e+01,1.345631757350014723e+01
6.270000000000000000e+02,1.647496551724137817e+02,4.600000000000000000e+01,1.330633660140911978e+01
6.280000000000000000e+02,1.650124137931034625e+02,4.650000000000000000e+01,1.333854064981123244e+01
6.290000000000000000e+02,1.652751724137931149e+02,4.650000000000000000e+01,1.350306999558084087e+01
6.300000000000000000e+02,1.655379310344827672e+02,4.700000000000000000e+01,1.471954247099941782e+01
6.310000000000000000e+02,1.658006896551724196e+02,4.550000000000000000e+01,1.461377774567548293e+01
6.320000000000000000e+02,1.660634482758620720e+02,4.650000000000000000e+01,1.425327386856164580e+01
6.330000000000000000e+02,1.663262068965517244e+02,4.550000000000000000e+01,1.519592815983574674e+01
6.340000000000000000e+02,1.665889655172413768e+02,4.500000000000000000e+01,1.494281634822119642e+01
6.350000000000000000e+02,1.668517241379310292e+02,4.500000000000000000e+01,1.573079461774120347e+01
6.360000000000000000e+02,1.671144827586206816e+02,4.600000000000000000e+01,1.606281074061725178e+01
6.370000000000000000e+02,1.673772413793103340e+02,4.500000000000000000e+01,1.778399278299323782e+01
6.380000000000000000e+02,1.676399999999999864e+02,4.400000000000000000e+01,1.987354772821288762e+01
6.390000000000000000e+02,1.679027586206896672e+02,4.450000000000000000e+01,2.256472172810173760e+01
6.400000000000000000e+02,1.681655172413793196e+02,4.400000000000000000e+01,2.445140269493756335e+01
6.410000000000000000e+02,1.684282758620689719e+02,4.450000000000000000e+01,2.399620195642079779e+01
6.420000000000000000e+02,1.686910344827586243e+02,4.500000000000000000e+01,2.622525288512751018e+01
6.430000000000000000e+02,1.689537931034482767e+02,4.450000000000000000e+01,3.352268484631795786e+01
6.440000000000000000e+02,1.692165517241379291e+02,4.550000000000000000e+01,3.608429559917843932e+01
6.450000000000000000e+02,1.694793103448275815e+02,4.400000000000000000e+01,3.947993073139257092e+01
6.460000000000000000e+02,1.697420689655172339e+02,4.350000000000000000e+01,4.370330841786084619e+01
6.470000000000000000e+02,1.700048275862068863e+02,4.350000000000000000e+01,4.677025333716103006e+01
6.480000000000000000e+02,1.702675862068965387e+02,4.400000000000000000e+01,4.895916222702572185e+01
6.490000000000000000e+02,1.705303448275862195e+02,4.350000000000000000e+01,5.211524022672148249e+01
6.500000000000000000e+02,1.707931034482758719e+02,4.250000000000000000e+01,5.459160242707257282e+01
6.510000000000000000e+02,1.710558620689655243e+02,4.400000000000000000e+01,5.476488572373116170e+01
6.520000000000000000e+02,1.713186206896551766e+02,4.300000000000000000e+01,5.543145166178975103e+01
6.530000000000000000e+02,1.715813793103448290e+02,4.400000000000000000e+01,5.601128358544275443e+01
6.540000000000000000e+02,1.718441379310344814e+02,4.250000000000000000e+01,5.674380472791721530e+01
6.550000000000000000e+02,1.721068965517241338e+02,4.350000000000000000e+01,5.737436455712022365e+01
6.560000000000000000e+02,1.723696551724137862e+02,4.400000000000000000e+01,5.801355430103287603e+01
6.570000000000000000e+02,1.726324137931034386e+02,4.350000000000000000e+01,5.882706234284429314e+01
6.580000000000000000e+02,1.728951724137930910e+02,4.300000000000000000e+01,6.205068702614553899e+01
6.590000000000000000e+02,1.731579310344827718e+02,4.300000000000000000e+01,6.233499050827445842e+01
6.600000000000000000e+02,1.734206896551724242e+02,4.300000000000000000e+01,6.802861109182909161e+01
6.610000000000000000e+02,1.736834482758620766e+02,4.150000000000000000e+01,6.278485087981017188e+01
6.620000000000000000e+02,1.739462068965517290e+02,4.100000000000000000e+01,6.734209604181886277e+01
6.630000000000000000e+02,1.742089655172413813e+02,4.250000000000000000e+01,7.138933439927998847e+01
6.640000000000000000e+02,1.744717241379310337e+02,4.150000000000000000e+01,7.094723379131062302e+01
6.650000000000000000e+02,1.747344827586206861e+02,4.250000000000000000e+01,7.141683379502030959e+01
6.660000000000000000e+02,1.749972413793103385e+02,4.100000000000000000e+01,7.204681155717825902e+01
6.670000000000000000e+02,1.752599999999999909e+02,4.300000000000000000e+01,7.107006702602251380e+01
6.680000000000000000e+02,1.755227586206896433e+02,4.250000000000000000e+01,7.173638808164236025e+01
6.690000000000000000e+02,1.757855172413793241e+02,4.200000000000000000e+01,7.501082097863540810e+01
6.700000000000000000e+02,1.760482758620689765e+02,4.250000000000000000e+01,7.401290240371757534e+01
6.710000000000000000e+02,1.763110344827586289e+02,4.250000000000000000e+01,7.686879773986466091e+01
6.720000000000000000e+02,1.765737931034482813e+02,4.100000000000000000e+01,8.355934974947781768e+01
6.730000000000000000e+02,1.768365517241379337e+02,4.300000000000000000e+01,8.799027082818115275e+01
6.740000000000000000e+02,1.770993103448275861e+02,4.200000000000000000e+01,8.953583769998964215e+01
6.750000000000000000e+02,1.773620689655172384e+02,4.300000000000000000e+01,8.903167351504119154e+01
6.760000000000000000e+02,1.776248275862068908e+02,4.350000000000000000e+01,9.212050296200202126e+01
6.770000000000000000e+02,1.778875862068965432e+02,4.350000000000000000e+01,8.877644119031054970e+01
6.780000000000000000e+02,1.781503448275861956e+02,4.300000000000000000e+01,9.241435364929338903e+01
6.790000000000000000e+02,1.784131034482758480e+02,4.350000000000000000e+01,8.597092279353654476e+01
6.800000000000000000e+02,1.786758620689655288e+02,4.300000000000000000e+01,8.380926592898636329e+01
6.810000000000000000e+02,1.789386206896551812e+02,4.300000000000000000e+01,8.475065295962818368e+01
6.820000000000000000e+02,1.792013793103448336e+02,4.200000000000000000e+01,8.326588676826516178e+01
6.830000000000000000e+02,1.794641379310344576e+02,4.350000000000000000e+01,8.417058313907669742e+01
6.840000000000000000e+02,1.797268965517241099e+02,4.400000000000000000e+01,8.338419021063485559e+01
6.850000000000000000e+02,1.799896551724137623e+02,4.500000000000000000e+01,8.255044753899817067e+01
6.860000000000000000e+02,1.802524137931034147e+02,4.550000000000000000e+01,8.130920919551486747e+01
6.870000000000000000e+02,1.805151724137930955e+02,4.550000000000000000e+01,8.734342141162602502e+01
6.880000000000000000e+02,1.807779310344827479e+02,4.600000000000000000e+01,8.737622197524144951e+01
6.890000000000000000e+02,1.810406896551724003e+02,4.650000000000000000e+01,8.758995376183275994e+01
6.900000000000000000e+02,1.813034482758620811e+02,4.600000000000000000e+01,8.424579356050298884e+01
6.910000000000000000e+02,1.815662068965517335e+02,4.600000000000000000e+01,8.888469581038997092e+01
6.920000000000000000e+02,1.818289655172413859e+02,4.700000000000000000e+01,8.882701812683772857e+01
6.930000000000000000e+02,1.820917241379310383e+02,4.700000000000000000e+01,8.827592474105772169e+01
6.940000000000000000e+02,1.823544827586206907e+02,4.700000000000000000e+01,8.604262509554978067e+01
6.950000000000000000e+02,1.826172413793103431e+02,4.600000000000000000e+01,9.385997022382153432e+01
6.960000000000000000e+02,1.828799999999999955e+02,4.700000000000000000e+01,9.304087130201914135e+01
6.970000000000000000e+02,1.831427586206896478e+02,4.850000000000000000e+01,8.960497558342144941e+01
6.980000000000000000e+02,1.834055172413793002e+02,4.900000000000000000e+01,9.525830882031003455e+01
6.990000000000000000e+02,1.836682758620689526e+02,4.950000000000000000e+01,9.416806553164519755e+01
7.000000000000000000e+02,1.839310344827586334e+02,4.950000000000000000e+01,1.005089112100956328e+02
7.010000000000000000e+02,1.841937931034482858e+02,4.850000000000000000e+01,9.619900344540418757e+01
7.020000000000000000e+02,1.844565517241379382e+02,5.000000000000000000e+01,9.279519105341013585e+01
7.030000000000000000e+02,1.847193103448275906e+02,4.950000000000000000e+01,9.776253826946644665e+01
7.040000000000000000e+02,1.849820689655172430e+02,4.900000000000000000e+01,9.764657785435527160e+01
7.050000000000000000e+02,1.852448275862068954e+02,5.000000000000000000e+01,9.738617822018345294e+01
7.060000000000000000e+02,1.855075862068965478e+02,5.200000000000000000e+01,9.761823093263197393e+01
7.070000000000000000e+02,1.857703448275862002e+02,5.250000000000000000e+01,1.031117163161716803e+02
7.080000000000000000e+02,1.860331034482758525e+02,5.350000000000000000e+01,1.071525311439517765e+02
7.090000000000000000e+02,1.862958620689655049e+02,5.400000000000000000e+01,1.079478377601114119e+02
7.100000000000000000e+02,1.865586206896551857e+02,5.500000000000000000e+01,1.129917646949940035e+02
7.110000000000000000e+02,1.868213793103448381e+02,5.500000000000000000e+01,1.190567073539841516e+02
7.120000000000000000e+02,1.870841379310344905e+02,5.550000000000000000e+01,1.195126660390019140e+02
7.130000000000000000e+02,1.873468965517241429e+02,5.750000000000000000e+01,1.218324053059730545e+02
7.140000000000000000e+02,1.876096551724137953e+02,5.900000000000000000e+01,1.206480601878179186e+02
7.150000000000000000e+02,1.878724137931034477e+02,6.150000000000000000e+01,1.236662104102095583e+02
7.160000000000000000e+02,1.881351724137931001e+02,6.700000000000000000e+01,1.233056767977677168e+02
7.170000000000000000e+02,1.883979310344827525e+02,5.560000000000000000e+02,9.415929174660471190e+00
7.180000000000000000e+02,1.886606896551724049e+02,5.520000000000000000e+02,7.750896005552447399e+00
7.190000000000000000e+02,1.889234482758620572e+02,5.525000000000000000e+02,6.566434006030637427e+00
7.200000000000000000e+02,1.891862068965517381e+02,5.540000000000000000e+02,7.221207193629977539e+00
7.210000000000000000e+02,1.894489655172413904e+02,5.535000000000000000e+02,6.123582602438617961e+00
7.220000000000000000e+02,1.897117241379310428e+02,5.525000000000000000e+02,5.612331412959223442e+00
7.230000000000000000e+02,1.899744827586206952e+02,2.135000000000000000e+02,1.179115557637964713e+02
7.240000000000000000e+02,1.902372413793103476e+02,5.900000000000000000e+01,9.921567416492215186e-01
7.250000000000000000e+02,1.905000000000000000e+02,5.500000000000000000e+01,1.194424256935346484e+00
7.260000000000000000e+02,1.907627586206896524e+02,5.300000000000000000e+01,1.369147900053979683e+00
7.270000000000000000e+02,1.910255172413793048e+02,5.300000000000000000e+01,1.438405511900822331e+00
7.280000000000000000e+02,1.912882758620689572e+02,5.300000000000000000e+01,1.176852853541549448e+00
7.290000000000000000e+02,1.915510344827586096e+02,5.300000000000000000e+01,1.129620142643829928e+00
7.300000000000000000e+02,1.918137931034482619e+02,5.200000000000000000e+01,1.140898464174421756e+00
7.310000000000000000e+02,1.920765517241379428e+02,5.200000000000000000e+01,1.211740884934655371e+00
7.320000000000000000e+02,1.923393103448275951e+02,5.200000000000000000e+01,1.086533734200441970e+00
7.330000000000000000e+02,1.926020689655172475e+02,5.150000000000000000e+01,1.135751097536584098e+00
7.340000000000000000e+02,1.928648275862068999e+02,5.200000000000000000e+01,9.126331714087297931e-01
7.350000000000000000e+02,1.931275862068965523e+02,5.100000000000000000e+01,1.065355639628799311e+00
7.360000000000000000e+02,1.933903448275862047e+02,5.100000000000000000e+01,9.965217285917827850e-01
7.370000000000000000e+02,1.936531034482758571e+02,5.100000000000000000e+01,9.840304732182951764e-01
7.380000000000000000e+02,1.939158620689655095e+02,5.100000000000000000e+01,8.569568250501304885e-01
7.390000000000000000e+02,1.941786206896551619e+02,5.100000000000000000e+01,1.352563153177452682e+00
7.400000000000000000e+02,1.944413793103448143e+02,5.100000000000000000e+01,1.565691185671328034e+00
7.410000000000000000e+02,1.947041379310344951e+02,5.200000000000000000e+01,4.257142690689247999e+00
7.420000000000000000e+02,1.949668965517241475e+02,5.400000000000000000e+01,1.626068025090654601e+01
7.430000000000000000e+02,1.952296551724137998e+02,5.750000000000000000e+01,2.670335204457797218e+01
7.440000000000000000e+02,1.954924137931034522e+02,5.700000000000000000e+01,4.779335128533396215e+01
7.450000000000000000e+02,1.957551724137931046e+02,6.450000000000000000e+01,5.339920655231373559e+01
7.460000000000000000e+02,1.960179310344827570e+02,1.030000000000000000e+02,6.154592628002820476e+01
7.470000000000000000e+02,1.962806896551724094e+02,1.130000000000000000e+02,7.522304507540668794e+01
7.480000000000000000e+02,1.965434482758620618e+02,1.530000000000000000e+02,7.771447696893775969e+01
7.490000000000000000e+02,1.968062068965517142e+02,1.595000000000000000e+02,7.836399831962945939e+01
7.500000000000000000e+02,1.970689655172413666e+02,1.865000000000000000e+02,7.978192662484543973e+01
7.510000000000000000e+02,1.973317241379310474e+02,1.985000000000000000e+02,7.429032002425050507e+01
7.520000000000000000e+02,1.975944827586206998e+02,1.930000000000000000e+02,7.310034009648808251e+01
7.530000000000000000e+02,1.978572413793103522e+02,1.780000000000000000e+02,6.867311041266442828e+01
7.540000000000000000e+02,1.981200000000000045e+02,1.680000000000000000e+02,6.627931413826557616e+01
7.550000000000000000e+02,1.983827586206896569e+02,1.465000000000000000e+02,6.213132582929126357e+01
7.560000000000000000e+02,1.986455172413793093e+02,1.425000000000000000e+02,5.846935035174886508e+01
7.570000000000000000e+02,1.989082758620689617e+02,1.335000000000000000e+02,5.390548811860954714e+01
7.580000000000000000e+02,1.991710344827586141e+02,1.140000000000000000e+02,4.938995905602224923e+01
7.590000000000000000e+02,1.994337931034482665e+02,9.400000000000000000e+01,4.898043827216466894e+01
7.600000000000000000e+02,1.996965517241379189e+02,8.400000000000000000e+01,5.062257795989410170e+01
7.610000000000000000e+02,1.999593103448275997e+02,7.400000000000000000e+01,5.147934793573914192e+01
7.620000000000000000e+02,2.002220689655172521e+02,6.800000000000000000e+01,5.783038762310769698e+01
7.630000000000000000e+02,2.004848275862069045e+02,6.550000000000000000e+01,6.047915949018214832e+01
7.640000000000000000e+02,2.007475862068965569e+02,6.300000000000000000e+01,5.401176167563465924e+01
7.650000000000000000e+02,2.010103448275862092e+02,6.200000000000000000e+01,4.829804746455998554e+01
7.660000000000000000e+02,2.012731034482758616e+02,6.300000000000000000e+01,4.370326372728548137e+01
7.670000000000000000e+02,2.015358620689655140e+02,6.100000000000000000e+01,3.564580289303200544e+01
7.680000000000000000e+02,2.017986206896551664e+02,6.100000000000000000e+01,3.208603884696409381e+01
7.690000000000000000e+02,2.020613793103448188e+02,6.100000000000000000e+01,3.226016608717664269e+01
7.700000000000000000e+02,2.023241379310344712e+02,6.150000000000000000e+01,3.335212361013246607e+01
7.710000000000000000e+02,2.025868965517241520e+02,6.200000000000000000e+01,3.428555914626772250e+01
7.720000000000000000e+02,2.028496551724138044e+02,6.200000000000000000e+01,3.451868958340619287e+01
7.730000000000000000e+02,2.031124137931034568e+02,6.300000000000000000e+01,3.830519234277080187e+01
7.740000000000000000e+02,2.033751724137931092e+02,6.400000000000000000e+01,4.070365782600707405e+01
7.750000000000000000e+02,2.036379310344827616e+02,6.400000000000000000e+01,4.455228182677316795e+01
7.760000000000000000e+02,2.039006896551724139e+02,6.350000000000000000e+01,5.040612406989848893e+01
7.770000000000000000e+02,2.041634482758620663e+02,6.600000000000000000e+01,5.167874522793034231e+01
7.780000000000000000e+02,2.044262068965517187e+02,6.600000000000000000e+01,4.572209512521149577e+01
7.790000000000000000e+02,2.046889655172413711e+02,6.700000000000000000e+01,3.695398790688526702e+01
7.800000000000000000e+02,2.049517241379310235e+02,6.600000000000000000e+01,3.472720450365806499e+01
7.810000000000000000e+02,2.052144827586206759e+02,7.000000000000000000e+01,3.082054211029102220e+01
7.820000000000000000e+02,2.054772413793103567e+02,7.400000000000000000e+01,3.455053037661730997e+01
7.830000000000000000e+02,2.057400000000000091e+02,7.300000000000000000e+01,3.725055345412855701e+01
7.840000000000000000e+02,2.060027586206896615e+02,7.400000000000000000e+01,3.475769299338237062e+01
7.850000000000000000e+02,2.062655172413793139e+02,7.600000000000000000e+01,3.663317006901744577e+01
7.860000000000000000e+02,2.065282758620689663e+02,7.700000000000000000e+01,3.370140534491436313e+01
7.870000000000000000e+02,2.067910344827586187e+02,7.600000000000000000e+01,3.633543571899047464e+01
7.880000000000000000e+02,2.070537931034482710e+02,7.650000000000000000e+01,3.582187316741298133e+01
7.890000000000000000e+02,2.073165517241379234e+02,7.550000000000000000e+01,4.077035960378841395e+01
7.900000000000000000e+02,2.075793103448275758e+02,7.500000000000000000e+01,4.173248447452735377e+01
7.910000000000000000e+02,2.078420689655172282e+02,7.350000000000000000e+01,3.778224799940957013e+01
7.920000000000000000e+02,2.081048275862069090e+02,7.100000000000000000e+01,3.356910756393278206e+01
7.930000000000000000e+02,2.083675862068965614e+02,7.200000000000000000e+01,3.549471791689574474e+01
7.940000000000000000e+02,2.086303448275862138e+02,6.850000000000000000e+01,3.768397003000377055e+01
7.950000000000000000e+02,2.088931034482758662e+02,6.800000000000000000e+01,3.989358675136755750e+01
7.960000000000000000e+02,2.091558620689655186e+02,6.700000000000000000e+01,4.513232377471334900e+01
7.970000000000000000e+02,2.094186206896551710e+02,6.400000000000000000e+01,5.504423726018514884e+01
7.980000000000000000e+02,2.096813793103448234e+02,6.700000000000000000e+01,5.222181589676440439e+01
7.990000000000000000e+02,2.099441379310344757e+02,6.850000000000000000e+01,4.954858288561058544e+01
8.000000000000000000e+02,2.102068965517241281e+02,7.100000000000000000e+01,4.083739350562586168e+01
8.010000000000000000e+02,2.104696551724137805e+02,7.100000000000000000e+01,3.149889768794387024e+01
8.020000000000000000e+02,2.107324137931034613e+02,7.800000000000000000e+01,2.290226820402051189e+01
8.030000000000000000e+02,2.109951724137931137e+02,8.350000000000000000e+01,2.550033190143480155e+01
8.040000000000000000e+02,2.112579310344827661e+02,8.250000000000000000e+01,2.522316196089529683e+01
8.050000000000000000e+02,2.115206896551724185e+02,8.350000000000000000e+01,2.543939386889291754e+01
8.060000000000000000e+02,2.117834482758620709e+02,8.250000000000000000e+01,2.499137872180457975e+01
8.070000000000000000e+02,2.120462068965517233e+02,8.350000000000000000e+01,2.632459638816899172e+01
8.080000000000000000e+02,2.123089655172413757e+02,8.350000000000000000e+01,2.688116854272191247e+01
8.090000000000000000e+02,2.125717241379310281e+02,8.250000000000000000e+01,2.702927296880591967e+01
8.100000000000000000e+02,2.128344827586206804e+02,8.300000000000000000e+01,3.000554780878955086e+01
8.110000000000000000e+02,2.130972413793103328e+02,8.350000000000000000e+01,3.078503396087492305e+01
8.120000000000000000e+02,2.133600000000000136e+02,8.700000000000000000e+01,3.059045670902392189e+01
8.130000000000000000e+02,2.136227586206896660e+02,9.350000000000000000e+01,3.780211060208440443e+01
8.140000000000000000e+02,2.138855172413793184e+02,1.000000000000000000e+02,3.709868011091798223e+01
8.150000000000000000e+02,2.141482758620689708e+02,8.500000000000000000e+01,3.613458038092534963e+01
8.160000000000000000e+02,2.144110344827586232e+02,9.350000000000000000e+01,3.830972438740442243e+01
8.170000000000000000e+02,2.146737931034482756e+02,9.650000000000000000e+01,4.178184081897568092e+01
8.180000000000000000e+02,2.149365517241379280e+02,9.300000000000000000e+01,5.498028371354791943e+01
8.190000000000000000e+02,2.151993103448275804e+02,1.085000000000000000e+02,5.679247293998464841e+01
8.200000000000000000e+02,2.154620689655172328e+02,1.185000000000000000e+02,5.963805398098507027e+01
8.210000000000000000e+02,2.157248275862068851e+02,1.340000000000000000e+02,6.126954053379396470e+01
8.220000000000000000e+02,2.159875862068965375e+02,1.470000000000000000e+02,6.965846430481765594e+01
8.230000000000000000e+02,2.162503448275862183e+02,1.570000000000000000e+02,7.569715049953994424e+01
8.240000000000000000e+02,2.165131034482758707e+02,1.885000000000000000e+02,8.245996240179567849e+01
8.250000000000000000e+02,2.167758620689655231e+02,1.960000000000000000e+02,8.325453566222883239e+01
8.260000000000000000e+02,2.170386206896551755e+02,2.155000000000000000e+02,8.858082222452117094e+01
8.270000000000000000e+02,2.173013793103448279e+02,2.385000000000000000e+02,9.595841248730272355e+01
8.280000000000000000e+02,2.175641379310344803e+02,2.370000000000000000e+02,1.047526662846822205e+02
8.290000000000000000e+02,2.178268965517241327e+02,2.430000000000000000e+02,1.067143753170375646e+02
8.300000000000000000e+02,2.180896551724137851e+02,2.580000000000000000e+02,1.129577646610547106e+02
8.310000000000000000e+02,2.183524137931034375e+02,2.395000000000000000e+02,1.163767510161859349e+02
8.320000000000000000e+02,2.186151724137930898e+02,2.280000000000000000e+02,1.263561984585199838e+02
8.330000000000000000e+02,2.188779310344827707e+02,2.255000000000000000e+02,1.218456000864071598e+02
8.340000000000000000e+02,2.191406896551724230e+02,1.930000000000000000e+02,1.091004808905788224e+02
8.350000000000000000e+02,2.194034482758620754e+02,1.580000000000000000e+02,1.118838683635849236e+02
8.360000000000000000e+02,2.196662068965517278e+02,1.450000000000000000e+02,1.161150575817892019e+02
8.370000000000000000e+02,2.199289655172413802e+02,1.625000000000000000e+02,1.140059372692443986e+02
8.380000000000000000e+02,2.201917241379310326e+02,2.250000000000000000e+02,1.127950740619415768e+02
8.390000000000000000e+02,2.204544827586206850e+02,2.525000000000000000e+02,1.106714336793324946e+02
8.400000000000000000e+02,2.207172413793103374e+02,2.495000000000000000e+02,1.080845038968995198e+02
8.410000000000000000e+02,2.209799999999999898e+02,2.445000000000000000e+02,1.059154516551081855e+02
8.420000000000000000e+02,2.212427586206896422e+02,2.585000000000000000e+02,1.010617849387195406e+02
8.430000000000000000e+02,2.215055172413793230e+02,2.745000000000000000e+02,9.579034361852741597e+01
8.440000000000000000e+02,2.217682758620689754e+02,2.705000000000000000e+02,8.594158828659277560e+01
8.450000000000000000e+02,2.220310344827586277e+02,2.890000000000000000e+02,8.444237022306329266e+01
8.460000000000000000e+02,2.222937931034482801e+02,2.870000000000000000e+02,8.094382214690631372e+01
8.470000000000000000e+02,2.225565517241379325e+02,2.940000000000000000e+02,8.206336210091296834e+01
8.480000000000000000e+02,2.228193103448275849e+02,3.110000000000000000e+02,8.218516314802000977e+01
8.490000000000000000e+02,2.230820689655172373e+02,2.870000000000000000e+02,8.542409520543174040e+01
8.500000000000000000e+02,2.233448275862068897e+02,2.875000000000000000e+02,9.025980777347997730e+01
8.510000000000000000e+02,2.236075862068965421e+02,2.945000000000000000e+02,8.977492835094142265e+01
8.520000000000000000e+02,2.238703448275861945e+02,3.215000000000000000e+02,9.096164484733844802e+01
8.530000000000000000e+02,2.241331034482758753e+02,3.175000000000000000e+02,9.390107965522369682e+01
8.540000000000000000e+02,2.243958620689655277e+02,3.380000000000000000e+02,8.578825677212469714e+01
8.550000000000000000e+02,2.246586206896551801e+02,4.170000000000000000e+02,5.439324007606295908e+01
8.560000000000000000e+02,2.249213793103448324e+02,5.385000000000000000e+02,7.226494462892933512e+00
8.570000000000000000e+02,2.251841379310344848e+02,5.500000000000000000e+02,8.846467240593213432e+00
8.580000000000000000e+02,2.254468965517241372e+02,5.635000000000000000e+02,9.287087810503354746e+00
8.590000000000000000e+02,2.257096551724137896e+02,5.880000000000000000e+02,1.424157584815981004e+01
8.600000000000000000e+02,2.259724137931034420e+02,6.330000000000000000e+02,1.425191730370328514e+03
8.610000000000000000e+02,2.262351724137930944e+02,4.013000000000000000e+03,1.474010967847028475e+01
8.620000000000000000e+02,2.264979310344827468e+02,0.000000000000000000e+00,0.000000000000000000e+00
8.630000000000000000e+02,2.267606896551724276e+02,0.000000000000000000e+00,0.000000000000000000e+00
8.640000000000000000e+02,2.270234482758620800e+02,0.000000000000000000e+00,0.000000000000000000e+00
8.650000000000000000e+02,2.272862068965517324e+02,0.000000000000000000e+00,0.000000000000000000e+00
8.660000000000000000e+02,2.275489655172413848e+02,0.000000000000000000e+00,0.000000000000000000e+00
8.670000000000000000e+02,2.278117241379310371e+02,0.000000000000000000e+00,0.000000000000000000e+00
8.680000000000000000e+02,2.280744827586206895e+02,0.000000000000000000e+00,0.000000000000000000e+00
8.690000000000000000e+02,2.283372413793103419e+02,0.000000000000000000e+00,0.000000000000000000e+00
8.700000000000000000e+02,2.285999999999999943e+02,0.000000000000000000e+00,0.000000000000000000e+00
8.710000000000000000e+02,2.288627586206896467e+02,0.000000000000000000e+00,0.000000000000000000e+00
8.720000000000000000e+02,2.291255172413792991e+02,0.000000000000000000e+00,0.000000000000000000e+00
8.730000000000000000e+02,2.293882758620689515e+02,0.000000000000000000e+00,0.000000000000000000e+00
8.740000000000000000e+02,2.296510344827586323e+02,0.000000000000000000e+00,0.000000000000000000e+00
8.750000000000000000e+02,2.299137931034482847e+02,0.000000000000000000e+00,0.000000000000000000e+00
8.760000000000000000e+02,2.301765517241379371e+02,0.000000000000000000e+00,0.000000000000000000e+00
8.770000000000000000e+02,2.304393103448275895e+02,0.000000000000000000e+00,0.000000000000000000e+00
8.780000000000000000e+02,2.307020689655172418e+02,0.000000000000000000e+00,0.000000000000000000e+00
8.790000000000000000e+02,2.309648275862068942e+02,0.000000000000000000e+00,0.000000000000000000e+00
8.800000000000000000e+02,2.312275862068965466e+02,0.000000000000000000e+00,0.000000000000000000e+00
8.810000000000000000e+02,2.314903448275861990e+02,0.000000000000000000e+00,0.000000000000000000e+00
8.820000000000000000e+02,2.317531034482758514e+02,0.000000000000000000e+00,0.000000000000000000e+00
8.830000000000000000e+02,2.320158620689655038e+02,0.000000000000000000e+00,0.000000000000000000e+00
8.840000000000000000e+02,2.322786206896551846e+02,0.000000000000000000e+00,0.000000000000000000e+00
8.850000000000000000e+02,2.325413793103448370e+02,0.000000000000000000e+00,0.000000000000000000e+00
8.860000000000000000e+02,2.328041379310344894e+02,0.000000000000000000e+00,0.000000000000000000e+00
8.870000000000000000e+02,2.330668965517241418e+02,0.000000000000000000e+00,0.000000000000000000e+00
8.880000000000000000e+02,2.333296551724137942e+02,0.000000000000000000e+00,0.000000000000000000e+00
8.890000000000000000e+02,2.335924137931034466e+02,0.000000000000000000e+00,0.000000000000000000e+00
8.900000000000000000e+02,2.338551724137930989e+02,0.000000000000000000e+00,0.000000000000000000e+00
8.910000000000000000e+02,2.341179310344827513e+02,0.000000000000000000e+00,0.000000000000000000e+00
8.920000000000000000e+02,2.343806896551724037e+02,0.000000000000000000e+00,0.000000000000000000e+00
8.930000000000000000e+02,2.346434482758620561e+02,0.000000000000000000e+00,0.000000000000000000e+00
8.940000000000000000e+02,2.349062068965517369e+02,0.000000000000000000e+00,0.000000000000000000e+00
8.950000000000000000e+02,2.351689655172413893e+02,0.000000000000000000e+00,0.000000000000000000e+00
8.960000000000000000e+02,2.354317241379310417e+02,0.000000000000000000e+00,0.000000000000000000e+00
8.970000000000000000e+02,2.356944827586206941e+02,0.000000000000000000e+00,0.000000000000000000e+00
8.980000000000000000e+02,2.359572413793103465e+02,0.000000000000000000e+00,0.000000000000000000e+00
8.990000000000000000e+02,2.362199999999999989e+02,0.000000000000000000e+00,0.000000000000000000e+00
9.000000000000000000e+02,2.364827586206896513e+02,0.000000000000000000e+00,0.000000000000000000e+00
9.010000000000000000e+02,2.367455172413793036e+02,0.000000000000000000e+00,0.000000000000000000e+00
9.020000000000000000e+02,2.370082758620689560e+02,0.000000000000000000e+00,0.000000000000000000e+00
9.030000000000000000e+02,2.372710344827586084e+02,0.000000000000000000e+00,0.000000000000000000e+00
9.040000000000000000e+02,2.375337931034482892e+02,0.000000000000000000e+00,0.000000000000000000e+00
9.050000000000000000e+02,2.377965517241379416e+02,0.000000000000000000e+00,0.000000000000000000e+00
9.060000000000000000e+02,2.380593103448275940e+02,0.000000000000000000e+00,0.000000000000000000e+00
9.070000000000000000e+02,2.383220689655172464e+02,0.000000000000000000e+00,0.000000000000000000e+00
9.080000000000000000e+02,2.385848275862068988e+02,0.000000000000000000e+00,0.000000000000000000e+00
9.090000000000000000e+02,2.388475862068965512e+02,0.000000000000000000e+00,0.000000000000000000e+00
9.100000000000000000e+02,2.391103448275862036e+02,0.000000000000000000e+00,0.000000000000000000e+00
9.110000000000000000e+02,2.393731034482758560e+02,0.000000000000000000e+00,0.000000000000000000e+00
9.120000000000000000e+02,2.396358620689655083e+02,0.000000000000000000e+00,0.000000000000000000e+00
9.130000000000000000e+02,2.398986206896551607e+02,0.000000000000000000e+00,0.000000000000000000e+00
9.140000000000000000e+02,2.401613793103448415e+02,0.000000000000000000e+00,0.000000000000000000e+00
9.150000000000000000e+02,2.404241379310344939e+02,0.000000000000000000e+00,0.000000000000000000e+00
9.160000000000000000e+02,2.406868965517241463e+02,0.000000000000000000e+00,0.000000000000000000e+00
9.170000000000000000e+02,2.409496551724137987e+02,0.000000000000000000e+00,0.000000000000000000e+00
9.180000000000000000e+02,2.412124137931034511e+02,0.000000000000000000e+00,0.000000000000000000e+00
9.190000000000000000e+02,2.414751724137931035e+02,0.000000000000000000e+00,0.000000000000000000e+00
9.200000000000000000e+02,2.417379310344827559e+02,0.000000000000000000e+00,0.000000000000000000e+00
9.210000000000000000e+02,2.420006896551724083e+02,0.000000000000000000e+00,0.000000000000000000e+00
9.220000000000000000e+02,2.422634482758620607e+02,0.000000000000000000e+00,0.000000000000000000e+00
9.230000000000000000e+02,2.425262068965517130e+02,0.000000000000000000e+00,0.000000000000000000e+00
9.240000000000000000e+02,2.427889655172413654e+02,0.000000000000000000e+00,0.000000000000000000e+00
9.250000000000000000e+02,2.430517241379310462e+02,0.000000000000000000e+00,0.000000000000000000e+00
9.260000000000000000e+02,2.433144827586206986e+02,0.000000000000000000e+00,0.000000000000000000e+00
9.270000000000000000e+02,2.435772413793103510e+02,0.000000000000000000e+00,0.000000000000000000e+00
9.280000000000000000e+02,2.438400000000000034e+02,0.000000000000000000e+00,0.000000000000000000e+00
9.290000000000000000e+02,2.441027586206896558e+02,0.000000000000000000e+00,0.000000000000000000e+00
9.300000000000000000e+02,2.443655172413793082e+02,0.000000000000000000e+00,0.000000000000000000e+00
9.310000000000000000e+02,2.446282758620689606e+02,0.000000000000000000e+00,0.000000000000000000e+00
9.320000000000000000e+02,2.448910344827586130e+02,0.000000000000000000e+00,0.000000000000000000e+00
9.330000000000000000e+02,2.451537931034482654e+02,0.000000000000000000e+00,0.000000000000000000e+00
9.340000000000000000e+02,2.454165517241379177e+02,0.000000000000000000e+00,0.000000000000000000e+00
9.350000000000000000e+02,2.456793103448275986e+02,0.000000000000000000e+00,0.000000000000000000e+00
9.360000000000000000e+02,2.459420689655172509e+02,0.000000000000000000e+00,0.000000000000000000e+00
9.370000000000000000e+02,2.462048275862069033e+02,0.000000000000000000e+00,0.000000000000000000e+00
9.380000000000000000e+02,2.464675862068965557e+02,0.000000000000000000e+00,0.000000000000000000e+00
9.390000000000000000e+02,2.467303448275862081e+02,0.000000000000000000e+00,0.000000000000000000e+00
9.400000000000000000e+02,2.469931034482758605e+02,0.000000000000000000e+00,0.000000000000000000e+00
9.410000000000000000e+02,2.472558620689655129e+02,0.000000000000000000e+00,0.000000000000000000e+00
9.420000000000000000e+02,2.475186206896551653e+02,0.000000000000000000e+00,0.000000000000000000e+00
9.430000000000000000e+02,2.477813793103448177e+02,0.000000000000000000e+00,0.000000000000000000e+00
9.440000000000000000e+02,2.480441379310344701e+02,0.000000000000000000e+00,0.000000000000000000e+00
9.450000000000000000e+02,2.483068965517241509e+02,0.000000000000000000e+00,0.000000000000000000e+00
9.460000000000000000e+02,2.485696551724138033e+02,0.000000000000000000e+00,0.000000000000000000e+00
9.470000000000000000e+02,2.488324137931034556e+02,0.000000000000000000e+00,0.000000000000000000e+00
9.480000000000000000e+02,2.490951724137931080e+02,0.000000000000000000e+00,0.000000000000000000e+00
9.490000000000000000e+02,2.493579310344827604e+02,0.000000000000000000e+00,0.000000000000000000e+00
9.500000000000000000e+02,2.496206896551724128e+02,0.000000000000000000e+00,0.000000000000000000e+00
9.510000000000000000e+02,2.498834482758620652e+02,0.000000000000000000e+00,0.000000000000000000e+00
9.520000000000000000e+02,2.501462068965517176e+02,0.000000000000000000e+00,0.000000000000000000e+00
9.530000000000000000e+02,2.504089655172413700e+02,0.000000000000000000e+00,0.000000000000000000e+00
9.540000000000000000e+02,2.506717241379310224e+02,0.000000000000000000e+00,0.000000000000000000e+00
9.550000000000000000e+02,2.509344827586207032e+02,0.000000000000000000e+00,0.000000000000000000e+00
9.560000000000000000e+02,2.511972413793103556e+02,0.000000000000000000e+00,0.000000000000000000e+00
9.570000000000000000e+02,2.514600000000000080e+02,0.000000000000000000e+00,0.000000000000000000e+00
9.580000000000000000e+02,2.517227586206896603e+02,0.000000000000000000e+00,0.000000000000000000e+00
9.590000000000000000e+02,2.519855172413793127e+02,0.000000000000000000e+00,0.000000000000000000e+00
9.600000000000000000e+02,2.522482758620689651e+02,0.000000000000000000e+00,0.000000000000000000e+00
9.610000000000000000e+02,2.525110344827586175e+02,0.000000000000000000e+00,0.000000000000000000e+00
9.620000000000000000e+02,2.527737931034482699e+02,0.000000000000000000e+00,0.000000000000000000e+00
9.630000000000000000e+02,2.530365517241379223e+02,0.000000000000000000e+00,0.000000000000000000e+00
9.640000000000000000e+02,2.532993103448275747e+02,0.000000000000000000e+00,0.000000000000000000e+00
9.650000000000000000e+02,2.535620689655172555e+02,0.000000000000000000e+00,0.000000000000000000e+00
9.660000000000000000e+02,2.538248275862069079e+02,0.000000000000000000e+00,0.000000000000000000e+00
9.670000000000000000e+02,2.540875862068965603e+02,0.000000000000000000e+00,0.000000000000000000e+00
9.680000000000000000e+02,2.543503448275862127e+02,0.000000000000000000e+00,0.000000000000000000e+00
9.690000000000000000e+02,2.546131034482758650e+02,0.000000000000000000e+00,0.000000000000000000e+00
9.700000000000000000e+02,2.548758620689655174e+02,0.000000000000000000e+00,0.000000000000000000e+00
9.710000000000000000e+02,2.551386206896551698e+02,0.000000000000000000e+00,0.000000000000000000e+00
9.720000000000000000e+02,2.554013793103448222e+02,0.000000000000000000e+00,0.000000000000000000e+00
9.730000000000000000e+02,2.556641379310344746e+02,0.000000000000000000e+00,0.000000000000000000e+00
9.740000000000000000e+02,2.559268965517241270e+02,0.000000000000000000e+00,0.000000000000000000e+00
9.750000000000000000e+02,2.561896551724137794e+02,0.000000000000000000e+00,0.000000000000000000e+00
9.760000000000000000e+02,2.564524137931034602e+02,0.000000000000000000e+00,0.000000000000000000e+00
9.770000000000000000e+02,2.567151724137930842e+02,0.000000000000000000e+00,0.000000000000000000e+00
9.780000000000000000e+02,2.569779310344827650e+02,0.000000000000000000e+00,0.000000000000000000e+00
9.790000000000000000e+02,2.572406896551723889e+02,0.000000000000000000e+00,0.000000000000000000e+00
9.800000000000000000e+02,2.575034482758620697e+02,0.000000000000000000e+00,0.000000000000000000e+00
9.810000000000000000e+02,2.577662068965517506e+02,0.000000000000000000e+00,0.000000000000000000e+00
9.820000000000000000e+02,2.580289655172413745e+02,0.000000000000000000e+00,0.000000000000000000e+00
9.830000000000000000e+02,2.582917241379310553e+02,0.000000000000000000e+00,0.000000000000000000e+00
9.840000000000000000e+02,2.585544827586206793e+02,0.000000000000000000e+00,0.000000000000000000e+00
9.850000000000000000e+02,2.588172413793103601e+02,0.000000000000000000e+00,0.000000000000000000e+00
9.860000000000000000e+02,2.590799999999999841e+02,0.000000000000000000e+00,0.000000000000000000e+00
9.870000000000000000e+02,2.593427586206896649e+02,0.000000000000000000e+00,0.000000000000000000e+00
9.880000000000000000e+02,2.596055172413792889e+02,0.000000000000000000e+00,0.000000000000000000e+00
9.890000000000000000e+02,2.598682758620689697e+02,0.000000000000000000e+00,0.000000000000000000e+00
9.900000000000000000e+02,2.601310344827585936e+02,0.000000000000000000e+00,0.000000000000000000e+00
9.910000000000000000e+02,2.603937931034482745e+02,0.000000000000000000e+00,0.000000000000000000e+00
9.920000000000000000e+02,2.606565517241379553e+02,0.000000000000000000e+00,0.000000000000000000e+00
9.930000000000000000e+02,2.609193103448275792e+02,0.000000000000000000e+00,0.000000000000000000e+00
9.940000000000000000e+02,2.611820689655172600e+02,0.000000000000000000e+00,0.000000000000000000e+00
9.950000000000000000e+02,2.614448275862068840e+02,0.000000000000000000e+00,0.000000000000000000e+00
9.960000000000000000e+02,2.617075862068965648e+02,0.000000000000000000e+00,0.000000000000000000e+00
9.970000000000000000e+02,2.619703448275861888e+02,0.000000000000000000e+00,0.000000000000000000e+00
9.980000000000000000e+02,2.622331034482758696e+02,0.000000000000000000e+00,0.000000000000000000e+00
9.990000000000000000e+02,2.624958620689654936e+02,0.000000000000000000e+00,0.000000000000000000e+00
1.000000000000000000e+03,2.627586206896551744e+02,0.000000000000000000e+00,0.000000000000000000e+00
1.001000000000000000e+03,2.630213793103448552e+02,0.000000000000000000e+00,0.000000000000000000e+00
1.002000000000000000e+03,2.632841379310344792e+02,0.000000000000000000e+00,0.000000000000000000e+00
1.003000000000000000e+03,2.635468965517241600e+02,0.000000000000000000e+00,0.000000000000000000e+00
1.004000000000000000e+03,2.638096551724137839e+02,0.000000000000000000e+00,0.000000000000000000e+00
1.005000000000000000e+03,2.640724137931034647e+02,0.000000000000000000e+00,0.000000000000000000e+00
1.006000000000000000e+03,2.643351724137930887e+02,0.000000000000000000e+00,0.000000000000000000e+00
1.007000000000000000e+03,2.645979310344827695e+02,0.000000000000000000e+00,0.000000000000000000e+00
1.008000000000000000e+03,2.648606896551723935e+02,0.000000000000000000e+00,0.000000000000000000e+00
1.009000000000000000e+03,2.651234482758620743e+02,0.000000000000000000e+00,0.000000000000000000e+00
1.010000000000000000e+03,2.653862068965516983e+02,0.000000000000000000e+00,0.000000000000000000e+00
1.011000000000000000e+03,2.656489655172413791e+02,0.000000000000000000e+00,0.000000000000000000e+00
1.012000000000000000e+03,2.659117241379310599e+02,0.000000000000000000e+00,0.000000000000000000e+00
1.013000000000000000e+03,2.661744827586206839e+02,0.000000000000000000e+00,0.000000000000000000e+00
1.014000000000000000e+03,2.664372413793103647e+02,0.000000000000000000e+00,0.000000000000000000e+00
1.015000000000000000e+03,2.666999999999999886e+02,0.000000000000000000e+00,0.000000000000000000e+00
1.016000000000000000e+03,2.669627586206896694e+02,0.000000000000000000e+00,0.000000000000000000e+00
1.017000000000000000e+03,2.672255172413792934e+02,0.000000000000000000e+00,0.000000000000000000e+00
1.018000000000000000e+03,2.674882758620689742e+02,0.000000000000000000e+00,0.000000000000000000e+00
1.019000000000000000e+03,2.677510344827585982e+02,0.000000000000000000e+00,0.000000000000000000e+00
1.020000000000000000e+03,2.680137931034482790e+02,0.000000000000000000e+00,0.000000000000000000e+00
1.021000000000000000e+03,2.682765517241379030e+02,0.000000000000000000e+00,0.000000000000000000e+00
1.022000000000000000e+03,2.685393103448275838e+02,0.000000000000000000e+00,0.000000000000000000e+00
1.023000000000000000e+03,2.688020689655172646e+02,0.000000000000000000e+00,0.000000000000000000e+00
1.024000000000000000e+03,2.690648275862068886e+02,0.000000000000000000e+00,0.000000000000000000e+00
1.025000000000000000e+03,2.693275862068965694e+02,0.000000000000000000e+00,0.000000000000000000e+00
1.026000000000000000e+03,2.695903448275861933e+02,0.000000000000000000e+00,0.000000000000000000e+00
1.027000000000000000e+03,2.698531034482758741e+02,0.000000000000000000e+00,0.000000000000000000e+00
1.028000000000000000e+03,2.701158620689654981e+02,0.000000000000000000e+00,0.000000000000000000e+00
1.029000000000000000e+03,2.703786206896551789e+02,0.000000000000000000e+00,0.000000000000000000e+00
1.030000000000000000e+03,2.706413793103448029e+02,0.000000000000000000e+00,0.000000000000000000e+00
1.031000000000000000e+03,2.709041379310344837e+02,0.000000000000000000e+00,0.000000000000000000e+00
1.032000000000000000e+03,2.711668965517241645e+02,0.000000000000000000e+00,0.000000000000000000e+00
1.033000000000000000e+03,2.714296551724137885e+02,0.000000000000000000e+00,0.000000000000000000e+00
1.034000000000000000e+03,2.716924137931034693e+02,0.000000000000000000e+00,0.000000000000000000e+00
1.035000000000000000e+03,2.719551724137930933e+02,0.000000000000000000e+00,0.000000000000000000e+00
1.036000000000000000e+03,2.722179310344827741e+02,0.000000000000000000e+00,0.000000000000000000e+00
1.037000000000000000e+03,2.724806896551723980e+02,0.000000000000000000e+00,0.000000000000000000e+00
1.038000000000000000e+03,2.727434482758620788e+02,0.000000000000000000e+00,0.000000000000000000e+00
1.039000000000000000e+03,2.730062068965517028e+02,0.000000000000000000e+00,0.000000000000000000e+00
1.040000000000000000e+03,2.732689655172413836e+02,0.000000000000000000e+00,0.000000000000000000e+00
1.041000000000000000e+03,2.735317241379310076e+02,0.000000000000000000e+00,0.000000000000000000e+00
1.042000000000000000e+03,2.737944827586206884e+02,0.000000000000000000e+00,0.000000000000000000e+00
1.043000000000000000e+03,2.740572413793103692e+02,0.000000000000000000e+00,0.000000000000000000e+00
1.044000000000000000e+03,2.743199999999999932e+02,0.000000000000000000e+00,0.000000000000000000e+00
1.045000000000000000e+03,2.745827586206896740e+02,0.000000000000000000e+00,0.000000000000000000e+00
1.046000000000000000e+03,2.748455172413792980e+02,0.000000000000000000e+00,0.000000000000000000e+00
1.047000000000000000e+03,2.751082758620689788e+02,0.000000000000000000e+00,0.000000000000000000e+00
1.048000000000000000e+03,2.753710344827586027e+02,0.000000000000000000e+00,0.000000000000000000e+00
1.049000000000000000e+03,2.756337931034482835e+02,0.000000000000000000e+00,0.000000000000000000e+00
1.050000000000000000e+03,2.758965517241379075e+02,0.000000000000000000e+00,0.000000000000000000e+00
1.051000000000000000e+03,2.761593103448275883e+02,0.000000000000000000e+00,0.000000000000000000e+00
1.052000000000000000e+03,2.764220689655172691e+02,0.000000000000000000e+00,0.000000000000000000e+00
1.053000000000000000e+03,2.766848275862068931e+02,0.000000000000000000e+00,0.000000000000000000e+00
1.054000000000000000e+03,2.769475862068965739e+02,0.000000000000000000e+00,0.000000000000000000e+00
1.055000000000000000e+03,2.772103448275861979e+02,0.000000000000000000e+00,0.000000000000000000e+00
1.056000000000000000e+03,2.774731034482758787e+02,0.000000000000000000e+00,0.000000000000000000e+00
1.057000000000000000e+03,2.777358620689655027e+02,0.000000000000000000e+00,0.000000000000000000e+00
1.058000000000000000e+03,2.779986206896551835e+02,0.000000000000000000e+00,0.000000000000000000e+00
1.059000000000000000e+03,2.782613793103448074e+02,0.000000000000000000e+00,0.000000000000000000e+00
1.060000000000000000e+03,2.785241379310344882e+02,0.000000000000000000e+00,0.000000000000000000e+00
1.061000000000000000e+03,2.787868965517241122e+02,0.000000000000000000e+00,0.000000000000000000e+00
1.062000000000000000e+03,2.790496551724137930e+02,0.000000000000000000e+00,0.000000000000000000e+00
1.063000000000000000e+03,2.793124137931034738e+02,0.000000000000000000e+00,0.000000000000000000e+00
1.064000000000000000e+03,2.795751724137930978e+02,0.000000000000000000e+00,0.000000000000000000e+00
1.065000000000000000e+03,2.798379310344827786e+02,0.000000000000000000e+00,0.000000000000000000e+00
1.066000000000000000e+03,2.801006896551724026e+02,0.000000000000000000e+00,0.000000000000000000e+00
1.067000000000000000e+03,2.803634482758620834e+02,0.000000000000000000e+00,0.000000000000000000e+00
1.068000000000000000e+03,2.806262068965517074e+02,0.000000000000000000e+00,0.000000000000000000e+00
1.069000000000000000e+03,2.808889655172413882e+02,0.000000000000000000e+00,0.000000000000000000e+00
1.070000000000000000e+03,2.811517241379310121e+02,0.000000000000000000e+00,0.000000000000000000e+00
1.071000000000000000e+03,2.814144827586206929e+02,0.000000000000000000e+00,0.000000000000000000e+00
1.072000000000000000e+03,2.816772413793103169e+02,0.000000000000000000e+00,0.000000000000000000e+00
1.073000000000000000e+03,2.819399999999999977e+02,0.000000000000000000e+00,0.000000000000000000e+00
1.074000000000000000e+03,2.822027586206896785e+02,0.000000000000000000e+00,0.000000000000000000e+00
1.075000000000000000e+03,2.824655172413793025e+02,0.000000000000000000e+00,0.000000000000000000e+00
1.076000000000000000e+03,2.827282758620689833e+02,0.000000000000000000e+00,0.000000000000000000e+00
1.077000000000000000e+03,2.829910344827586073e+02,0.000000000000000000e+00,0.000000000000000000e+00
1.078000000000000000e+03,2.832537931034482881e+02,0.000000000000000000e+00,0.000000000000000000e+00
1.079000000000000000e+03,2.835165517241379121e+02,0.000000000000000000e+00,0.000000000000000000e+00
1.080000000000000000e+03,2.837793103448275929e+02,0.000000000000000000e+00,0.000000000000000000e+00
1.081000000000000000e+03,2.840420689655172168e+02,0.000000000000000000e+00,0.000000000000000000e+00
1.082000000000000000e+03,2.843048275862068976e+02,0.000000000000000000e+00,0.000000000000000000e+00
1.083000000000000000e+03,2.845675862068965785e+02,0.000000000000000000e+00,0.000000000000000000e+00
1.084000000000000000e+03,2.848303448275862024e+02,0.000000000000000000e+00,0.000000000000000000e+00
1.085000000000000000e+03,2.850931034482758832e+02,0.000000000000000000e+00,0.000000000000000000e+00
1.086000000000000000e+03,2.853558620689655072e+02,0.000000000000000000e+00,0.000000000000000000e+00
1.087000000000000000e+03,2.856186206896551880e+02,0.000000000000000000e+00,0.000000000000000000e+00
1.088000000000000000e+03,2.858813793103448120e+02,0.000000000000000000e+00,0.000000000000000000e+00
1.089000000000000000e+03,2.861441379310344928e+02,0.000000000000000000e+00,0.000000000000000000e+00
1.090000000000000000e+03,2.864068965517241168e+02,0.000000000000000000e+00,0.000000000000000000e+00
1.091000000000000000e+03,2.866696551724137976e+02,0.000000000000000000e+00,0.000000000000000000e+00
1.092000000000000000e+03,2.869324137931034215e+02,0.000000000000000000e+00,0.000000000000000000e+00
1.093000000000000000e+03,2.871951724137931024e+02,0.000000000000000000e+00,0.000000000000000000e+00
1.094000000000000000e+03,2.874579310344827832e+02,0.000000000000000000e+00,0.000000000000000000e+00
1.095000000000000000e+03,2.877206896551724071e+02,0.000000000000000000e+00,0.000000000000000000e+00
1.096000000000000000e+03,2.879834482758620879e+02,0.000000000000000000e+00,0.000000000000000000e+00
1.097000000000000000e+03,2.882462068965517119e+02,0.000000000000000000e+00,0.000000000000000000e+00
1.098000000000000000e+03,2.885089655172413927e+02,0.000000000000000000e+00,0.000000000000000000e+00
1.099000000000000000e+03,2.887717241379310167e+02,0.000000000000000000e+00,0.000000000000000000e+00
1.100000000000000000e+03,2.890344827586206975e+02,0.000000000000000000e+00,0.000000000000000000e+00
1.101000000000000000e+03,2.892972413793103215e+02,0.000000000000000000e+00,0.000000000000000000e+00
1.102000000000000000e+03,2.895600000000000023e+02,0.000000000000000000e+00,0.000000000000000000e+00
1.103000000000000000e+03,2.898227586206896831e+02,0.000000000000000000e+00,0.000000000000000000e+00
1.104000000000000000e+03,2.900855172413793071e+02,0.000000000000000000e+00,0.000000000000000000e+00
1.105000000000000000e+03,2.903482758620689879e+02,0.000000000000000000e+00,0.000000000000000000e+00
1.106000000000000000e+03,2.906110344827586118e+02,0.000000000000000000e+00,0.000000000000000000e+00
1.107000000000000000e+03,2.908737931034482926e+02,0.000000000000000000e+00,0.000000000000000000e+00
1.108000000000000000e+03,2.911365517241379166e+02,0.000000000000000000e+00,0.000000000000000000e+00
1.109000000000000000e+03,2.913993103448275974e+02,0.000000000000000000e+00,0.000000000000000000e+00
1.110000000000000000e+03,2.916620689655172214e+02,0.000000000000000000e+00,0.000000000000000000e+00
1.111000000000000000e+03,2.919248275862069022e+02,0.000000000000000000e+00,0.000000000000000000e+00
1.112000000000000000e+03,2.921875862068965262e+02,0.000000000000000000e+00,0.000000000000000000e+00
1.113000000000000000e+03,2.924503448275862070e+02,0.000000000000000000e+00,0.000000000000000000e+00
1.114000000000000000e+03,2.927131034482758878e+02,0.000000000000000000e+00,0.000000000000000000e+00
1.115000000000000000e+03,2.929758620689655118e+02,0.000000000000000000e+00,0.000000000000000000e+00
1.116000000000000000e+03,2.932386206896551926e+02,0.000000000000000000e+00,0.000000000000000000e+00
1.117000000000000000e+03,2.935013793103448165e+02,0.000000000000000000e+00,0.000000000000000000e+00
1.118000000000000000e+03,2.937641379310344973e+02,0.000000000000000000e+00,0.000000000000000000e+00
1.119000000000000000e+03,2.940268965517241213e+02,0.000000000000000000e+00,0.000000000000000000e+00
1.120000000000000000e+03,2.942896551724138021e+02,0.000000000000000000e+00,0.000000000000000000e+00
1.121000000000000000e+03,2.945524137931034261e+02,0.000000000000000000e+00,0.000000000000000000e+00
1.122000000000000000e+03,2.948151724137931069e+02,0.000000000000000000e+00,0.000000000000000000e+00
1.123000000000000000e+03,2.950779310344827309e+02,0.000000000000000000e+00,0.000000000000000000e+00
1.124000000000000000e+03,2.953406896551724117e+02,0.000000000000000000e+00,0.000000000000000000e+00
1.125000000000000000e+03,2.956034482758620925e+02,0.000000000000000000e+00,0.000000000000000000e+00
1.126000000000000000e+03,2.958662068965517165e+02,0.000000000000000000e+00,0.000000000000000000e+00
1.127000000000000000e+03,2.961289655172413973e+02,0.000000000000000000e+00,0.000000000000000000e+00
1.128000000000000000e+03,2.963917241379310212e+02,0.000000000000000000e+00,0.000000000000000000e+00
1.129000000000000000e+03,2.966544827586207020e+02,0.000000000000000000e+00,0.000000000000000000e+00
1.130000000000000000e+03,2.969172413793103260e+02,0.000000000000000000e+00,0.000000000000000000e+00
1.131000000000000000e+03,2.971800000000000068e+02,0.000000000000000000e+00,0.000000000000000000e+00
1.132000000000000000e+03,2.974427586206896308e+02,0.000000000000000000e+00,0.000000000000000000e+00
1.133000000000000000e+03,2.977055172413793116e+02,0.000000000000000000e+00,0.000000000000000000e+00
1.134000000000000000e+03,2.979682758620689924e+02,0.000000000000000000e+00,0.000000000000000000e+00
1.135000000000000000e+03,2.982310344827586164e+02,0.000000000000000000e+00,0.000000000000000000e+00
1.136000000000000000e+03,2.984937931034482972e+02,0.000000000000000000e+00,0.000000000000000000e+00
1.137000000000000000e+03,2.987565517241379212e+02,0.000000000000000000e+00,0.000000000000000000e+00
1.138000000000000000e+03,2.990193103448276020e+02,0.000000000000000000e+00,0.000000000000000000e+00
1.139000000000000000e+03,2.992820689655172259e+02,0.000000000000000000e+00,0.000000000000000000e+00
1.140000000000000000e+03,2.995448275862069067e+02,0.000000000000000000e+00,0.000000000000000000e+00
1.141000000000000000e+03,2.998075862068965307e+02,0.000000000000000000e+00,0.000000000000000000e+00
1.142000000000000000e+03,3.000703448275862115e+02,0.000000000000000000e+00,0.000000000000000000e+00
1.143000000000000000e+03,3.003331034482758355e+02,0.000000000000000000e+00,0.000000000000000000e+00
1.144000000000000000e+03,3.005958620689655163e+02,0.000000000000000000e+00,0.000000000000000000e+00
1.145000000000000000e+03,3.008586206896551971e+02,0.000000000000000000e+00,0.000000000000000000e+00
1.146000000000000000e+03,3.011213793103448211e+02,0.000000000000000000e+00,0.000000000000000000e+00
1.147000000000000000e+03,3.013841379310345019e+02,0.000000000000000000e+00,0.000000000000000000e+00
1.148000000000000000e+03,3.016468965517241259e+02,0.000000000000000000e+00,0.000000000000000000e+00
1.149000000000000000e+03,3.019096551724138067e+02,0.000000000000000000e+00,0.000000000000000000e+00
1.150000000000000000e+03,3.021724137931034306e+02,0.000000000000000000e+00,0.000000000000000000e+00
1.151000000000000000e+03,3.024351724137931114e+02,0.000000000000000000e+00,0.000000000000000000e+00
1.152000000000000000e+03,3.026979310344827354e+02,0.000000000000000000e+00,0.000000000000000000e+00
1.153000000000000000e+03,3.029606896551724162e+02,0.000000000000000000e+00,0.000000000000000000e+00
1.154000000000000000e+03,3.032234482758620970e+02,0.000000000000000000e+00,0.000000000000000000e+00
