column,nominal_position_mm,green_median,green_std
0.000000000000000000e+00,7.882758620689654661e-02,5.952600000000000000e+04,9.460463142933944027e+02
1.000000000000000000e+00,1.138620689655172324e-01,5.911800000000000000e+04,9.122086339233209173e+02
2.000000000000000000e+00,1.488965517241379044e-01,5.890900000000000000e+04,9.834800376863968268e+02
3.000000000000000000e+00,1.839310344827586041e-01,5.891700000000000000e+04,9.118105382841542905e+02
4.000000000000000000e+00,2.189655172413793038e-01,5.876500000000000000e+04,9.351411303200734437e+02
5.000000000000000000e+00,2.539999999999999480e-01,5.862100000000000000e+04,8.457032461959598777e+02
6.000000000000000000e+00,2.890344827586206478e-01,5.834900000000000000e+04,9.615223930406361887e+02
7.000000000000000000e+00,3.240689655172413475e-01,5.818100000000000000e+04,1.249890123930926620e+03
8.000000000000000000e+00,3.591034482758620472e-01,5.799700000000000000e+04,1.815093808907591210e+03
9.000000000000000000e+00,3.941379310344827469e-01,5.774100000000000000e+04,1.946754821180900763e+03
1.000000000000000000e+01,4.291724137931033911e-01,5.756500000000000000e+04,1.734160510561576075e+03
1.100000000000000000e+01,4.642068965517240908e-01,5.748500000000000000e+04,1.400089702027241628e+03
1.200000000000000000e+01,4.992413793103447905e-01,5.751700000000000000e+04,1.002114979482204262e+03
1.300000000000000000e+01,5.342758620689654903e-01,5.727700000000000000e+04,1.021232179117612191e+03
1.400000000000000000e+01,5.693103448275862455e-01,5.737300000000000000e+04,1.003276295501242657e+03
1.500000000000000000e+01,6.043448275862068897e-01,5.762900000000000000e+04,9.436822556780736022e+02
1.600000000000000000e+01,6.393793103448275339e-01,5.876500000000000000e+04,1.206694061567503013e+03
1.700000000000000000e+01,6.744137931034482891e-01,5.502100000000000000e+04,5.961923102780126101e+03
1.800000000000000000e+01,7.094482758620690444e-01,2.881500000000000000e+04,6.435560595862301852e+03
1.900000000000000000e+01,7.444827586206896886e-01,1.426700000000000000e+04,1.163839896789399063e+03
2.000000000000000000e+01,7.795172413793103328e-01,1.432300000000000000e+04,1.144762932229839180e+03
2.100000000000000000e+01,8.145517241379309770e-01,1.421100000000000000e+04,1.130286830147349747e+03
2.200000000000000000e+01,8.495862068965516212e-01,1.414700000000000000e+04,1.094700945570159774e+03
2.300000000000000000e+01,8.846206896551722654e-01,1.393100000000000000e+04,1.055394347845302718e+03
2.400000000000000000e+01,9.196551724137931316e-01,1.381900000000000000e+04,1.045258885789914530e+03
2.500000000000000000e+01,9.546896551724137758e-01,1.371500000000000000e+04,1.009817290847138679e+03
2.600000000000000000e+01,9.897241379310344200e-01,1.370700000000000000e+04,1.020217273325324982e+03
2.700000000000000000e+01,1.024758620689655064e+00,1.360300000000000000e+04,1.005412696447687040e+03
2.800000000000000000e+01,1.059793103448275708e+00,1.353900000000000000e+04,1.012442480764322340e+03
2.900000000000000000e+01,1.094827586206896575e+00,1.350700000000000000e+04,1.021343931875662861e+03
3.000000000000000000e+01,1.129862068965517219e+00,1.339500000000000000e+04,1.000724775457692772e+03
3.100000000000000000e+01,1.164896551724137863e+00,1.341100000000000000e+04,9.609236080231821688e+02
3.200000000000000000e+01,1.199931034482758507e+00,1.341900000000000000e+04,9.213397098104305769e+02
3.300000000000000000e+01,1.234965517241379152e+00,1.334700000000000000e+04,9.094596666720328813e+02
3.400000000000000000e+01,1.270000000000000018e+00,1.322700000000000000e+04,8.967343852032662426e+02
3.500000000000000000e+01,1.305034482758620662e+00,1.325900000000000000e+04,8.878790162332405771e+02
3.600000000000000000e+01,1.340068965517241306e+00,1.309900000000000000e+04,8.404093012988504370e+02
3.700000000000000000e+01,1.375103448275861950e+00,1.306700000000000000e+04,8.748043116769943026e+02
3.800000000000000000e+01,1.410137931034482595e+00,1.305900000000000000e+04,9.177967079432751234e+02
3.900000000000000000e+01,1.445172413793103461e+00,1.296300000000000000e+04,8.743403546159080406e+02
4.000000000000000000e+01,1.480206896551723883e+00,1.293900000000000000e+04,7.928225741575587335e+02
4.100000000000000000e+01,1.515241379310344749e+00,1.297900000000000000e+04,7.908542595746270081e+02
4.200000000000000000e+01,1.550275862068965615e+00,1.289900000000000000e+04,7.904274848546875774e+02
4.300000000000000000e+01,1.585310344827586038e+00,1.286700000000000000e+04,7.914344567929849745e+02
4.400000000000000000e+01,1.620344827586206904e+00,1.285900000000000000e+04,7.273526121861688125e+02
4.500000000000000000e+01,1.655379310344827326e+00,1.280300000000000000e+04,7.404101481888014860e+02
4.600000000000000000e+01,1.690413793103448192e+00,1.277900000000000000e+04,6.874130609263978613e+02
4.700000000000000000e+01,1.725448275862068614e+00,1.286700000000000000e+04,6.910670681679312111e+02
4.800000000000000000e+01,1.760482758620689481e+00,1.275500000000000000e+04,7.069255515268328054e+02
4.900000000000000000e+01,1.795517241379310347e+00,1.274700000000000000e+04,6.589781319857602284e+02
5.000000000000000000e+01,1.830551724137930769e+00,1.268300000000000000e+04,6.471232701927859807e+02
5.100000000000000000e+01,1.865586206896551635e+00,1.275500000000000000e+04,6.084987827249614156e+02
5.200000000000000000e+01,1.900620689655172058e+00,1.272300000000000000e+04,6.556310030112096001e+02
5.300000000000000000e+01,1.935655172413792924e+00,1.269100000000000000e+04,6.004660017387275275e+02
5.400000000000000000e+01,1.970689655172413790e+00,1.269100000000000000e+04,5.913719390223890287e+02
5.500000000000000000e+01,2.005724137931034434e+00,1.272300000000000000e+04,5.564551507162013877e+02
5.600000000000000000e+01,2.040758620689655078e+00,1.273900000000000000e+04,5.402764836801289903e+02
5.700000000000000000e+01,2.075793103448275723e+00,1.274700000000000000e+04,5.535454767793082738e+02
5.800000000000000000e+01,2.110827586206896367e+00,1.270700000000000000e+04,5.558045105741722409e+02
5.900000000000000000e+01,2.145862068965517455e+00,1.272300000000000000e+04,5.284594535901726431e+02
6.000000000000000000e+01,2.180896551724137655e+00,1.268300000000000000e+04,5.215736151159719611e+02
6.100000000000000000e+01,2.215931034482758744e+00,1.273900000000000000e+04,5.006002955548626119e+02
6.200000000000000000e+01,2.250965517241378944e+00,1.280300000000000000e+04,5.428979063896576918e+02
6.300000000000000000e+01,2.286000000000000032e+00,1.275500000000000000e+04,5.356098502414474751e+02
6.400000000000000000e+01,2.321034482758620676e+00,1.273900000000000000e+04,5.392067325040009109e+02
6.500000000000000000e+01,2.356068965517241320e+00,1.272300000000000000e+04,5.582052430326561989e+02
6.600000000000000000e+01,2.391103448275861965e+00,1.273900000000000000e+04,5.625365426509385998e+02
6.700000000000000000e+01,2.426137931034482609e+00,1.277100000000000000e+04,5.441208023801191302e+02
6.800000000000000000e+01,2.461172413793103253e+00,1.270700000000000000e+04,5.936009501968931090e+02
6.900000000000000000e+01,2.496206896551724341e+00,1.270700000000000000e+04,5.680273375544805958e+02
7.000000000000000000e+01,2.531241379310344541e+00,1.269100000000000000e+04,5.512377685101415636e+02
7.100000000000000000e+01,2.566275862068965630e+00,1.270700000000000000e+04,5.816406396140448578e+02
7.200000000000000000e+01,2.601310344827585830e+00,1.269100000000000000e+04,5.686948022417768698e+02
7.300000000000000000e+01,2.636344827586206918e+00,1.270700000000000000e+04,5.863986979662378189e+02
7.400000000000000000e+01,2.671379310344827562e+00,1.267500000000000000e+04,5.663089348415276163e+02
7.500000000000000000e+01,2.706413793103448207e+00,1.267500000000000000e+04,5.696106287685518055e+02
7.600000000000000000e+01,2.741448275862068851e+00,1.266700000000000000e+04,6.116527282326411523e+02
7.700000000000000000e+01,2.776482758620689495e+00,1.261100000000000000e+04,5.881894745430548710e+02
7.800000000000000000e+01,2.811517241379310139e+00,1.272300000000000000e+04,6.091925001694670527e+02
7.900000000000000000e+01,2.846551724137931227e+00,1.264300000000000000e+04,5.835284341087752864e+02
8.000000000000000000e+01,2.881586206896551872e+00,1.263500000000000000e+04,5.875282869518200641e+02
8.100000000000000000e+01,2.916620689655172072e+00,1.261100000000000000e+04,5.613817744702295158e+02
8.200000000000000000e+01,2.951655172413792716e+00,1.259500000000000000e+04,5.827316278165606036e+02
8.300000000000000000e+01,2.986689655172413804e+00,1.256300000000000000e+04,5.973868570350977052e+02
8.400000000000000000e+01,3.021724137931034448e+00,1.261100000000000000e+04,5.542724825902637349e+02
8.500000000000000000e+01,3.056758620689655093e+00,1.253100000000000000e+04,5.518370687370133965e+02
8.600000000000000000e+01,3.091793103448275293e+00,1.257100000000000000e+04,5.562689441530452541e+02
8.700000000000000000e+01,3.126827586206896381e+00,1.249900000000000000e+04,5.171964223185173068e+02
8.800000000000000000e+01,3.161862068965517025e+00,1.249900000000000000e+04,5.234883133669421795e+02
8.900000000000000000e+01,3.196896551724138114e+00,1.241900000000000000e+04,5.533461588702579093e+02
9.000000000000000000e+01,3.231931034482758758e+00,1.243500000000000000e+04,5.238386336852755676e+02
9.100000000000000000e+01,3.266965517241378958e+00,1.243500000000000000e+04,5.445288297721086792e+02
9.200000000000000000e+01,3.301999999999999602e+00,1.235500000000000000e+04,4.979128900003755120e+02
9.300000000000000000e+01,3.337034482758620690e+00,1.233900000000000000e+04,5.538418570636256391e+02
9.400000000000000000e+01,3.372068965517241335e+00,1.229100000000000000e+04,4.403776878704891260e+02
9.500000000000000000e+01,3.407103448275861535e+00,1.233900000000000000e+04,4.774359949805630663e+02
9.600000000000000000e+01,3.442137931034482179e+00,1.228300000000000000e+04,5.061597166406337465e+02
9.700000000000000000e+01,3.477172413793103267e+00,1.220300000000000000e+04,4.763085271670316843e+02
9.800000000000000000e+01,3.512206896551723911e+00,1.219500000000000000e+04,5.054820942426645161e+02
9.900000000000000000e+01,3.547241379310345000e+00,1.221100000000000000e+04,5.196220672111112435e+02
1.000000000000000000e+02,3.582275862068965200e+00,1.224300000000000000e+04,4.990128005769639685e+02
1.010000000000000000e+02,3.617310344827585844e+00,1.213100000000000000e+04,5.076128847830086102e+02
1.020000000000000000e+02,3.652344827586206488e+00,1.205100000000000000e+04,4.814522142818241264e+02
1.030000000000000000e+02,3.687379310344827577e+00,1.212300000000000000e+04,5.191702257372161284e+02
1.040000000000000000e+02,3.722413793103448221e+00,1.213100000000000000e+04,4.755072220847296762e+02
1.050000000000000000e+02,3.757448275862068421e+00,1.216300000000000000e+04,5.083247120358479378e+02
1.060000000000000000e+02,3.792482758620689065e+00,1.209900000000000000e+04,4.758972004700692082e+02
1.070000000000000000e+02,3.827517241379310153e+00,1.208300000000000000e+04,4.878604063657683696e+02
1.080000000000000000e+02,3.862551724137930798e+00,1.208300000000000000e+04,4.815402117814882672e+02
1.090000000000000000e+02,3.897586206896551886e+00,1.201900000000000000e+04,4.509678078687722405e+02
1.100000000000000000e+02,3.932620689655172086e+00,1.203500000000000000e+04,4.962162825270583539e+02
1.110000000000000000e+02,3.967655172413792730e+00,1.206700000000000000e+04,4.630015997631408595e+02
1.120000000000000000e+02,4.002689655172413374e+00,1.197100000000000000e+04,4.773913853669452010e+02
1.130000000000000000e+02,4.037724137931034463e+00,1.203500000000000000e+04,5.228652020791499808e+02
1.140000000000000000e+02,4.072758620689655551e+00,1.192300000000000000e+04,4.594427351948409068e+02
1.150000000000000000e+02,4.107793103448275751e+00,1.192300000000000000e+04,4.394407797876979203e+02
1.160000000000000000e+02,4.142827586206895951e+00,1.189900000000000000e+04,4.812470445953019862e+02
1.170000000000000000e+02,4.177862068965517039e+00,1.185100000000000000e+04,4.643073281414207827e+02
1.180000000000000000e+02,4.212896551724138128e+00,1.190700000000000000e+04,4.410161537959004932e+02
1.190000000000000000e+02,4.247931034482758328e+00,1.193900000000000000e+04,4.434686823299747402e+02
1.200000000000000000e+02,4.282965517241378528e+00,1.187500000000000000e+04,4.584253880372642129e+02
1.210000000000000000e+02,4.317999999999999616e+00,1.182700000000000000e+04,4.771364457396469447e+02
1.220000000000000000e+02,4.353034482758620705e+00,1.185100000000000000e+04,4.329353277007423344e+02
1.230000000000000000e+02,4.388068965517240905e+00,1.185900000000000000e+04,4.792049758286759129e+02
1.240000000000000000e+02,4.423103448275861993e+00,1.179500000000000000e+04,4.319992055166215437e+02
1.250000000000000000e+02,4.458137931034482193e+00,1.179500000000000000e+04,4.926082992476124218e+02
1.260000000000000000e+02,4.493172413793103281e+00,1.176300000000000000e+04,5.017617215999486007e+02
1.270000000000000000e+02,4.528206896551723482e+00,1.171500000000000000e+04,4.832677719405655807e+02
1.280000000000000000e+02,4.563241379310344570e+00,1.169900000000000000e+04,4.529146795346622980e+02
1.290000000000000000e+02,4.598275862068965658e+00,1.171500000000000000e+04,5.058846796185375183e+02
1.300000000000000000e+02,4.633310344827585858e+00,1.174700000000000000e+04,5.214787779493667585e+02
1.310000000000000000e+02,4.668344827586206947e+00,1.166700000000000000e+04,5.034328652985185499e+02
1.320000000000000000e+02,4.703379310344827147e+00,1.169900000000000000e+04,5.143625017281544842e+02
1.330000000000000000e+02,4.738413793103448235e+00,1.171500000000000000e+04,5.314370573271727380e+02
1.340000000000000000e+02,4.773448275862069323e+00,1.167500000000000000e+04,5.353381585880538296e+02
1.350000000000000000e+02,4.808482758620689523e+00,1.166700000000000000e+04,5.039724075504264533e+02
1.360000000000000000e+02,4.843517241379309723e+00,1.165900000000000000e+04,5.367674230790149750e+02
1.370000000000000000e+02,4.878551724137930812e+00,1.160300000000000000e+04,5.870466498370656154e+02
1.380000000000000000e+02,4.913586206896551900e+00,1.166700000000000000e+04,5.085996928592686004e+02
1.390000000000000000e+02,4.948620689655172100e+00,1.165100000000000000e+04,5.470240705845426419e+02
1.400000000000000000e+02,4.983655172413792300e+00,1.151500000000000000e+04,5.904475552841469153e+02
1.410000000000000000e+02,5.018689655172413389e+00,1.157100000000000000e+04,5.500212231932373470e+02
1.420000000000000000e+02,5.053724137931034477e+00,1.157100000000000000e+04,5.728490537007936609e+02
1.430000000000000000e+02,5.088758620689654677e+00,1.167500000000000000e+04,5.341904210639033863e+02
1.440000000000000000e+02,5.123793103448275765e+00,1.158700000000000000e+04,5.355809736820211810e+02
1.450000000000000000e+02,5.158827586206895965e+00,1.163500000000000000e+04,6.631983404168198604e+02
1.460000000000000000e+02,5.193862068965517054e+00,1.163500000000000000e+04,5.563723791447121130e+02
1.470000000000000000e+02,5.228896551724137254e+00,1.158700000000000000e+04,5.617195167467572219e+02
1.480000000000000000e+02,5.263931034482758342e+00,1.160300000000000000e+04,6.008055196419188633e+02
1.490000000000000000e+02,5.298965517241379430e+00,1.154700000000000000e+04,5.444673193279011230e+02
1.500000000000000000e+02,5.333999999999999631e+00,1.163500000000000000e+04,5.985269063627890773e+02
1.510000000000000000e+02,5.369034482758620719e+00,1.160300000000000000e+04,5.536827744407441969e+02
1.520000000000000000e+02,5.404068965517240919e+00,1.157100000000000000e+04,5.703895924668789803e+02
1.530000000000000000e+02,5.439103448275862007e+00,1.158700000000000000e+04,5.235028171506055514e+02
1.540000000000000000e+02,5.474137931034483096e+00,1.151500000000000000e+04,5.747200282652181613e+02
1.550000000000000000e+02,5.509172413793103296e+00,1.153100000000000000e+04,5.650301822861250685e+02
1.560000000000000000e+02,5.544206896551723496e+00,1.152300000000000000e+04,6.250733023834719688e+02
1.570000000000000000e+02,5.579241379310344584e+00,1.152300000000000000e+04,5.646993903435584343e+02
1.580000000000000000e+02,5.614275862068965672e+00,1.153900000000000000e+04,6.049581080134673812e+02
1.590000000000000000e+02,5.649310344827585872e+00,1.149100000000000000e+04,5.739199187998978005e+02
1.600000000000000000e+02,5.684344827586206073e+00,1.145900000000000000e+04,5.525006341913202732e+02
1.610000000000000000e+02,5.719379310344828049e+00,1.144300000000000000e+04,5.797668537991872881e+02
1.620000000000000000e+02,5.754413793103448249e+00,1.147500000000000000e+04,5.395622281630709267e+02
1.630000000000000000e+02,5.789448275862068449e+00,1.144300000000000000e+04,5.056336463797676402e+02
1.640000000000000000e+02,5.824482758620689538e+00,1.138700000000000000e+04,4.795911987556801250e+02
1.650000000000000000e+02,5.859517241379309738e+00,1.139500000000000000e+04,5.332238247344566844e+02
1.660000000000000000e+02,5.894551724137931714e+00,1.137900000000000000e+04,5.475752580926010751e+02
1.670000000000000000e+02,5.929586206896551914e+00,1.134700000000000000e+04,5.542222441211811201e+02
1.680000000000000000e+02,5.964620689655171226e+00,1.134700000000000000e+04,5.439261416557789062e+02
1.690000000000000000e+02,5.999655172413793203e+00,1.127500000000000000e+04,5.557754768295477561e+02
1.700000000000000000e+02,6.034689655172413403e+00,1.126700000000000000e+04,5.799311117530054389e+02
1.710000000000000000e+02,6.069724137931034491e+00,1.129900000000000000e+04,6.141519481866357637e+02
1.720000000000000000e+02,6.104758620689654691e+00,1.126700000000000000e+04,5.528084792729698620e+02
1.730000000000000000e+02,6.139793103448274891e+00,1.131500000000000000e+04,6.087184673859910617e+02
1.740000000000000000e+02,6.174827586206896868e+00,1.133100000000000000e+04,5.352489874648331352e+02
1.750000000000000000e+02,6.209862068965517068e+00,1.119500000000000000e+04,5.980562040333639970e+02
1.760000000000000000e+02,6.244896551724138156e+00,1.123500000000000000e+04,5.946848846148069470e+02
1.770000000000000000e+02,6.279931034482758356e+00,1.123500000000000000e+04,6.018394289429631954e+02
1.780000000000000000e+02,6.314965517241378556e+00,1.121900000000000000e+04,5.869977824633025421e+02
1.790000000000000000e+02,6.349999999999999645e+00,1.117900000000000000e+04,5.848645572023726800e+02
1.800000000000000000e+02,6.385034482758619845e+00,1.105900000000000000e+04,6.039421804266210074e+02
1.810000000000000000e+02,6.420068965517241821e+00,1.120300000000000000e+04,5.850275718488417169e+02
1.820000000000000000e+02,6.455103448275862021e+00,1.119500000000000000e+04,5.457512685414795897e+02
1.830000000000000000e+02,6.490137931034482222e+00,1.112300000000000000e+04,6.024601990044454851e+02
1.840000000000000000e+02,6.525172413793103310e+00,1.108300000000000000e+04,5.743830158362284237e+02
1.850000000000000000e+02,6.560206896551723510e+00,1.110700000000000000e+04,5.970581478249399652e+02
1.860000000000000000e+02,6.595241379310345486e+00,1.109100000000000000e+04,6.078020193932929942e+02
1.870000000000000000e+02,6.630275862068965687e+00,1.105100000000000000e+04,6.218256579707617675e+02
1.880000000000000000e+02,6.665310344827585887e+00,1.101100000000000000e+04,6.176101032956743211e+02
1.890000000000000000e+02,6.700344827586206975e+00,1.094700000000000000e+04,6.081055719442395002e+02
1.900000000000000000e+02,6.735379310344827175e+00,1.099500000000000000e+04,6.256284040704299514e+02
1.910000000000000000e+02,6.770413793103447375e+00,1.093900000000000000e+04,6.175639113037627794e+02
1.920000000000000000e+02,6.805448275862068463e+00,1.088200000000000000e+04,6.135487146311137394e+02
1.930000000000000000e+02,6.840482758620688664e+00,1.089800000000000000e+04,6.598066239018268107e+02
1.940000000000000000e+02,6.875517241379310640e+00,1.081800000000000000e+04,6.263801146090048633e+02
1.950000000000000000e+02,6.910551724137930840e+00,1.080200000000000000e+04,6.011976421965396185e+02
1.960000000000000000e+02,6.945586206896551040e+00,1.077000000000000000e+04,6.194173359577661131e+02
1.970000000000000000e+02,6.980620689655172129e+00,1.064200000000000000e+04,5.847550494335919211e+02
1.980000000000000000e+02,7.015655172413792329e+00,1.066600000000000000e+04,6.188772358988675251e+02
1.990000000000000000e+02,7.050689655172413417e+00,1.055400000000000000e+04,6.283122516981753733e+02
2.000000000000000000e+02,7.085724137931033617e+00,1.055400000000000000e+04,6.452568596832750245e+02
2.010000000000000000e+02,7.120758620689653817e+00,1.050600000000000000e+04,6.203510499310759769e+02
2.020000000000000000e+02,7.155793103448275794e+00,1.052200000000000000e+04,6.142430319457732821e+02
2.030000000000000000e+02,7.190827586206895994e+00,1.046600000000000000e+04,5.962720966897441031e+02
2.040000000000000000e+02,7.225862068965517082e+00,1.048200000000000000e+04,5.944396882710573209e+02
2.050000000000000000e+02,7.260896551724137282e+00,1.057800000000000000e+04,5.886109154730210093e+02
2.060000000000000000e+02,7.295931034482757482e+00,1.049000000000000000e+04,5.740055523716023345e+02
2.070000000000000000e+02,7.330965517241379459e+00,1.050600000000000000e+04,5.676532580755848585e+02
2.080000000000000000e+02,7.365999999999999659e+00,1.045800000000000000e+04,5.360441107785957229e+02
2.090000000000000000e+02,7.401034482758620747e+00,1.043400000000000000e+04,5.268441271468880132e+02
2.100000000000000000e+02,7.436068965517240947e+00,1.046600000000000000e+04,5.280876806773600265e+02
2.110000000000000000e+02,7.471103448275861147e+00,1.047400000000000000e+04,5.381078826958113268e+02
2.120000000000000000e+02,7.506137931034482236e+00,1.049800000000000000e+04,5.308335729783207171e+02
2.130000000000000000e+02,7.541172413793102436e+00,1.051400000000000000e+04,5.688953679739854579e+02
2.140000000000000000e+02,7.576206896551724412e+00,1.061000000000000000e+04,5.088091128665427050e+02
2.150000000000000000e+02,7.611241379310344612e+00,1.049800000000000000e+04,4.779706217264894121e+02
2.160000000000000000e+02,7.646275862068964813e+00,1.051400000000000000e+04,4.919988455532996454e+02
2.170000000000000000e+02,7.681310344827585901e+00,1.046600000000000000e+04,5.126772553394387160e+02
2.180000000000000000e+02,7.716344827586206101e+00,1.053000000000000000e+04,5.603397723402094925e+02
2.190000000000000000e+02,7.751379310344827189e+00,1.049800000000000000e+04,5.790471755152392461e+02
2.200000000000000000e+02,7.786413793103447389e+00,1.053000000000000000e+04,6.137927700500490573e+02
2.210000000000000000e+02,7.821448275862067590e+00,1.049800000000000000e+04,5.352157061734687886e+02
2.220000000000000000e+02,7.856482758620689566e+00,1.049800000000000000e+04,5.630355450653378284e+02
2.230000000000000000e+02,7.891517241379309766e+00,1.043400000000000000e+04,5.418689927876612273e+02
2.240000000000000000e+02,7.926551724137930854e+00,1.040200000000000000e+04,6.074136764196834974e+02
2.250000000000000000e+02,7.961586206896551055e+00,1.047400000000000000e+04,5.934019888339175850e+02
2.260000000000000000e+02,7.996620689655171255e+00,1.044200000000000000e+04,6.222202183009004557e+02
2.270000000000000000e+02,8.031655172413792343e+00,1.046600000000000000e+04,6.185194209451525467e+02
2.280000000000000000e+02,8.066689655172412543e+00,1.048200000000000000e+04,6.275304179518996079e+02
2.290000000000000000e+02,8.101724137931034520e+00,1.049000000000000000e+04,5.756159547925627749e+02
2.300000000000000000e+02,8.136758620689654720e+00,1.045000000000000000e+04,6.330718055059986682e+02
2.310000000000000000e+02,8.171793103448274920e+00,1.049800000000000000e+04,5.658681015486196202e+02
2.320000000000000000e+02,8.206827586206896896e+00,1.054600000000000000e+04,6.330635935718722749e+02
2.330000000000000000e+02,8.241862068965517096e+00,1.056200000000000000e+04,5.268596343312244699e+02
2.340000000000000000e+02,8.276896551724137296e+00,1.053000000000000000e+04,5.661864204835075043e+02
2.350000000000000000e+02,8.311931034482757497e+00,1.049800000000000000e+04,5.758295646028784631e+02
2.360000000000000000e+02,8.346965517241377697e+00,1.049800000000000000e+04,6.226121847397248530e+02
2.370000000000000000e+02,8.381999999999999673e+00,1.046600000000000000e+04,5.785124079373312043e+02
2.380000000000000000e+02,8.417034482758619873e+00,1.049000000000000000e+04,5.097841065941304919e+02
2.390000000000000000e+02,8.452068965517241850e+00,1.046600000000000000e+04,5.360394109154826765e+02
2.400000000000000000e+02,8.487103448275862050e+00,1.042600000000000000e+04,5.371786223593040859e+02
2.410000000000000000e+02,8.522137931034482250e+00,1.042600000000000000e+04,5.897422981201232233e+02
2.420000000000000000e+02,8.557172413793102450e+00,1.046600000000000000e+04,5.618524682693039267e+02
2.430000000000000000e+02,8.592206896551722650e+00,1.037000000000000000e+04,5.909966939540346402e+02
2.440000000000000000e+02,8.627241379310344627e+00,1.038600000000000000e+04,5.792384070802123688e+02
2.450000000000000000e+02,8.662275862068964827e+00,1.045000000000000000e+04,5.707074228749592066e+02
2.460000000000000000e+02,8.697310344827585027e+00,1.039400000000000000e+04,5.995681296351709761e+02
2.470000000000000000e+02,8.732344827586207003e+00,1.045000000000000000e+04,6.141388643335762936e+02
2.480000000000000000e+02,8.767379310344827203e+00,1.037000000000000000e+04,5.475269119743458077e+02
2.490000000000000000e+02,8.802413793103447404e+00,1.033800000000000000e+04,5.504105552632635181e+02
2.500000000000000000e+02,8.837448275862067604e+00,1.043400000000000000e+04,6.320805656841208702e+02
2.510000000000000000e+02,8.872482758620687804e+00,1.037800000000000000e+04,5.543007469778895029e+02
2.520000000000000000e+02,8.907517241379309780e+00,1.046600000000000000e+04,5.482684063240518526e+02
2.530000000000000000e+02,8.942551724137929980e+00,1.041000000000000000e+04,5.667867767067966724e+02
2.540000000000000000e+02,8.977586206896551957e+00,1.055400000000000000e+04,5.596686589215942149e+02
2.550000000000000000e+02,9.012620689655172157e+00,1.048200000000000000e+04,5.353790248882125979e+02
2.560000000000000000e+02,9.047655172413792357e+00,1.052200000000000000e+04,5.563133601697417134e+02
2.570000000000000000e+02,9.082689655172414334e+00,1.049000000000000000e+04,5.285575637104137741e+02
2.580000000000000000e+02,9.117724137931034534e+00,1.060200000000000000e+04,5.473518701193659126e+02
2.590000000000000000e+02,9.152758620689654734e+00,1.058600000000000000e+04,5.423716192376332401e+02
2.600000000000000000e+02,9.187793103448274934e+00,1.072200000000000000e+04,5.352649220025368777e+02
2.610000000000000000e+02,9.222827586206895134e+00,1.067400000000000000e+04,5.062035171320352447e+02
2.620000000000000000e+02,9.257862068965517111e+00,1.073800000000000000e+04,5.509690196801412867e+02
2.630000000000000000e+02,9.292896551724137311e+00,1.081800000000000000e+04,4.905554171895780087e+02
2.640000000000000000e+02,9.327931034482759287e+00,1.078600000000000000e+04,5.438535803816864700e+02
2.650000000000000000e+02,9.362965517241379487e+00,1.077000000000000000e+04,4.712464753561175144e+02
2.660000000000000000e+02,9.397999999999999687e+00,1.073000000000000000e+04,5.017916711681316997e+02
2.670000000000000000e+02,9.433034482758619887e+00,1.077000000000000000e+04,4.868579648962283386e+02
2.680000000000000000e+02,9.468068965517240088e+00,1.085000000000000000e+04,5.669605725193646322e+02
2.690000000000000000e+02,9.503103448275862064e+00,1.077000000000000000e+04,5.217233090498782531e+02
2.700000000000000000e+02,9.538137931034482264e+00,1.077000000000000000e+04,4.832364072975548765e+02
2.710000000000000000e+02,9.573172413793102464e+00,1.070600000000000000e+04,5.133210184308863973e+02
2.720000000000000000e+02,9.608206896551724441e+00,1.073000000000000000e+04,5.096857075048849310e+02
2.730000000000000000e+02,9.643241379310344641e+00,1.077000000000000000e+04,5.574454058862429520e+02
2.740000000000000000e+02,9.678275862068964841e+00,1.066600000000000000e+04,5.304873065141002826e+02
2.750000000000000000e+02,9.713310344827585041e+00,1.069000000000000000e+04,5.064551764031068615e+02
2.760000000000000000e+02,9.748344827586205241e+00,1.072200000000000000e+04,5.036638752906613377e+02
2.770000000000000000e+02,9.783379310344827218e+00,1.069000000000000000e+04,5.358019117120626333e+02
2.780000000000000000e+02,9.818413793103447418e+00,1.073000000000000000e+04,5.402626362947464713e+02
2.790000000000000000e+02,9.853448275862069394e+00,1.072200000000000000e+04,5.274193674006161245e+02
2.800000000000000000e+02,9.888482758620689594e+00,1.062600000000000000e+04,4.848535675122986390e+02
2.810000000000000000e+02,9.923517241379309795e+00,1.062600000000000000e+04,4.891679720613453242e+02
2.820000000000000000e+02,9.958551724137929995e+00,1.065800000000000000e+04,5.020385337235990164e+02
2.830000000000000000e+02,9.993586206896550195e+00,1.062600000000000000e+04,4.790758547906853551e+02
2.840000000000000000e+02,1.002862068965517217e+01,1.054600000000000000e+04,5.089453405773454620e+02
2.850000000000000000e+02,1.006365517241379237e+01,1.062600000000000000e+04,4.722572456713324414e+02
2.860000000000000000e+02,1.009868965517241257e+01,1.051400000000000000e+04,4.728576976334734923e+02
2.870000000000000000e+02,1.013372413793103455e+01,1.057800000000000000e+04,5.133270667139192938e+02
2.880000000000000000e+02,1.016875862068965475e+01,1.056200000000000000e+04,5.205752012154159729e+02
2.890000000000000000e+02,1.020379310344827672e+01,1.054600000000000000e+04,4.855983811463103734e+02
2.900000000000000000e+02,1.023882758620689692e+01,1.048200000000000000e+04,4.474872056561972045e+02
2.910000000000000000e+02,1.027386206896551712e+01,1.049800000000000000e+04,4.401012921124636250e+02
2.920000000000000000e+02,1.030889655172413732e+01,1.051400000000000000e+04,4.711274982802205500e+02
2.930000000000000000e+02,1.034393103448275752e+01,1.045000000000000000e+04,4.942748993878950614e+02
2.940000000000000000e+02,1.037896551724137950e+01,1.049000000000000000e+04,4.348642554903328232e+02
2.950000000000000000e+02,1.041399999999999970e+01,1.049000000000000000e+04,4.510699532098569193e+02
2.960000000000000000e+02,1.044903448275861990e+01,1.041800000000000000e+04,4.458089728498067643e+02
2.970000000000000000e+02,1.048406896551724188e+01,1.048200000000000000e+04,4.592983044061057285e+02
2.980000000000000000e+02,1.051910344827586208e+01,1.041800000000000000e+04,4.746350130307569088e+02
2.990000000000000000e+02,1.055413793103448228e+01,1.037000000000000000e+04,4.691394079472921703e+02
3.000000000000000000e+02,1.058917241379310248e+01,1.041800000000000000e+04,4.654684696794423076e+02
3.010000000000000000e+02,1.062420689655172268e+01,1.040200000000000000e+04,4.430471968522305133e+02
3.020000000000000000e+02,1.065924137931034466e+01,1.038600000000000000e+04,4.319786414203400113e+02
3.030000000000000000e+02,1.069427586206896486e+01,1.041800000000000000e+04,4.752493809934971409e+02
3.040000000000000000e+02,1.072931034482758683e+01,1.040200000000000000e+04,4.437533593252979358e+02
3.050000000000000000e+02,1.076434482758620703e+01,1.038600000000000000e+04,4.883983991515647176e+02
3.060000000000000000e+02,1.079937931034482723e+01,1.045000000000000000e+04,4.744032606008701123e+02
3.070000000000000000e+02,1.083441379310344743e+01,1.041800000000000000e+04,4.888460711371118350e+02
3.080000000000000000e+02,1.086944827586206763e+01,1.040200000000000000e+04,4.715238965913032416e+02
3.090000000000000000e+02,1.090448275862068961e+01,1.047400000000000000e+04,4.796247616499439346e+02
3.100000000000000000e+02,1.093951724137930981e+01,1.045000000000000000e+04,5.211579785100212803e+02
3.110000000000000000e+02,1.097455172413793001e+01,1.038600000000000000e+04,5.123519343600544289e+02
3.120000000000000000e+02,1.100958620689655199e+01,1.045000000000000000e+04,5.450463785170568372e+02
3.130000000000000000e+02,1.104462068965517219e+01,1.044200000000000000e+04,5.198737416506901354e+02
3.140000000000000000e+02,1.107965517241379239e+01,1.038600000000000000e+04,5.027617113605232930e+02
3.150000000000000000e+02,1.111468965517241259e+01,1.033800000000000000e+04,5.034253880301598656e+02
3.160000000000000000e+02,1.114972413793103279e+01,1.041800000000000000e+04,4.904022197447233111e+02
3.170000000000000000e+02,1.118475862068965476e+01,1.040200000000000000e+04,5.034065314319958588e+02
3.180000000000000000e+02,1.121979310344827496e+01,1.037000000000000000e+04,4.898746383845112859e+02
3.190000000000000000e+02,1.125482758620689516e+01,1.029000000000000000e+04,4.852780247827391804e+02
3.200000000000000000e+02,1.128986206896551714e+01,1.026600000000000000e+04,5.321662790648265400e+02
3.210000000000000000e+02,1.132489655172413734e+01,1.033800000000000000e+04,4.907005799293220889e+02
3.220000000000000000e+02,1.135993103448275754e+01,1.027400000000000000e+04,4.832518979844024329e+02
3.230000000000000000e+02,1.139496551724137952e+01,1.030600000000000000e+04,4.658604807156190191e+02
3.240000000000000000e+02,1.142999999999999972e+01,1.024200000000000000e+04,4.916852282374000538e+02
3.250000000000000000e+02,1.146503448275861992e+01,1.029800000000000000e+04,4.375778619091495898e+02
3.260000000000000000e+02,1.150006896551724012e+01,1.027400000000000000e+04,5.172040714833362927e+02
3.270000000000000000e+02,1.153510344827586032e+01,1.035400000000000000e+04,5.022800743796398706e+02
3.280000000000000000e+02,1.157013793103448407e+01,1.030600000000000000e+04,4.630455719331532691e+02
3.290000000000000000e+02,1.160517241379310427e+01,1.030600000000000000e+04,5.440247303892109585e+02
3.300000000000000000e+02,1.164020689655172447e+01,1.027400000000000000e+04,4.915970127254975068e+02
3.310000000000000000e+02,1.167524137931034467e+01,1.032200000000000000e+04,4.736359621731781999e+02
3.320000000000000000e+02,1.171027586206896487e+01,1.027400000000000000e+04,5.078788467860248375e+02
3.330000000000000000e+02,1.174531034482758685e+01,1.021000000000000000e+04,5.102020890955728873e+02
3.340000000000000000e+02,1.178034482758620705e+01,1.023400000000000000e+04,4.990460280480607480e+02
3.350000000000000000e+02,1.181537931034482725e+01,1.018600000000000000e+04,4.815914812402944563e+02
3.360000000000000000e+02,1.185041379310344745e+01,1.025800000000000000e+04,5.085942266562155964e+02
3.370000000000000000e+02,1.188544827586206765e+01,1.019400000000000000e+04,5.425573310286672495e+02
3.380000000000000000e+02,1.192048275862068962e+01,1.024200000000000000e+04,5.506385604517918182e+02
3.390000000000000000e+02,1.195551724137930982e+01,1.021000000000000000e+04,5.020517227159728009e+02
3.400000000000000000e+02,1.199055172413793002e+01,1.013000000000000000e+04,5.040383342908483542e+02
3.410000000000000000e+02,1.202558620689655022e+01,1.024200000000000000e+04,4.720304238221314677e+02
3.420000000000000000e+02,1.206062068965517042e+01,1.024200000000000000e+04,4.632211473463801212e+02
3.430000000000000000e+02,1.209565517241379418e+01,1.027400000000000000e+04,4.703875623882917694e+02
3.440000000000000000e+02,1.213068965517241438e+01,1.019400000000000000e+04,5.049919596497383054e+02
3.450000000000000000e+02,1.216572413793103458e+01,1.022600000000000000e+04,4.616240510636961289e+02
3.460000000000000000e+02,1.220075862068965478e+01,1.024200000000000000e+04,4.864598505919528861e+02
3.470000000000000000e+02,1.223579310344827498e+01,1.024200000000000000e+04,5.172819427986609071e+02
3.480000000000000000e+02,1.227082758620689695e+01,1.022600000000000000e+04,4.437794472672881625e+02
3.490000000000000000e+02,1.230586206896551715e+01,1.021000000000000000e+04,4.913345539780136733e+02
3.500000000000000000e+02,1.234089655172413735e+01,1.025800000000000000e+04,4.658351237758952834e+02
3.510000000000000000e+02,1.237593103448275755e+01,1.025800000000000000e+04,4.976670961586493718e+02
3.520000000000000000e+02,1.241096551724137775e+01,1.029000000000000000e+04,4.749432573014677246e+02
3.530000000000000000e+02,1.244599999999999973e+01,1.031400000000000000e+04,4.899048019429502006e+02
3.540000000000000000e+02,1.248103448275861993e+01,1.032200000000000000e+04,5.318983674785654330e+02
3.550000000000000000e+02,1.251606896551724013e+01,1.027400000000000000e+04,5.028721368742188815e+02
3.560000000000000000e+02,1.255110344827586033e+01,1.029000000000000000e+04,4.619546935409946400e+02
3.570000000000000000e+02,1.258613793103448053e+01,1.029000000000000000e+04,5.065030566001627221e+02
3.580000000000000000e+02,1.262117241379310428e+01,1.037000000000000000e+04,5.084551318864449740e+02
3.590000000000000000e+02,1.265620689655172448e+01,1.037000000000000000e+04,4.996199690951281127e+02
3.600000000000000000e+02,1.269124137931034468e+01,1.024200000000000000e+04,5.162069660739665551e+02
3.610000000000000000e+02,1.272627586206896488e+01,1.024200000000000000e+04,5.114400671332666093e+02
3.620000000000000000e+02,1.276131034482758508e+01,1.035400000000000000e+04,5.149284242640936782e+02
3.630000000000000000e+02,1.279634482758620706e+01,1.036200000000000000e+04,5.565151439616277003e+02
3.640000000000000000e+02,1.283137931034482726e+01,1.032200000000000000e+04,5.788791599099371297e+02
3.650000000000000000e+02,1.286641379310344746e+01,1.035400000000000000e+04,5.812162172994089815e+02
3.660000000000000000e+02,1.290144827586206766e+01,1.041800000000000000e+04,5.948071343049512052e+02
3.670000000000000000e+02,1.293648275862068786e+01,1.040200000000000000e+04,6.219696588442981238e+02
3.680000000000000000e+02,1.297151724137931161e+01,1.048200000000000000e+04,6.195361182261879094e+02
3.690000000000000000e+02,1.300655172413793181e+01,1.047400000000000000e+04,5.855982837529999188e+02
3.700000000000000000e+02,1.304158620689655201e+01,1.045800000000000000e+04,6.505276986919116098e+02
3.710000000000000000e+02,1.307662068965517221e+01,1.043400000000000000e+04,6.371030438186057836e+02
3.720000000000000000e+02,1.311165517241379241e+01,1.049800000000000000e+04,7.456585284523002883e+02
3.730000000000000000e+02,1.314668965517241439e+01,1.048200000000000000e+04,6.410206569278564075e+02
3.740000000000000000e+02,1.318172413793103459e+01,1.045800000000000000e+04,6.602110051865954574e+02
3.750000000000000000e+02,1.321675862068965479e+01,1.056200000000000000e+04,6.524919978233889424e+02
3.760000000000000000e+02,1.325179310344827499e+01,1.059400000000000000e+04,6.746711874034085668e+02
3.770000000000000000e+02,1.328682758620689519e+01,1.068200000000000000e+04,6.906344471689990314e+02
3.780000000000000000e+02,1.332186206896551717e+01,1.053800000000000000e+04,6.411567175476016018e+02
3.790000000000000000e+02,1.335689655172413737e+01,1.065800000000000000e+04,6.612464677531897905e+02
3.800000000000000000e+02,1.339193103448275757e+01,1.069800000000000000e+04,6.988651404550389543e+02
3.810000000000000000e+02,1.342696551724137777e+01,1.076200000000000000e+04,6.742110997390426519e+02
3.820000000000000000e+02,1.346199999999999797e+01,1.082600000000000000e+04,6.937113067933929642e+02
3.830000000000000000e+02,1.349703448275861817e+01,1.094700000000000000e+04,6.952391811225003266e+02
3.840000000000000000e+02,1.353206896551724192e+01,1.093100000000000000e+04,6.704571993737307594e+02
3.850000000000000000e+02,1.356710344827586212e+01,1.095500000000000000e+04,6.376880603421915339e+02
3.860000000000000000e+02,1.360213793103448232e+01,1.094700000000000000e+04,6.495451888858322036e+02
3.870000000000000000e+02,1.363717241379310252e+01,1.096300000000000000e+04,6.066578915538814272e+02
3.880000000000000000e+02,1.367220689655172272e+01,1.099500000000000000e+04,5.798377985270797126e+02
3.890000000000000000e+02,1.370724137931034470e+01,1.097900000000000000e+04,5.383189728877812286e+02
3.900000000000000000e+02,1.374227586206896490e+01,1.105100000000000000e+04,6.125557799683315352e+02
3.910000000000000000e+02,1.377731034482758510e+01,1.125100000000000000e+04,6.016817097253713200e+02
3.920000000000000000e+02,1.381234482758620530e+01,1.112300000000000000e+04,6.605745724569337654e+02
3.930000000000000000e+02,1.384737931034482550e+01,1.121900000000000000e+04,6.827779019335706607e+02
3.940000000000000000e+02,1.388241379310344747e+01,1.121900000000000000e+04,6.915400665372120557e+02
3.950000000000000000e+02,1.391744827586206767e+01,1.123500000000000000e+04,7.613373196054185428e+02
3.960000000000000000e+02,1.395248275862068787e+01,1.100300000000000000e+04,7.612739422882397093e+02
3.970000000000000000e+02,1.398751724137930808e+01,1.100300000000000000e+04,7.042118174024299151e+02
3.980000000000000000e+02,1.402255172413792828e+01,1.082600000000000000e+04,7.871079640133249313e+02
3.990000000000000000e+02,1.405758620689655203e+01,1.080200000000000000e+04,7.076718954612579182e+02
4.000000000000000000e+02,1.409262068965517223e+01,1.065000000000000000e+04,6.140622372663383430e+02
4.010000000000000000e+02,1.412765517241379243e+01,1.054600000000000000e+04,5.415814963718033823e+02
4.020000000000000000e+02,1.416268965517241263e+01,1.048200000000000000e+04,5.063989547004852625e+02
4.030000000000000000e+02,1.419772413793103283e+01,1.046600000000000000e+04,5.408357762654703720e+02
4.040000000000000000e+02,1.423275862068965480e+01,1.038600000000000000e+04,5.333443899767324865e+02
4.050000000000000000e+02,1.426779310344827501e+01,1.035400000000000000e+04,5.243057110844391673e+02
4.060000000000000000e+02,1.430282758620689521e+01,1.040200000000000000e+04,5.441443322654670283e+02
4.070000000000000000e+02,1.433786206896551541e+01,1.033800000000000000e+04,5.058687407415695816e+02
4.080000000000000000e+02,1.437289655172413561e+01,1.032200000000000000e+04,5.585382191102592060e+02
4.090000000000000000e+02,1.440793103448275936e+01,1.025800000000000000e+04,5.465863859055257308e+02
4.100000000000000000e+02,1.444296551724137956e+01,1.027400000000000000e+04,5.320422522200410640e+02
4.110000000000000000e+02,1.447799999999999976e+01,1.025800000000000000e+04,5.034084591283823329e+02
4.120000000000000000e+02,1.451303448275861996e+01,1.022600000000000000e+04,5.389769268821901278e+02
4.130000000000000000e+02,1.454806896551724016e+01,1.025800000000000000e+04,5.623258490543122434e+02
4.140000000000000000e+02,1.458310344827586214e+01,1.019400000000000000e+04,4.986524614094952312e+02
4.150000000000000000e+02,1.461813793103448234e+01,1.017800000000000000e+04,5.456186635509325242e+02
4.160000000000000000e+02,1.465317241379310254e+01,1.019400000000000000e+04,5.085247541771551028e+02
4.170000000000000000e+02,1.468820689655172274e+01,1.023400000000000000e+04,5.130715561072138371e+02
4.180000000000000000e+02,1.472324137931034294e+01,1.019400000000000000e+04,5.044626106593007648e+02
4.190000000000000000e+02,1.475827586206896491e+01,1.014600000000000000e+04,4.930853709518476649e+02
4.200000000000000000e+02,1.479331034482758511e+01,1.005000000000000000e+04,4.846344296945551946e+02
4.210000000000000000e+02,1.482834482758620531e+01,1.003400000000000000e+04,4.457713269185780405e+02
4.220000000000000000e+02,1.486337931034482551e+01,1.001800000000000000e+04,4.905963481570214526e+02
4.230000000000000000e+02,1.489841379310344571e+01,1.001800000000000000e+04,4.666402005243654685e+02
4.240000000000000000e+02,1.493344827586206947e+01,9.954000000000000000e+03,4.944771483704819275e+02
4.250000000000000000e+02,1.496848275862068967e+01,9.914000000000000000e+03,4.846751042507784746e+02
4.260000000000000000e+02,1.500351724137930987e+01,9.922000000000000000e+03,5.473922354449538261e+02
4.270000000000000000e+02,1.503855172413793007e+01,9.938000000000000000e+03,5.004045257256863124e+02
4.280000000000000000e+02,1.507358620689655027e+01,9.922000000000000000e+03,5.096429508678677962e+02
4.290000000000000000e+02,1.510862068965517224e+01,9.922000000000000000e+03,5.248885336168524418e+02
4.300000000000000000e+02,1.514365517241379244e+01,9.914000000000000000e+03,6.345405950263301520e+02
4.310000000000000000e+02,1.517868965517241264e+01,9.906000000000000000e+03,6.373558717333045252e+02
4.320000000000000000e+02,1.521372413793103284e+01,9.882000000000000000e+03,6.466035325727583540e+02
4.330000000000000000e+02,1.524875862068965304e+01,9.890000000000000000e+03,6.773258765619794985e+02
4.340000000000000000e+02,1.528379310344827502e+01,9.906000000000000000e+03,5.862938684943542285e+02
4.350000000000000000e+02,1.531882758620689522e+01,9.842000000000000000e+03,6.660671719286194730e+02
4.360000000000000000e+02,1.535386206896551542e+01,9.874000000000000000e+03,6.705554587999140495e+02
4.370000000000000000e+02,1.538889655172413562e+01,9.866000000000000000e+03,6.820723488876151350e+02
4.380000000000000000e+02,1.542393103448275582e+01,9.890000000000000000e+03,6.668897913601749678e+02
4.390000000000000000e+02,1.545896551724137957e+01,9.882000000000000000e+03,7.772127847520655450e+02
4.400000000000000000e+02,1.549399999999999977e+01,9.890000000000000000e+03,7.811880344914859506e+02
4.410000000000000000e+02,1.552903448275861997e+01,9.858000000000000000e+03,8.588908928416404933e+02
4.420000000000000000e+02,1.556406896551724017e+01,9.922000000000000000e+03,8.418469145402794993e+02
4.430000000000000000e+02,1.559910344827586037e+01,9.866000000000000000e+03,8.816829481272634439e+02
4.440000000000000000e+02,1.563413793103448235e+01,9.922000000000000000e+03,8.807124112684670081e+02
4.450000000000000000e+02,1.566917241379310255e+01,9.914000000000000000e+03,9.317485873617196148e+02
4.460000000000000000e+02,1.570420689655172275e+01,9.842000000000000000e+03,9.250992956885050944e+02
4.470000000000000000e+02,1.573924137931034295e+01,9.826000000000000000e+03,9.515569156795926347e+02
4.480000000000000000e+02,1.577427586206896315e+01,9.826000000000000000e+03,9.917920622337643408e+02
4.490000000000000000e+02,1.580931034482758690e+01,9.874000000000000000e+03,9.822060612370256649e+02
4.500000000000000000e+02,1.584434482758620710e+01,9.858000000000000000e+03,1.000828069840161106e+03
4.510000000000000000e+02,1.587937931034482730e+01,9.874000000000000000e+03,9.492427846310064297e+02
4.520000000000000000e+02,1.591441379310344750e+01,9.898000000000000000e+03,1.046611872292264934e+03
4.530000000000000000e+02,1.594944827586206770e+01,1.006600000000000000e+04,1.004014128244121935e+03
4.540000000000000000e+02,1.598448275862068968e+01,1.001800000000000000e+04,1.052388535564140284e+03
4.550000000000000000e+02,1.601951724137930810e+01,1.011400000000000000e+04,1.029731975316717808e+03
4.560000000000000000e+02,1.605455172413793008e+01,1.023400000000000000e+04,9.987157886461283169e+02
4.570000000000000000e+02,1.608958620689654850e+01,1.027400000000000000e+04,1.068672222742196482e+03
4.580000000000000000e+02,1.612462068965517048e+01,1.049800000000000000e+04,9.634556984463914660e+02
4.590000000000000000e+02,1.615965517241379246e+01,1.049000000000000000e+04,9.302651644310834627e+02
4.600000000000000000e+02,1.619468965517241443e+01,1.068200000000000000e+04,8.661853085820654314e+02
4.610000000000000000e+02,1.622972413793103286e+01,1.071400000000000000e+04,7.550140906981208673e+02
4.620000000000000000e+02,1.626475862068965483e+01,1.078600000000000000e+04,6.834475671775613819e+02
4.630000000000000000e+02,1.629979310344827326e+01,1.077000000000000000e+04,6.611650018729303611e+02
4.640000000000000000e+02,1.633482758620689523e+01,1.081800000000000000e+04,6.366212267757892960e+02
4.650000000000000000e+02,1.636986206896551721e+01,1.081000000000000000e+04,7.468396323238343939e+02
4.660000000000000000e+02,1.640489655172413563e+01,1.088200000000000000e+04,7.412992089230242527e+02
4.670000000000000000e+02,1.643993103448275761e+01,1.079400000000000000e+04,7.844845542088552293e+02
4.680000000000000000e+02,1.647496551724137603e+01,1.060200000000000000e+04,8.878867197257334283e+02
4.690000000000000000e+02,1.651000000000000156e+01,1.035400000000000000e+04,8.810974715929145304e+02
4.700000000000000000e+02,1.654503448275861999e+01,1.033000000000000000e+04,9.411895121731130303e+02
4.710000000000000000e+02,1.658006896551724196e+01,1.024200000000000000e+04,9.333422744597264682e+02
4.720000000000000000e+02,1.661510344827586039e+01,1.022600000000000000e+04,1.673299046285694658e+03
4.730000000000000000e+02,1.665013793103448236e+01,1.027400000000000000e+04,2.507050123201755014e+03
4.740000000000000000e+02,1.668517241379310434e+01,1.032200000000000000e+04,4.586644391044108488e+03
4.750000000000000000e+02,1.672020689655172276e+01,1.029000000000000000e+04,5.973294057203574084e+03
4.760000000000000000e+02,1.675524137931034474e+01,1.021000000000000000e+04,6.985397630681966803e+03
4.770000000000000000e+02,1.679027586206896316e+01,1.022600000000000000e+04,7.696271693809500903e+03
4.780000000000000000e+02,1.682531034482758514e+01,1.025800000000000000e+04,8.253233439109699248e+03
4.790000000000000000e+02,1.686034482758620712e+01,1.022600000000000000e+04,8.943744295861268256e+03
4.800000000000000000e+02,1.689537931034482554e+01,1.030600000000000000e+04,9.727636326609352182e+03
4.810000000000000000e+02,1.693041379310344752e+01,1.033800000000000000e+04,9.354220213115435399e+03
4.820000000000000000e+02,1.696544827586206594e+01,1.029000000000000000e+04,1.015365852682481818e+04
4.830000000000000000e+02,1.700048275862068792e+01,1.025800000000000000e+04,1.068236424911261747e+04
4.840000000000000000e+02,1.703551724137930989e+01,1.024200000000000000e+04,1.093341323777405523e+04
4.850000000000000000e+02,1.707055172413793187e+01,1.036200000000000000e+04,1.159115351611386541e+04
4.860000000000000000e+02,1.710558620689655029e+01,1.028200000000000000e+04,1.120437595105102446e+04
4.870000000000000000e+02,1.714062068965517227e+01,1.031400000000000000e+04,1.205215219706813514e+04
4.880000000000000000e+02,1.717565517241379069e+01,1.035400000000000000e+04,1.289325207674850935e+04
4.890000000000000000e+02,1.721068965517241267e+01,1.032200000000000000e+04,1.251951014273101100e+04
4.900000000000000000e+02,1.724572413793103465e+01,1.045000000000000000e+04,1.281041515004615212e+04
4.910000000000000000e+02,1.728075862068965307e+01,1.043400000000000000e+04,1.318526372045317294e+04
4.920000000000000000e+02,1.731579310344827505e+01,1.037000000000000000e+04,1.413709190877530091e+04
4.930000000000000000e+02,1.735082758620689347e+01,1.045000000000000000e+04,1.482215983929644790e+04
4.940000000000000000e+02,1.738586206896551900e+01,1.049000000000000000e+04,1.514578266610144419e+04
4.950000000000000000e+02,1.742089655172413742e+01,1.048200000000000000e+04,1.552679099561541625e+04
4.960000000000000000e+02,1.745593103448275585e+01,1.057800000000000000e+04,1.678475470599626351e+04
4.970000000000000000e+02,1.749096551724137782e+01,1.064200000000000000e+04,1.697080301706290993e+04
4.980000000000000000e+02,1.752599999999999625e+01,1.065000000000000000e+04,1.785274146266058597e+04
4.990000000000000000e+02,1.756103448275862178e+01,1.073000000000000000e+04,1.787744786750067215e+04
5.000000000000000000e+02,1.759606896551724020e+01,1.072200000000000000e+04,1.741641628843820581e+04
5.010000000000000000e+02,1.763110344827586218e+01,1.067400000000000000e+04,1.726873041672033287e+04
5.020000000000000000e+02,1.766613793103448060e+01,1.080200000000000000e+04,1.717533982195863791e+04
5.030000000000000000e+02,1.770117241379310258e+01,1.087400000000000000e+04,1.745043801027393420e+04
5.040000000000000000e+02,1.773620689655172455e+01,1.098700000000000000e+04,1.771665800795010728e+04
5.050000000000000000e+02,1.777124137931034298e+01,1.101100000000000000e+04,1.737397639545062702e+04
5.060000000000000000e+02,1.780627586206896495e+01,1.093900000000000000e+04,1.802519767776748995e+04
5.070000000000000000e+02,1.784131034482758338e+01,1.109100000000000000e+04,1.820815131376700811e+04
5.080000000000000000e+02,1.787634482758620535e+01,1.097900000000000000e+04,1.845561845370210358e+04
5.090000000000000000e+02,1.791137931034482733e+01,1.090600000000000000e+04,1.835359220578251916e+04
5.100000000000000000e+02,1.794641379310344931e+01,1.090600000000000000e+04,1.800036243195540374e+04
5.110000000000000000e+02,1.798144827586206773e+01,1.094700000000000000e+04,1.811115394443594050e+04
5.120000000000000000e+02,1.801648275862068971e+01,1.102700000000000000e+04,1.808873493548543047e+04
5.130000000000000000e+02,1.805151724137930813e+01,1.093100000000000000e+04,1.782070563224470243e+04
5.140000000000000000e+02,1.808655172413793011e+01,1.096300000000000000e+04,1.728569109550190115e+04
5.150000000000000000e+02,1.812158620689655208e+01,1.100300000000000000e+04,1.653418101765918618e+04
5.160000000000000000e+02,1.815662068965517051e+01,1.092250000000000000e+04,1.603259299901185295e+04
5.170000000000000000e+02,1.819165517241379249e+01,1.113900000000000000e+04,1.609480374827780543e+04
5.180000000000000000e+02,1.822668965517241091e+01,1.109900000000000000e+04,1.572816115461146001e+04
5.190000000000000000e+02,1.826172413793103289e+01,1.101100000000000000e+04,1.588024095116111675e+04
5.200000000000000000e+02,1.829675862068965486e+01,1.107500000000000000e+04,1.577443837587431881e+04
5.210000000000000000e+02,1.833179310344827329e+01,1.122700000000000000e+04,1.509124831228941548e+04
5.220000000000000000e+02,1.836682758620689526e+01,1.105100000000000000e+04,1.510825039990670848e+04
5.230000000000000000e+02,1.840186206896551369e+01,1.110700000000000000e+04,1.563862627579590844e+04
5.240000000000000000e+02,1.843689655172413921e+01,1.109100000000000000e+04,1.625206422137788104e+04
5.250000000000000000e+02,1.847193103448275764e+01,1.121900000000000000e+04,1.588023202591253175e+04
5.260000000000000000e+02,1.850696551724137962e+01,1.126700000000000000e+04,1.598087586301097690e+04
5.270000000000000000e+02,1.854199999999999804e+01,1.111500000000000000e+04,1.631415243228953113e+04
5.280000000000000000e+02,1.857703448275862002e+01,1.133900000000000000e+04,1.678420934540566304e+04
5.290000000000000000e+02,1.861206896551724199e+01,1.134700000000000000e+04,1.704854477891737042e+04
5.300000000000000000e+02,1.864710344827586042e+01,1.129900000000000000e+04,1.718780432965692671e+04
5.310000000000000000e+02,1.868213793103448239e+01,1.129900000000000000e+04,1.669829803454716966e+04
5.320000000000000000e+02,1.871717241379310082e+01,1.122700000000000000e+04,1.614513332535671907e+04
5.330000000000000000e+02,1.875220689655172279e+01,1.150700000000000000e+04,1.623042389451864256e+04
5.340000000000000000e+02,1.878724137931034477e+01,1.152300000000000000e+04,1.590598759307545879e+04
5.350000000000000000e+02,1.882227586206896675e+01,1.149100000000000000e+04,1.585497785153118457e+04
5.360000000000000000e+02,1.885731034482758517e+01,1.149900000000000000e+04,1.583435531883064868e+04
5.370000000000000000e+02,1.889234482758620715e+01,1.161900000000000000e+04,1.524326491746451757e+04
5.380000000000000000e+02,1.892737931034482557e+01,1.175500000000000000e+04,1.560335428322584812e+04
5.390000000000000000e+02,1.896241379310344755e+01,1.181900000000000000e+04,1.622664876316486880e+04
5.400000000000000000e+02,1.899744827586206952e+01,1.197900000000000000e+04,1.648071547593742071e+04
5.410000000000000000e+02,1.903248275862068795e+01,1.181100000000000000e+04,1.686196380218664490e+04
5.420000000000000000e+02,1.906751724137930992e+01,1.205100000000000000e+04,1.720618201094096730e+04
5.430000000000000000e+02,1.910255172413792835e+01,1.181900000000000000e+04,1.702949344502908934e+04
5.440000000000000000e+02,1.913758620689655032e+01,1.189900000000000000e+04,1.686474798604354146e+04
5.450000000000000000e+02,1.917262068965517230e+01,1.199500000000000000e+04,1.732558651689178441e+04
5.460000000000000000e+02,1.920765517241379072e+01,1.213100000000000000e+04,1.784570367457855536e+04
5.470000000000000000e+02,1.924268965517241270e+01,1.248300000000000000e+04,1.776501931541212252e+04
5.480000000000000000e+02,1.927772413793103112e+01,1.216300000000000000e+04,1.775380281282125725e+04
5.490000000000000000e+02,1.931275862068965665e+01,1.261900000000000000e+04,1.850245847548532038e+04
5.500000000000000000e+02,1.934779310344827508e+01,1.393900000000000000e+04,1.870793964411747947e+04
5.510000000000000000e+02,1.938282758620689705e+01,2.584600000000000000e+04,1.850844370508490101e+04
5.520000000000000000e+02,1.941786206896551548e+01,3.040700000000000000e+04,1.672756929438510269e+04
5.530000000000000000e+02,1.945289655172413745e+01,2.987100000000000000e+04,1.615648053228679964e+04
5.540000000000000000e+02,1.948793103448275943e+01,3.167900000000000000e+04,1.626556279200177414e+04
5.550000000000000000e+02,1.952296551724137785e+01,3.348800000000000000e+04,1.593059937193169753e+04
5.560000000000000000e+02,1.955799999999999983e+01,3.325600000000000000e+04,1.440791758161622420e+04
5.570000000000000000e+02,1.959303448275861825e+01,3.392000000000000000e+04,1.369030960833382414e+04
5.580000000000000000e+02,1.962806896551724023e+01,3.619200000000000000e+04,1.377642380367259284e+04
5.590000000000000000e+02,1.966310344827586221e+01,3.428800000000000000e+04,1.470359247695965314e+04
5.600000000000000000e+02,1.969813793103448063e+01,3.338400000000000000e+04,1.626526774829900387e+04
5.610000000000000000e+02,1.973317241379310261e+01,3.531200000000000000e+04,1.718703869793548438e+04
5.620000000000000000e+02,1.976820689655172103e+01,3.840100000000000000e+04,1.742324441509738608e+04
5.630000000000000000e+02,1.980324137931034301e+01,3.584000000000000000e+04,1.751614901232564807e+04
5.640000000000000000e+02,1.983827586206896498e+01,3.515200000000000000e+04,1.754763894421663281e+04
5.650000000000000000e+02,1.987331034482758696e+01,3.630400000000000000e+04,1.760100270612293389e+04
5.660000000000000000e+02,1.990834482758620538e+01,3.653600000000000000e+04,1.748147919350445954e+04
5.670000000000000000e+02,1.994337931034482736e+01,4.091300000000000000e+04,1.749589631290343459e+04
5.680000000000000000e+02,1.997841379310344578e+01,4.036100000000000000e+04,1.769020402508902407e+04
5.690000000000000000e+02,2.001344827586206776e+01,3.944900000000000000e+04,1.712822711391136181e+04
5.700000000000000000e+02,2.004848275862068974e+01,3.934500000000000000e+04,1.674051460538723768e+04
5.710000000000000000e+02,2.008351724137930816e+01,3.924900000000000000e+04,1.632046952866931861e+04
5.720000000000000000e+02,2.011855172413793014e+01,4.072900000000000000e+04,1.607922456410400810e+04
5.730000000000000000e+02,2.015358620689654856e+01,3.973700000000000000e+04,1.610438116860908849e+04
5.740000000000000000e+02,2.018862068965517409e+01,3.901700000000000000e+04,1.548467921818501054e+04
5.750000000000000000e+02,2.022365517241379251e+01,4.002500000000000000e+04,1.503552328158385717e+04
5.760000000000000000e+02,2.025868965517241449e+01,4.050500000000000000e+04,1.450856976957727966e+04
5.770000000000000000e+02,2.029372413793103291e+01,4.232200000000000000e+04,1.435697920511301527e+04
5.780000000000000000e+02,2.032875862068965489e+01,4.061700000000000000e+04,1.406562404932952086e+04
5.790000000000000000e+02,2.036379310344827687e+01,4.084900000000000000e+04,1.330373131322001427e+04
5.800000000000000000e+02,2.039882758620689529e+01,4.087300000000000000e+04,1.262869204640528187e+04
5.810000000000000000e+02,2.043386206896551727e+01,4.196200000000000000e+04,1.270991656211498957e+04
5.820000000000000000e+02,2.046889655172413569e+01,4.234600000000000000e+04,1.033911225363323501e+04
5.830000000000000000e+02,2.050393103448275767e+01,4.175400000000000000e+04,9.861090775911168748e+03
5.840000000000000000e+02,2.053896551724137964e+01,4.054500000000000000e+04,1.019643803306752852e+04
5.850000000000000000e+02,2.057399999999999807e+01,3.935300000000000000e+04,1.117355194863201177e+04
5.860000000000000000e+02,2.060903448275862004e+01,3.956100000000000000e+04,1.177372514169235910e+04
5.870000000000000000e+02,2.064406896551723847e+01,3.940100000000000000e+04,1.220913355062980372e+04
5.880000000000000000e+02,2.067910344827586044e+01,3.806500000000000000e+04,1.228213815597200846e+04
5.890000000000000000e+02,2.071413793103448242e+01,3.739300000000000000e+04,1.179428366945417110e+04
5.900000000000000000e+02,2.074917241379310440e+01,3.728900000000000000e+04,1.122457087423509256e+04
5.910000000000000000e+02,2.078420689655172282e+01,3.667200000000000000e+04,1.151446176276017650e+04
5.920000000000000000e+02,2.081924137931034480e+01,3.654400000000000000e+04,1.064865375045812289e+04
5.930000000000000000e+02,2.085427586206896322e+01,3.492800000000000000e+04,1.027489988608552449e+04
5.940000000000000000e+02,2.088931034482758520e+01,3.433600000000000000e+04,9.417057157224147886e+03
5.950000000000000000e+02,2.092434482758620717e+01,3.425600000000000000e+04,9.588067483188169717e+03
5.960000000000000000e+02,2.095937931034482560e+01,3.548000000000000000e+04,9.005134218979736033e+03
5.970000000000000000e+02,2.099441379310344757e+01,3.572800000000000000e+04,8.151340326177975840e+03
5.980000000000000000e+02,2.102944827586206600e+01,3.512000000000000000e+04,7.868999824761967830e+03
5.990000000000000000e+02,2.106448275862068797e+01,3.403200000000000000e+04,7.352469466596437087e+03
6.000000000000000000e+02,2.109951724137930995e+01,3.474400000000000000e+04,7.157262454625693863e+03
6.010000000000000000e+02,2.113455172413792837e+01,3.450400000000000000e+04,7.146484534198333677e+03
6.020000000000000000e+02,2.116958620689655035e+01,3.390400000000000000e+04,7.330216231701185279e+03
6.030000000000000000e+02,2.120462068965516877e+01,3.357600000000000000e+04,7.065145866648061201e+03
6.040000000000000000e+02,2.123965517241379430e+01,3.391200000000000000e+04,7.288795047534771584e+03
6.050000000000000000e+02,2.127468965517241273e+01,3.413600000000000000e+04,7.789873896772108310e+03
6.060000000000000000e+02,2.130972413793103470e+01,3.457600000000000000e+04,7.900428551026751848e+03
6.070000000000000000e+02,2.134475862068965313e+01,3.603200000000000000e+04,7.890928847163863793e+03
6.080000000000000000e+02,2.137979310344827510e+01,3.577600000000000000e+04,7.925482031707553688e+03
6.090000000000000000e+02,2.141482758620689708e+01,3.690400000000000000e+04,7.542834276426829092e+03
6.100000000000000000e+02,2.144986206896551550e+01,3.717700000000000000e+04,7.321588269334027245e+03
6.110000000000000000e+02,2.148489655172413748e+01,3.765700000000000000e+04,6.929571320860767628e+03
6.120000000000000000e+02,2.151993103448275590e+01,3.788100000000000000e+04,7.102461246660546749e+03
6.130000000000000000e+02,2.155496551724137788e+01,3.898500000000000000e+04,7.325035925490613408e+03
6.140000000000000000e+02,2.158999999999999986e+01,3.865700000000000000e+04,7.879641846251581228e+03
6.150000000000000000e+02,2.162503448275862183e+01,4.014500000000000000e+04,8.128063543720377311e+03
6.160000000000000000e+02,2.166006896551724026e+01,3.982500000000000000e+04,8.625511383858447516e+03
6.170000000000000000e+02,2.169510344827586223e+01,4.097700000000000000e+04,8.697252381225967838e+03
6.180000000000000000e+02,2.173013793103448066e+01,4.062500000000000000e+04,9.736418691056869648e+03
6.190000000000000000e+02,2.176517241379310263e+01,4.007300000000000000e+04,1.008454809246799960e+04
6.200000000000000000e+02,2.180020689655172461e+01,3.820100000000000000e+04,1.003707647743826965e+04
6.210000000000000000e+02,2.183524137931034304e+01,3.864100000000000000e+04,1.038590168917470692e+04
6.220000000000000000e+02,2.187027586206896501e+01,3.856100000000000000e+04,9.833741958862143292e+03
6.230000000000000000e+02,2.190531034482758344e+01,3.837700000000000000e+04,1.056941917285952150e+04
6.240000000000000000e+02,2.194034482758620541e+01,3.755300000000000000e+04,1.036579793118861016e+04
6.250000000000000000e+02,2.197537931034482739e+01,3.872900000000000000e+04,9.815360486783494707e+03
6.260000000000000000e+02,2.201041379310344581e+01,3.775300000000000000e+04,9.684249012005613622e+03
6.270000000000000000e+02,2.204544827586206779e+01,3.697600000000000000e+04,9.796088185749737022e+03
6.280000000000000000e+02,2.208048275862068621e+01,3.748900000000000000e+04,1.025705196766395056e+04
6.290000000000000000e+02,2.211551724137931174e+01,3.810500000000000000e+04,9.677804477937455886e+03
6.300000000000000000e+02,2.215055172413793017e+01,3.846500000000000000e+04,9.566248665960807557e+03
6.310000000000000000e+02,2.218558620689655214e+01,3.880100000000000000e+04,9.629504870849545114e+03
6.320000000000000000e+02,2.222062068965517057e+01,3.892100000000000000e+04,9.132654030491672529e+03
6.330000000000000000e+02,2.225565517241379254e+01,3.920100000000000000e+04,9.572710206257532263e+03
6.340000000000000000e+02,2.229068965517241452e+01,3.834500000000000000e+04,9.110329236722509449e+03
6.350000000000000000e+02,2.232572413793103294e+01,3.882500000000000000e+04,9.313197829219874620e+03
6.360000000000000000e+02,2.236075862068965492e+01,3.899300000000000000e+04,8.580292204697858324e+03
6.370000000000000000e+02,2.239579310344827334e+01,3.884100000000000000e+04,8.527984166975587868e+03
6.380000000000000000e+02,2.243082758620689532e+01,4.021700000000000000e+04,8.204343931207358764e+03
6.390000000000000000e+02,2.246586206896551374e+01,3.941700000000000000e+04,8.361786276806569731e+03
6.400000000000000000e+02,2.250089655172413572e+01,3.889700000000000000e+04,8.907463478021441915e+03
6.410000000000000000e+02,2.253593103448275770e+01,3.904900000000000000e+04,8.921701377805879019e+03
6.420000000000000000e+02,2.257096551724137612e+01,3.832900000000000000e+04,8.567007143410783101e+03
6.430000000000000000e+02,2.260599999999999810e+01,4.023300000000000000e+04,9.056599779943739122e+03
6.440000000000000000e+02,2.264103448275862007e+01,3.804900000000000000e+04,8.581274066722107818e+03
6.450000000000000000e+02,2.267606896551723850e+01,3.840100000000000000e+04,9.015075548752454779e+03
6.460000000000000000e+02,2.271110344827586047e+01,3.850500000000000000e+04,9.061578517046587876e+03
6.470000000000000000e+02,2.274613793103448245e+01,3.790500000000000000e+04,9.374246509472717662e+03
6.480000000000000000e+02,2.278117241379310087e+01,3.731300000000000000e+04,9.836426581518968305e+03
6.490000000000000000e+02,2.281620689655172285e+01,3.824100000000000000e+04,9.568527754419983467e+03
6.500000000000000000e+02,2.285124137931034127e+01,3.869700000000000000e+04,8.996054439520918095e+03
6.510000000000000000e+02,2.288627586206896325e+01,3.940100000000000000e+04,8.608479786802457966e+03
6.520000000000000000e+02,2.292131034482758878e+01,3.878500000000000000e+04,8.869339940542331533e+03
6.530000000000000000e+02,2.295634482758620365e+01,3.983300000000000000e+04,8.866325429607288243e+03
6.540000000000000000e+02,2.299137931034482918e+01,4.027300000000000000e+04,8.495727822776692847e+03
6.550000000000000000e+02,2.302641379310344405e+01,4.204200000000000000e+04,8.366285101238923744e+03
6.560000000000000000e+02,2.306144827586206958e+01,4.229000000000000000e+04,8.004269085786142568e+03
6.570000000000000000e+02,2.309648275862069156e+01,4.472200000000000000e+04,7.102348334999644976e+03
6.580000000000000000e+02,2.313151724137930998e+01,4.546600000000000000e+04,6.865332371609731126e+03
6.590000000000000000e+02,2.316655172413793196e+01,4.578600000000000000e+04,7.191858120057141605e+03
6.600000000000000000e+02,2.320158620689655038e+01,4.516200000000000000e+04,7.486087495605040203e+03
6.610000000000000000e+02,2.323662068965517236e+01,4.591450000000000000e+04,7.020472322343283849e+03
6.620000000000000000e+02,2.327165517241379433e+01,4.696300000000000000e+04,7.786598498145359372e+03
6.630000000000000000e+02,2.330668965517241276e+01,4.743500000000000000e+04,7.623575207220495031e+03
6.640000000000000000e+02,2.334172413793103473e+01,4.696300000000000000e+04,7.934324249219412195e+03
6.650000000000000000e+02,2.337675862068965316e+01,4.823500000000000000e+04,7.449975361290552428e+03
6.660000000000000000e+02,2.341179310344827513e+01,4.782700000000000000e+04,7.166102032612977382e+03
6.670000000000000000e+02,2.344682758620689711e+01,4.830700000000000000e+04,6.794298099054821250e+03
6.680000000000000000e+02,2.348186206896551553e+01,4.767500000000000000e+04,7.105442908394124970e+03
6.690000000000000000e+02,2.351689655172413751e+01,4.807500000000000000e+04,7.217703625302854562e+03
6.700000000000000000e+02,2.355193103448275593e+01,4.789100000000000000e+04,7.394489823384383271e+03
6.710000000000000000e+02,2.358696551724137791e+01,4.801100000000000000e+04,7.143027065932789810e+03
6.720000000000000000e+02,2.362199999999999989e+01,4.847500000000000000e+04,7.541014529056306856e+03
6.730000000000000000e+02,2.365703448275861831e+01,4.850700000000000000e+04,7.588377329841127903e+03
6.740000000000000000e+02,2.369206896551724029e+01,4.770700000000000000e+04,7.193814273861802576e+03
6.750000000000000000e+02,2.372710344827585871e+01,4.859500000000000000e+04,7.301237045513275916e+03
6.760000000000000000e+02,2.376213793103448069e+01,4.877100000000000000e+04,7.481971597220703188e+03
6.770000000000000000e+02,2.379717241379310622e+01,4.878700000000000000e+04,7.215954003263757841e+03
6.780000000000000000e+02,2.383220689655172109e+01,4.875500000000000000e+04,7.498547956353880181e+03
6.790000000000000000e+02,2.386724137931034306e+01,4.859500000000000000e+04,7.610366851156928533e+03
6.800000000000000000e+02,2.390227586206896149e+01,4.841900000000000000e+04,7.505026615175421284e+03
6.810000000000000000e+02,2.393731034482758346e+01,4.813900000000000000e+04,7.495892659487731180e+03
6.820000000000000000e+02,2.397234482758620899e+01,4.828300000000000000e+04,7.420269970064317931e+03
6.830000000000000000e+02,2.400737931034482386e+01,4.820300000000000000e+04,7.482083043700158669e+03
6.840000000000000000e+02,2.404241379310344939e+01,4.820300000000000000e+04,7.327389062531985473e+03
6.850000000000000000e+02,2.407744827586206426e+01,4.819500000000000000e+04,7.253607445217901841e+03
6.860000000000000000e+02,2.411248275862068979e+01,4.856300000000000000e+04,7.313790936496434369e+03
6.870000000000000000e+02,2.414751724137931177e+01,4.844300000000000000e+04,7.259818585537514082e+03
6.880000000000000000e+02,2.418255172413793019e+01,4.865900000000000000e+04,7.257339268230854941e+03
6.890000000000000000e+02,2.421758620689655217e+01,4.881900000000000000e+04,7.151817069556950628e+03
6.900000000000000000e+02,2.425262068965517059e+01,4.877900000000000000e+04,7.065087885699634171e+03
6.910000000000000000e+02,2.428765517241379257e+01,4.885100000000000000e+04,7.192704398952196243e+03
6.920000000000000000e+02,2.432268965517241455e+01,4.895500000000000000e+04,7.045028115303392951e+03
6.930000000000000000e+02,2.435772413793103297e+01,4.863500000000000000e+04,7.092082879727379805e+03
6.940000000000000000e+02,2.439275862068965495e+01,4.880300000000000000e+04,6.998336083218548083e+03
6.950000000000000000e+02,2.442779310344827337e+01,4.906700000000000000e+04,6.923743028094334477e+03
6.960000000000000000e+02,2.446282758620689535e+01,4.877900000000000000e+04,6.864653889502256789e+03
6.970000000000000000e+02,2.449786206896551732e+01,4.893900000000000000e+04,6.758410307386912791e+03
6.980000000000000000e+02,2.453289655172413575e+01,4.939500000000000000e+04,6.944666653568929178e+03
6.990000000000000000e+02,2.456793103448275772e+01,4.945900000000000000e+04,7.335033892831185767e+03
7.000000000000000000e+02,2.460296551724137615e+01,4.901900000000000000e+04,7.092609045896396310e+03
7.010000000000000000e+02,2.463799999999999812e+01,4.917900000000000000e+04,7.222104715995126753e+03
7.020000000000000000e+02,2.467303448275862010e+01,4.865900000000000000e+04,7.075504259048294443e+03
7.030000000000000000e+02,2.470806896551723852e+01,4.912300000000000000e+04,7.164679958309689937e+03
7.040000000000000000e+02,2.474310344827586050e+01,4.907500000000000000e+04,7.251708230897955218e+03
7.050000000000000000e+02,2.477813793103447892e+01,4.904300000000000000e+04,7.160420923660922199e+03
7.060000000000000000e+02,2.481317241379310090e+01,4.958700000000000000e+04,7.069039486764883804e+03
7.070000000000000000e+02,2.484820689655172643e+01,4.936300000000000000e+04,7.242963355363425762e+03
7.080000000000000000e+02,2.488324137931034130e+01,4.924300000000000000e+04,7.151806201575300292e+03
7.090000000000000000e+02,2.491827586206896683e+01,4.972300000000000000e+04,7.254130700418278138e+03
7.100000000000000000e+02,2.495331034482758170e+01,4.948300000000000000e+04,7.224088722493310343e+03
7.110000000000000000e+02,2.498834482758620723e+01,4.956300000000000000e+04,7.201614189872467250e+03
7.120000000000000000e+02,2.502337931034482921e+01,4.957900000000000000e+04,7.119566353664949020e+03
7.130000000000000000e+02,2.505841379310344763e+01,4.845100000000000000e+04,7.407892335958094918e+03
7.140000000000000000e+02,2.509344827586206961e+01,4.913900000000000000e+04,7.426275526185251692e+03
7.150000000000000000e+02,2.512848275862068803e+01,4.913100000000000000e+04,7.389661375640247570e+03
7.160000000000000000e+02,2.516351724137931001e+01,5.013900000000000000e+04,7.636198041856171585e+03
7.170000000000000000e+02,2.519855172413793198e+01,4.947500000000000000e+04,7.615091381883713439e+03
7.180000000000000000e+02,2.523358620689655041e+01,4.937100000000000000e+04,7.643803223472742502e+03
7.190000000000000000e+02,2.526862068965517238e+01,4.897900000000000000e+04,7.476122314183269737e+03
7.200000000000000000e+02,2.530365517241379081e+01,4.869100000000000000e+04,7.533131022997788932e+03
7.210000000000000000e+02,2.533868965517241278e+01,4.855500000000000000e+04,8.032948312900693963e+03
7.220000000000000000e+02,2.537372413793103476e+01,4.923500000000000000e+04,7.629674155081053868e+03
7.230000000000000000e+02,2.540875862068965318e+01,4.887500000000000000e+04,7.608365476284456236e+03
7.240000000000000000e+02,2.544379310344827516e+01,4.896300000000000000e+04,7.471209858373817951e+03
7.250000000000000000e+02,2.547882758620689359e+01,4.916300000000000000e+04,7.506615285263746046e+03
7.260000000000000000e+02,2.551386206896551556e+01,4.904300000000000000e+04,7.157501633088502786e+03
7.270000000000000000e+02,2.554889655172413754e+01,4.908300000000000000e+04,7.358294968052399781e+03
7.280000000000000000e+02,2.558393103448275596e+01,4.854700000000000000e+04,7.160165841894348887e+03
7.290000000000000000e+02,2.561896551724137794e+01,4.906700000000000000e+04,7.166243409429790518e+03
7.300000000000000000e+02,2.565399999999999636e+01,4.919500000000000000e+04,7.036147911021129403e+03
7.310000000000000000e+02,2.568903448275861834e+01,4.885900000000000000e+04,6.834727595222485434e+03
7.320000000000000000e+02,2.572406896551724387e+01,4.879500000000000000e+04,6.994104622155246034e+03
7.330000000000000000e+02,2.575910344827585874e+01,4.858700000000000000e+04,6.937274956166334050e+03
7.340000000000000000e+02,2.579413793103448427e+01,4.921900000000000000e+04,6.999467577435309977e+03
7.350000000000000000e+02,2.582917241379309914e+01,4.904300000000000000e+04,7.168218257296501179e+03
7.360000000000000000e+02,2.586420689655172467e+01,4.816300000000000000e+04,7.044069168428960438e+03
7.370000000000000000e+02,2.589924137931034664e+01,4.949100000000000000e+04,6.815761921075601094e+03
7.380000000000000000e+02,2.593427586206896507e+01,4.899500000000000000e+04,6.637514734426704308e+03
7.390000000000000000e+02,2.596931034482758704e+01,4.929900000000000000e+04,6.694909121890876122e+03
7.400000000000000000e+02,2.600434482758620547e+01,4.909900000000000000e+04,6.863309605709785501e+03
7.410000000000000000e+02,2.603937931034482745e+01,4.919500000000000000e+04,6.735784279076137864e+03
7.420000000000000000e+02,2.607441379310344942e+01,4.960300000000000000e+04,6.332472255845110340e+03
7.430000000000000000e+02,2.610944827586206785e+01,4.911500000000000000e+04,6.180942070720046104e+03
7.440000000000000000e+02,2.614448275862068982e+01,4.937100000000000000e+04,6.158117158314537846e+03
7.450000000000000000e+02,2.617951724137930825e+01,4.982700000000000000e+04,6.136533251285239203e+03
7.460000000000000000e+02,2.621455172413793022e+01,4.969900000000000000e+04,6.294848942901842747e+03
7.470000000000000000e+02,2.624958620689655220e+01,4.964300000000000000e+04,6.146456966385630039e+03
7.480000000000000000e+02,2.628462068965517062e+01,4.996300000000000000e+04,6.754644077375827692e+03
7.490000000000000000e+02,2.631965517241379260e+01,4.999500000000000000e+04,6.556722871428723920e+03
7.500000000000000000e+02,2.635468965517241102e+01,5.003500000000000000e+04,6.494232803219530069e+03
7.510000000000000000e+02,2.638972413793103300e+01,5.018700000000000000e+04,6.458160477562326378e+03
7.520000000000000000e+02,2.642475862068965498e+01,5.018700000000000000e+04,6.308712058640760006e+03
7.530000000000000000e+02,2.645979310344827340e+01,5.047600000000000000e+04,6.513643489774614864e+03
7.540000000000000000e+02,2.649482758620689538e+01,5.055600000000000000e+04,6.135627953259921014e+03
7.550000000000000000e+02,2.652986206896551380e+01,5.013100000000000000e+04,5.912379211433911223e+03
7.560000000000000000e+02,2.656489655172413578e+01,4.984300000000000000e+04,5.817621426691534907e+03
7.570000000000000000e+02,2.659993103448276131e+01,5.067600000000000000e+04,5.581509722484170197e+03
7.580000000000000000e+02,2.663496551724137618e+01,5.031600000000000000e+04,5.955996609012346198e+03
7.590000000000000000e+02,2.667000000000000171e+01,5.079600000000000000e+04,5.785094372489221314e+03
7.600000000000000000e+02,2.670503448275861658e+01,5.109200000000000000e+04,5.555837956264879722e+03
7.610000000000000000e+02,2.674006896551724211e+01,5.114800000000000000e+04,5.702982233635960256e+03
7.620000000000000000e+02,2.677510344827586408e+01,5.085200000000000000e+04,5.219977875239009336e+03
7.630000000000000000e+02,2.681013793103448251e+01,5.091600000000000000e+04,4.926890352486662778e+03
7.640000000000000000e+02,2.684517241379310448e+01,5.152400000000000000e+04,4.809099591934769705e+03
7.650000000000000000e+02,2.688020689655171935e+01,5.094000000000000000e+04,4.906396728601488576e+03
7.660000000000000000e+02,2.691524137931034488e+01,5.102800000000000000e+04,4.775387873631840193e+03
7.670000000000000000e+02,2.695027586206895975e+01,5.098000000000000000e+04,4.147719824541180060e+03
7.680000000000000000e+02,2.698531034482758528e+01,5.130000000000000000e+04,4.492075362959590166e+03
7.690000000000000000e+02,2.702034482758620726e+01,5.156400000000000000e+04,4.606209561954709898e+03
7.700000000000000000e+02,2.705537931034482568e+01,5.098000000000000000e+04,4.931812069650923149e+03
7.710000000000000000e+02,2.709041379310344766e+01,5.138800000000000000e+04,4.790931402573835840e+03
7.720000000000000000e+02,2.712544827586206608e+01,5.085200000000000000e+04,4.599658200568944267e+03
7.730000000000000000e+02,2.716048275862068806e+01,5.142800000000000000e+04,4.456906746050824040e+03
7.740000000000000000e+02,2.719551724137931004e+01,5.103600000000000000e+04,4.246140225199954330e+03
7.750000000000000000e+02,2.723055172413792846e+01,5.136400000000000000e+04,3.981827597213051831e+03
7.760000000000000000e+02,2.726558620689655044e+01,5.172400000000000000e+04,3.944550674523457928e+03
7.770000000000000000e+02,2.730062068965516886e+01,5.134000000000000000e+04,4.062936789554937604e+03
7.780000000000000000e+02,2.733565517241379084e+01,5.128400000000000000e+04,4.131594900481687546e+03
7.790000000000000000e+02,2.737068965517241281e+01,5.112400000000000000e+04,5.378726958975116759e+03
7.800000000000000000e+02,2.740572413793103124e+01,5.175600000000000000e+04,3.785366181514823438e+03
7.810000000000000000e+02,2.744075862068965321e+01,5.138000000000000000e+04,3.868814330095604873e+03
7.820000000000000000e+02,2.747579310344827164e+01,5.174800000000000000e+04,4.242338632042414247e+03
7.830000000000000000e+02,2.751082758620689361e+01,5.169200000000000000e+04,4.191118221818650454e+03
7.840000000000000000e+02,2.754586206896551559e+01,5.202000000000000000e+04,4.090068309417513319e+03
7.850000000000000000e+02,2.758089655172413401e+01,5.207600000000000000e+04,4.341189530913352428e+03
7.860000000000000000e+02,2.761593103448275599e+01,5.206000000000000000e+04,4.310310464201612376e+03
7.870000000000000000e+02,2.765096551724137441e+01,5.226800000000000000e+04,4.215345846066194099e+03
7.880000000000000000e+02,2.768599999999999639e+01,5.240400000000000000e+04,4.370068617297688434e+03
7.890000000000000000e+02,2.772103448275862192e+01,5.211600000000000000e+04,4.254017197152406879e+03
7.900000000000000000e+02,2.775606896551723679e+01,5.235600000000000000e+04,4.560548417277829685e+03
7.910000000000000000e+02,2.779110344827586232e+01,5.210800000000000000e+04,5.105541120808912638e+03
7.920000000000000000e+02,2.782613793103447719e+01,5.277200000000000000e+04,5.237384929277253832e+03
7.930000000000000000e+02,2.786117241379310272e+01,5.253200000000000000e+04,5.156491160559196942e+03
7.940000000000000000e+02,2.789620689655172470e+01,5.229200000000000000e+04,4.516357950566358340e+03
7.950000000000000000e+02,2.793124137931034312e+01,5.210000000000000000e+04,4.450161196772230142e+03
7.960000000000000000e+02,2.796627586206896510e+01,5.178800000000000000e+04,4.275860425059541740e+03
7.970000000000000000e+02,2.800131034482758352e+01,5.204400000000000000e+04,4.922300233694207236e+03
7.980000000000000000e+02,2.803634482758620550e+01,5.191600000000000000e+04,4.836392860329001451e+03
7.990000000000000000e+02,2.807137931034482747e+01,5.202800000000000000e+04,4.505917197698583550e+03
8.000000000000000000e+02,2.810641379310344590e+01,5.217200000000000000e+04,4.384017936700440259e+03
8.010000000000000000e+02,2.814144827586206787e+01,5.144400000000000000e+04,4.620921001932069885e+03
8.020000000000000000e+02,2.817648275862068630e+01,5.148400000000000000e+04,5.158671708711311112e+03
8.030000000000000000e+02,2.821151724137930827e+01,5.148400000000000000e+04,4.962413015430613996e+03
8.040000000000000000e+02,2.824655172413793025e+01,5.095600000000000000e+04,5.630486591299060819e+03
8.050000000000000000e+02,2.828158620689654867e+01,5.116400000000000000e+04,5.555655791359422437e+03
8.060000000000000000e+02,2.831662068965517065e+01,5.158800000000000000e+04,5.536100045715950728e+03
8.070000000000000000e+02,2.835165517241378907e+01,5.118000000000000000e+04,5.581441409435503374e+03
8.080000000000000000e+02,2.838668965517241105e+01,5.142000000000000000e+04,5.207848843822225717e+03
8.090000000000000000e+02,2.842172413793103303e+01,5.101200000000000000e+04,5.436898158179705206e+03
8.100000000000000000e+02,2.845675862068965145e+01,5.154000000000000000e+04,5.156139263426027355e+03
8.110000000000000000e+02,2.849179310344827343e+01,5.086000000000000000e+04,5.676377253928570099e+03
8.120000000000000000e+02,2.852682758620689185e+01,5.128400000000000000e+04,5.626962964622838626e+03
8.130000000000000000e+02,2.856186206896551383e+01,5.114000000000000000e+04,5.870129708451522674e+03
8.140000000000000000e+02,2.859689655172413936e+01,5.047600000000000000e+04,5.889416801314443546e+03
8.150000000000000000e+02,2.863193103448275423e+01,5.051600000000000000e+04,5.963392609635362533e+03
8.160000000000000000e+02,2.866696551724137976e+01,5.027600000000000000e+04,6.158777066028127592e+03
8.170000000000000000e+02,2.870199999999999463e+01,5.026750000000000000e+04,6.097839974963673740e+03
8.180000000000000000e+02,2.873703448275862016e+01,4.991500000000000000e+04,6.126934851216097741e+03
8.190000000000000000e+02,2.877206896551724213e+01,4.952300000000000000e+04,6.242217886690265004e+03
8.200000000000000000e+02,2.880710344827586056e+01,4.970700000000000000e+04,5.835800126705464208e+03
8.210000000000000000e+02,2.884213793103448253e+01,4.997900000000000000e+04,7.707115276375263420e+03
8.220000000000000000e+02,2.887717241379310096e+01,5.018700000000000000e+04,6.671218777744642466e+03
8.230000000000000000e+02,2.891220689655172293e+01,5.009900000000000000e+04,6.522851420588599467e+03
8.240000000000000000e+02,2.894724137931034491e+01,4.953100000000000000e+04,6.823841922590314425e+03
8.250000000000000000e+02,2.898227586206896333e+01,4.993900000000000000e+04,6.948939719686239187e+03
8.260000000000000000e+02,2.901731034482758531e+01,4.975500000000000000e+04,7.052584962146457656e+03
8.270000000000000000e+02,2.905234482758620373e+01,4.949900000000000000e+04,7.936162749940366666e+03
8.280000000000000000e+02,2.908737931034482571e+01,4.964300000000000000e+04,8.069137916293028866e+03
8.290000000000000000e+02,2.912241379310344769e+01,4.935500000000000000e+04,7.407577826486991398e+03
8.300000000000000000e+02,2.915744827586206611e+01,4.999500000000000000e+04,7.313261089259896835e+03
8.310000000000000000e+02,2.919248275862068809e+01,5.003500000000000000e+04,7.182415236137062493e+03
8.320000000000000000e+02,2.922751724137930651e+01,4.926700000000000000e+04,7.850026582969548144e+03
8.330000000000000000e+02,2.926255172413792849e+01,4.941100000000000000e+04,7.598202425939457498e+03
8.340000000000000000e+02,2.929758620689655046e+01,4.924300000000000000e+04,7.699323081004155938e+03
8.350000000000000000e+02,2.933262068965516889e+01,4.969100000000000000e+04,7.813271200134579885e+03
8.360000000000000000e+02,2.936765517241379086e+01,4.953100000000000000e+04,7.774042388918286633e+03
8.370000000000000000e+02,2.940268965517240929e+01,4.928300000000000000e+04,7.571205420035489624e+03
8.380000000000000000e+02,2.943772413793103127e+01,4.937900000000000000e+04,7.878991452660764480e+03
8.390000000000000000e+02,2.947275862068965679e+01,4.964300000000000000e+04,7.943846801015884921e+03
8.400000000000000000e+02,2.950779310344827167e+01,4.921900000000000000e+04,7.795122590524447332e+03
8.410000000000000000e+02,2.954282758620689719e+01,4.957900000000000000e+04,7.708940956540582192e+03
8.420000000000000000e+02,2.957786206896551207e+01,4.901900000000000000e+04,7.657665625595840538e+03
8.430000000000000000e+02,2.961289655172413759e+01,4.879500000000000000e+04,7.337519437863325038e+03
8.440000000000000000e+02,2.964793103448275957e+01,4.891500000000000000e+04,7.964531187994956781e+03
8.450000000000000000e+02,2.968296551724137800e+01,4.863500000000000000e+04,8.348998562371167282e+03
8.460000000000000000e+02,2.971799999999999997e+01,4.929100000000000000e+04,7.576933509057732408e+03
8.470000000000000000e+02,2.975303448275861840e+01,4.845900000000000000e+04,7.788258423187694461e+03
8.480000000000000000e+02,2.978806896551724037e+01,4.884300000000000000e+04,7.475366731118652751e+03
8.490000000000000000e+02,2.982310344827586235e+01,4.843500000000000000e+04,6.539727208303205771e+03
8.500000000000000000e+02,2.985813793103448077e+01,4.885100000000000000e+04,6.403492599065404647e+03
8.510000000000000000e+02,2.989317241379310275e+01,4.936300000000000000e+04,7.099170684096160585e+03
8.520000000000000000e+02,2.992820689655172117e+01,4.895500000000000000e+04,6.912354811537155001e+03
8.530000000000000000e+02,2.996324137931034315e+01,4.873900000000000000e+04,6.459253608385160987e+03
8.540000000000000000e+02,2.999827586206896513e+01,4.908300000000000000e+04,6.684009111601358200e+03
8.550000000000000000e+02,3.003331034482758355e+01,4.898700000000000000e+04,6.153161427712067052e+03
8.560000000000000000e+02,3.006834482758620553e+01,4.921900000000000000e+04,6.111272792063629822e+03
8.570000000000000000e+02,3.010337931034482395e+01,4.907500000000000000e+04,5.778696938193430469e+03
8.580000000000000000e+02,3.013841379310344593e+01,4.988300000000000000e+04,5.972559013770704951e+03
8.590000000000000000e+02,3.017344827586206790e+01,4.929900000000000000e+04,6.088173806213287207e+03
8.600000000000000000e+02,3.020848275862068633e+01,4.957100000000000000e+04,6.314344521254122810e+03
8.610000000000000000e+02,3.024351724137930830e+01,4.897900000000000000e+04,6.167558799375050512e+03
8.620000000000000000e+02,3.027855172413792673e+01,4.898700000000000000e+04,6.020996845064646550e+03
8.630000000000000000e+02,3.031358620689654870e+01,4.937100000000000000e+04,5.840159219402148665e+03
8.640000000000000000e+02,3.034862068965517068e+01,4.953900000000000000e+04,5.753190631287680844e+03
8.650000000000000000e+02,3.038365517241378910e+01,5.017900000000000000e+04,5.843287203143275292e+03
8.660000000000000000e+02,3.041868965517241108e+01,5.025200000000000000e+04,6.145409258538664290e+03
8.670000000000000000e+02,3.045372413793102950e+01,5.014700000000000000e+04,6.240055554632828716e+03
8.680000000000000000e+02,3.048875862068965148e+01,5.005900000000000000e+04,5.593908562648476618e+03
8.690000000000000000e+02,3.052379310344827701e+01,5.092400000000000000e+04,5.837237207596778717e+03
8.700000000000000000e+02,3.055882758620689188e+01,5.030800000000000000e+04,6.058502763706864243e+03
8.710000000000000000e+02,3.059386206896551741e+01,4.997900000000000000e+04,6.190826551869889045e+03
8.720000000000000000e+02,3.062889655172413228e+01,5.068400000000000000e+04,6.395160288046311507e+03
8.730000000000000000e+02,3.066393103448275781e+01,5.131600000000000000e+04,5.716444325568642853e+03
8.740000000000000000e+02,3.069896551724137979e+01,5.107600000000000000e+04,5.290227587026548463e+03
8.750000000000000000e+02,3.073399999999999821e+01,5.126000000000000000e+04,5.546015750820607536e+03
8.760000000000000000e+02,3.076903448275862019e+01,5.084400000000000000e+04,5.323722050158754428e+03
8.770000000000000000e+02,3.080406896551723861e+01,5.124400000000000000e+04,5.537567677726381589e+03
8.780000000000000000e+02,3.083910344827586059e+01,5.083600000000000000e+04,5.030575648979838661e+03
8.790000000000000000e+02,3.087413793103448256e+01,5.093200000000000000e+04,5.144623985649052884e+03
8.800000000000000000e+02,3.090917241379310099e+01,5.105200000000000000e+04,4.721044500061552753e+03
8.810000000000000000e+02,3.094420689655172296e+01,5.126800000000000000e+04,4.583126597511783075e+03
8.820000000000000000e+02,3.097924137931034139e+01,5.074800000000000000e+04,4.375651989666539521e+03
8.830000000000000000e+02,3.101427586206896336e+01,5.160400000000000000e+04,4.451064232673431434e+03
8.840000000000000000e+02,3.104931034482758534e+01,5.132400000000000000e+04,4.520415696497167119e+03
8.850000000000000000e+02,3.108434482758620376e+01,5.115600000000000000e+04,4.206642909149323714e+03
8.860000000000000000e+02,3.111937931034482574e+01,5.083600000000000000e+04,4.067149562693109601e+03
8.870000000000000000e+02,3.115441379310344416e+01,5.166800000000000000e+04,4.097101063225171856e+03
8.880000000000000000e+02,3.118944827586206614e+01,5.190800000000000000e+04,3.812153941526285053e+03
8.890000000000000000e+02,3.122448275862068812e+01,5.174800000000000000e+04,3.954999773283519971e+03
8.900000000000000000e+02,3.125951724137930654e+01,5.118000000000000000e+04,4.372903350648891319e+03
8.910000000000000000e+02,3.129455172413792852e+01,5.167600000000000000e+04,4.052410117112993248e+03
8.920000000000000000e+02,3.132958620689654694e+01,5.166000000000000000e+04,3.748910530920438759e+03
8.930000000000000000e+02,3.136462068965516892e+01,5.206800000000000000e+04,3.683599161921945779e+03
8.940000000000000000e+02,3.139965517241379445e+01,5.147600000000000000e+04,3.738199370783701397e+03
8.950000000000000000e+02,3.143468965517240932e+01,5.198000000000000000e+04,3.592701167377622369e+03
8.960000000000000000e+02,3.146972413793103485e+01,5.228400000000000000e+04,4.326027674599782586e+03
8.970000000000000000e+02,3.150475862068964972e+01,5.206800000000000000e+04,4.746058921960541738e+03
8.980000000000000000e+02,3.153979310344827525e+01,5.182000000000000000e+04,4.505624817167023139e+03
8.990000000000000000e+02,3.157482758620689722e+01,5.214000000000000000e+04,4.189603597979034021e+03
9.000000000000000000e+02,3.160986206896551565e+01,5.221200000000000000e+04,4.031804513672950634e+03
9.010000000000000000e+02,3.164489655172413762e+01,5.214000000000000000e+04,3.893148734893325582e+03
9.020000000000000000e+02,3.167993103448275605e+01,5.246000000000000000e+04,3.801043033120461587e+03
9.030000000000000000e+02,3.171496551724137802e+01,5.236400000000000000e+04,3.611817351393534409e+03
9.040000000000000000e+02,3.175000000000000000e+01,5.294800000000000000e+04,3.340562322916630364e+03
9.050000000000000000e+02,3.178503448275861842e+01,5.231600000000000000e+04,3.398125543019080851e+03
9.060000000000000000e+02,3.182006896551724040e+01,5.258000000000000000e+04,3.176444599426513378e+03
9.070000000000000000e+02,3.185510344827585882e+01,5.236400000000000000e+04,2.863652385904672428e+03
9.080000000000000000e+02,3.189013793103448080e+01,5.258800000000000000e+04,3.109049731828066342e+03
9.090000000000000000e+02,3.192517241379310278e+01,5.258800000000000000e+04,3.050462345954515968e+03
9.100000000000000000e+02,3.196020689655172120e+01,5.230000000000000000e+04,2.916960546848665672e+03
9.110000000000000000e+02,3.199524137931034318e+01,5.256400000000000000e+04,2.740777433575495706e+03
9.120000000000000000e+02,3.203027586206896160e+01,5.228400000000000000e+04,2.804543241948097148e+03
9.130000000000000000e+02,3.206531034482758713e+01,5.266800000000000000e+04,2.823374264662527821e+03
9.140000000000000000e+02,3.210034482758620555e+01,5.219600000000000000e+04,2.935476366699931077e+03
9.150000000000000000e+02,3.213537931034482398e+01,5.257200000000000000e+04,2.704883316643351463e+03
9.160000000000000000e+02,3.217041379310344951e+01,5.236400000000000000e+04,2.709170682520884384e+03
9.170000000000000000e+02,3.220544827586206793e+01,5.225200000000000000e+04,2.686651143502165723e+03
9.180000000000000000e+02,3.224048275862068635e+01,5.256400000000000000e+04,2.605964940879943242e+03
9.190000000000000000e+02,3.227551724137931188e+01,5.238000000000000000e+04,2.614536762543996701e+03
9.200000000000000000e+02,3.231055172413793031e+01,5.263600000000000000e+04,2.638176166835435652e+03
9.210000000000000000e+02,3.234558620689654873e+01,5.218800000000000000e+04,2.667316084394006339e+03
9.220000000000000000e+02,3.238062068965516715e+01,5.258000000000000000e+04,2.943292974567083547e+03
9.230000000000000000e+02,3.241565517241379268e+01,5.247600000000000000e+04,2.695529616239966799e+03
9.240000000000000000e+02,3.245068965517241111e+01,5.251600000000000000e+04,2.847342453928544728e+03
9.250000000000000000e+02,3.248572413793102953e+01,5.220400000000000000e+04,2.569704926418394280e+03
9.260000000000000000e+02,3.252075862068965506e+01,5.275600000000000000e+04,2.735788352329530881e+03
9.270000000000000000e+02,3.255579310344827348e+01,5.259600000000000000e+04,2.428180210940136931e+03
9.280000000000000000e+02,3.259082758620689191e+01,5.268400000000000000e+04,2.812036338920062008e+03
9.290000000000000000e+02,3.262586206896551744e+01,5.233200000000000000e+04,2.637798513634642404e+03
9.300000000000000000e+02,3.266089655172413586e+01,5.295600000000000000e+04,2.534216248974601513e+03
9.310000000000000000e+02,3.269593103448275428e+01,5.255600000000000000e+04,2.756699633933093082e+03
9.320000000000000000e+02,3.273096551724137271e+01,5.250800000000000000e+04,2.800167855316134592e+03
9.330000000000000000e+02,3.276599999999999824e+01,5.298800000000000000e+04,2.570460945838331554e+03
9.340000000000000000e+02,3.280103448275862377e+01,5.284400000000000000e+04,2.653304480293918459e+03
9.350000000000000000e+02,3.283606896551723509e+01,5.244400000000000000e+04,2.580695269400743655e+03
9.360000000000000000e+02,3.287110344827586061e+01,5.242000000000000000e+04,2.483600439929938602e+03
9.370000000000000000e+02,3.290613793103447904e+01,5.260400000000000000e+04,2.888960499786522632e+03
9.380000000000000000e+02,3.294117241379310457e+01,5.263600000000000000e+04,2.648860350247584392e+03
9.390000000000000000e+02,3.297620689655172299e+01,5.277200000000000000e+04,2.876371505428558521e+03
9.400000000000000000e+02,3.301124137931034142e+01,5.293200000000000000e+04,2.615425860719795764e+03
9.410000000000000000e+02,3.304627586206896694e+01,5.247600000000000000e+04,2.654838670857070611e+03
9.420000000000000000e+02,3.308131034482758537e+01,5.254800000000000000e+04,2.614540160119258417e+03
9.430000000000000000e+02,3.311634482758620379e+01,5.272400000000000000e+04,2.575246516304257511e+03
9.440000000000000000e+02,3.315137931034482932e+01,5.278800000000000000e+04,2.956347465133714195e+03
9.450000000000000000e+02,3.318641379310344774e+01,5.261200000000000000e+04,3.086405617230244843e+03
9.460000000000000000e+02,3.322144827586206617e+01,5.222000000000000000e+04,2.790838906483365008e+03
9.470000000000000000e+02,3.325648275862068459e+01,5.270800000000000000e+04,3.077792471525051042e+03
9.480000000000000000e+02,3.329151724137931012e+01,5.286800000000000000e+04,2.859462814690448340e+03
9.490000000000000000e+02,3.332655172413792855e+01,5.280400000000000000e+04,3.054369646494006702e+03
9.500000000000000000e+02,3.336158620689654697e+01,5.230800000000000000e+04,2.814586633235943737e+03
9.510000000000000000e+02,3.339662068965517250e+01,5.242800000000000000e+04,2.661337525350696978e+03
9.520000000000000000e+02,3.343165517241379092e+01,5.236400000000000000e+04,2.922222760192477836e+03
9.530000000000000000e+02,3.346668965517240935e+01,5.246000000000000000e+04,2.943931656584310076e+03
9.540000000000000000e+02,3.350172413793103487e+01,5.218000000000000000e+04,3.148052118693932243e+03
9.550000000000000000e+02,3.353675862068965330e+01,5.258800000000000000e+04,3.257865304267644660e+03
9.560000000000000000e+02,3.357179310344827172e+01,5.274800000000000000e+04,3.082619927477181591e+03
9.570000000000000000e+02,3.360682758620689015e+01,5.266800000000000000e+04,2.879695987947050980e+03
9.580000000000000000e+02,3.364186206896551568e+01,5.242800000000000000e+04,2.719015314683443648e+03
9.590000000000000000e+02,3.367689655172414120e+01,5.222800000000000000e+04,2.957230554957036475e+03
9.600000000000000000e+02,3.371193103448275252e+01,5.299600000000000000e+04,3.249777891041482690e+03
9.610000000000000000e+02,3.374696551724137805e+01,5.249200000000000000e+04,3.339755704606371637e+03
9.620000000000000000e+02,3.378199999999999648e+01,5.301200000000000000e+04,3.032030441519963006e+03
9.630000000000000000e+02,3.381703448275862200e+01,5.261200000000000000e+04,3.053709917320985369e+03
9.640000000000000000e+02,3.385206896551724043e+01,5.205200000000000000e+04,2.720971818698443712e+03
9.650000000000000000e+02,3.388710344827585885e+01,5.245200000000000000e+04,2.915229976914877170e+03
9.660000000000000000e+02,3.392213793103448438e+01,5.254800000000000000e+04,2.933086405775474304e+03
9.670000000000000000e+02,3.395717241379310281e+01,5.256400000000000000e+04,3.125665058389838578e+03
9.680000000000000000e+02,3.399220689655172123e+01,5.244400000000000000e+04,2.659541742761504338e+03
9.690000000000000000e+02,3.402724137931034676e+01,5.266800000000000000e+04,2.971409217939787140e+03
9.700000000000000000e+02,3.406227586206896518e+01,5.238000000000000000e+04,3.046137009913335532e+03
9.710000000000000000e+02,3.409731034482758361e+01,5.206800000000000000e+04,2.809363945945928663e+03
9.720000000000000000e+02,3.413234482758620203e+01,5.250800000000000000e+04,2.736807291123531741e+03
9.730000000000000000e+02,3.416737931034482756e+01,5.267600000000000000e+04,3.026290454127728935e+03
9.740000000000000000e+02,3.420241379310344598e+01,5.260400000000000000e+04,3.058925893769910545e+03
9.750000000000000000e+02,3.423744827586206441e+01,5.235600000000000000e+04,3.042685947431137265e+03
9.760000000000000000e+02,3.427248275862068994e+01,5.262000000000000000e+04,3.067382301764292151e+03
9.770000000000000000e+02,3.430751724137930836e+01,5.243600000000000000e+04,2.885933943027508576e+03
9.780000000000000000e+02,3.434255172413792678e+01,5.293200000000000000e+04,2.971320383244968525e+03
9.790000000000000000e+02,3.437758620689655231e+01,5.267600000000000000e+04,2.959337687356065089e+03
9.800000000000000000e+02,3.441262068965517074e+01,5.218800000000000000e+04,2.985100673034567080e+03
9.810000000000000000e+02,3.444765517241378916e+01,5.281200000000000000e+04,2.883938236884856451e+03
9.820000000000000000e+02,3.448268965517240758e+01,5.258800000000000000e+04,2.964983868311336664e+03
9.830000000000000000e+02,3.451772413793103311e+01,5.266000000000000000e+04,3.005807688376009082e+03
9.840000000000000000e+02,3.455275862068965864e+01,5.272400000000000000e+04,3.041319401485275193e+03
9.850000000000000000e+02,3.458779310344826996e+01,5.278000000000000000e+04,2.736103493243429511e+03
9.860000000000000000e+02,3.462282758620689549e+01,5.238000000000000000e+04,2.940171488564331867e+03
9.870000000000000000e+02,3.465786206896551391e+01,5.249200000000000000e+04,2.887182372811992536e+03
9.880000000000000000e+02,3.469289655172413944e+01,5.294000000000000000e+04,3.057319827629539304e+03
9.890000000000000000e+02,3.472793103448275787e+01,5.292400000000000000e+04,2.865072376750309559e+03
9.900000000000000000e+02,3.476296551724137629e+01,5.290800000000000000e+04,2.891203253096854041e+03
9.910000000000000000e+02,3.479800000000000182e+01,5.271600000000000000e+04,2.781529472895141225e+03
9.920000000000000000e+02,3.483303448275861314e+01,5.257200000000000000e+04,2.804527173794127521e+03
9.930000000000000000e+02,3.486806896551723867e+01,5.246000000000000000e+04,2.990612017847250172e+03
9.940000000000000000e+02,3.490310344827586420e+01,5.277200000000000000e+04,3.008880861428594471e+03
9.950000000000000000e+02,3.493813793103448262e+01,5.255600000000000000e+04,2.956304154767056389e+03
9.960000000000000000e+02,3.497317241379310104e+01,5.269200000000000000e+04,2.855390012458601177e+03
9.970000000000000000e+02,3.500820689655171947e+01,5.306800000000000000e+04,2.877407369774334256e+03
9.980000000000000000e+02,3.504324137931034500e+01,5.290800000000000000e+04,3.228674832515758226e+03
9.990000000000000000e+02,3.507827586206896342e+01,5.266800000000000000e+04,3.044982424070637990e+03
1.000000000000000000e+03,3.511331034482758184e+01,5.229200000000000000e+04,2.903663101038669993e+03
1.001000000000000000e+03,3.514834482758620737e+01,5.268400000000000000e+04,2.793900278837131737e+03
1.002000000000000000e+03,3.518337931034482580e+01,5.270000000000000000e+04,2.688035694948833225e+03
1.003000000000000000e+03,3.521841379310344422e+01,5.251600000000000000e+04,2.835335694463090476e+03
1.004000000000000000e+03,3.525344827586206975e+01,5.268400000000000000e+04,2.927751546431244606e+03
1.005000000000000000e+03,3.528848275862068817e+01,5.266800000000000000e+04,2.855769411150073211e+03
1.006000000000000000e+03,3.532351724137930660e+01,5.280400000000000000e+04,2.909518347787512084e+03
1.007000000000000000e+03,3.535855172413792502e+01,5.284400000000000000e+04,2.819078275710720391e+03
1.008000000000000000e+03,3.539358620689655055e+01,5.281200000000000000e+04,3.106987963137858969e+03
1.009000000000000000e+03,3.542862068965516897e+01,5.302800000000000000e+04,2.858534536183778073e+03
1.010000000000000000e+03,3.546365517241378740e+01,5.275600000000000000e+04,2.877011333535067024e+03
1.011000000000000000e+03,3.549868965517241293e+01,5.327600000000000000e+04,2.989033897536880886e+03
1.012000000000000000e+03,3.553372413793103135e+01,5.314800000000000000e+04,2.908670642524187315e+03
1.013000000000000000e+03,3.556875862068964977e+01,5.314000000000000000e+04,3.041695150243028365e+03
1.014000000000000000e+03,3.560379310344827530e+01,5.322800000000000000e+04,2.709900291839280726e+03
1.015000000000000000e+03,3.563882758620689373e+01,5.246800000000000000e+04,2.504428833406958347e+03
1.016000000000000000e+03,3.567386206896551926e+01,5.301200000000000000e+04,2.450205594558089160e+03
1.017000000000000000e+03,3.570889655172413057e+01,5.285200000000000000e+04,2.782931533233741447e+03
1.018000000000000000e+03,3.574393103448275610e+01,5.319600000000000000e+04,2.952604004625972266e+03
1.019000000000000000e+03,3.577896551724138163e+01,5.281200000000000000e+04,2.919411796671707179e+03
1.020000000000000000e+03,3.581400000000000006e+01,5.279600000000000000e+04,2.567279196803022387e+03
1.021000000000000000e+03,3.584903448275861848e+01,5.323600000000000000e+04,2.504375434223276898e+03
1.022000000000000000e+03,3.588406896551723690e+01,5.302000000000000000e+04,2.687849667055605551e+03
1.023000000000000000e+03,3.591910344827586243e+01,5.268400000000000000e+04,2.837349721324269922e+03
1.024000000000000000e+03,3.595413793103448086e+01,5.254000000000000000e+04,2.932973379803164335e+03
1.025000000000000000e+03,3.598917241379309928e+01,5.324400000000000000e+04,2.697926844133587110e+03
1.026000000000000000e+03,3.602420689655172481e+01,5.321200000000000000e+04,2.967178898753697467e+03
1.027000000000000000e+03,3.605924137931034323e+01,5.306000000000000000e+04,2.881995128613296856e+03
1.028000000000000000e+03,3.609427586206896166e+01,5.330000000000000000e+04,2.945637625823358576e+03
1.029000000000000000e+03,3.612931034482758719e+01,5.319600000000000000e+04,3.029574573898274139e+03
1.030000000000000000e+03,3.616434482758620561e+01,5.261200000000000000e+04,2.906914643148058076e+03
1.031000000000000000e+03,3.619937931034482403e+01,5.287600000000000000e+04,2.823510492517715193e+03
1.032000000000000000e+03,3.623441379310344246e+01,5.289200000000000000e+04,2.638150580656983493e+03
1.033000000000000000e+03,3.626944827586206799e+01,5.303600000000000000e+04,3.022543000373901577e+03
1.034000000000000000e+03,3.630448275862068641e+01,5.298800000000000000e+04,2.805732902799496969e+03
1.035000000000000000e+03,3.633951724137930483e+01,5.337200000000000000e+04,3.019817473280675131e+03
1.036000000000000000e+03,3.637455172413793036e+01,5.334800000000000000e+04,2.932023273975855773e+03
1.037000000000000000e+03,3.640958620689654879e+01,5.286000000000000000e+04,2.992968679405366402e+03
1.038000000000000000e+03,3.644462068965516721e+01,5.327600000000000000e+04,2.939875425558931511e+03
1.039000000000000000e+03,3.647965517241379274e+01,5.330000000000000000e+04,2.874786365820220908e+03
1.040000000000000000e+03,3.651468965517241116e+01,5.302000000000000000e+04,2.777954627968957993e+03
1.041000000000000000e+03,3.654972413793103669e+01,5.322800000000000000e+04,2.878734266734755238e+03
1.042000000000000000e+03,3.658475862068964801e+01,5.282000000000000000e+04,2.720501328514560555e+03
1.043000000000000000e+03,3.661979310344827354e+01,5.302000000000000000e+04,2.816035500455755937e+03
1.044000000000000000e+03,3.665482758620689907e+01,5.506900000000000000e+04,2.034366554098568031e+03
1.045000000000000000e+03,3.668986206896551749e+01,5.612500000000000000e+04,1.789950590348956894e+03
1.046000000000000000e+03,3.672489655172413592e+01,5.578900000000000000e+04,1.579233830778558286e+03
1.047000000000000000e+03,3.675993103448275434e+01,5.587700000000000000e+04,1.815167188721937919e+03
1.048000000000000000e+03,3.679496551724137987e+01,5.591700000000000000e+04,1.668845397138939461e+03
1.049000000000000000e+03,3.682999999999999829e+01,5.606100000000000000e+04,1.697721425457822079e+03
1.050000000000000000e+03,3.686503448275861672e+01,5.618900000000000000e+04,1.740378112374798775e+03
1.051000000000000000e+03,3.690006896551724225e+01,5.602100000000000000e+04,1.580089347849664364e+03
1.052000000000000000e+03,3.693510344827586067e+01,5.612500000000000000e+04,1.632822072472088394e+03
1.053000000000000000e+03,3.697013793103447910e+01,5.582100000000000000e+04,1.700172872243290385e+03
1.054000000000000000e+03,3.700517241379310462e+01,5.586100000000000000e+04,1.710490302571962502e+03
1.055000000000000000e+03,3.704020689655172305e+01,5.565300000000000000e+04,1.658661324993816379e+03
1.056000000000000000e+03,3.707524137931034147e+01,5.591700000000000000e+04,1.567494722831026820e+03
1.057000000000000000e+03,3.711027586206895990e+01,5.573300000000000000e+04,1.570212693782951646e+03
1.058000000000000000e+03,3.714531034482758542e+01,5.582100000000000000e+04,1.600167774541802601e+03
1.059000000000000000e+03,3.718034482758620385e+01,5.588500000000000000e+04,1.610972525665625426e+03
1.060000000000000000e+03,3.721537931034482227e+01,5.570900000000000000e+04,1.627408498627614563e+03
1.061000000000000000e+03,3.725041379310344780e+01,5.602100000000000000e+04,2.152473326475131671e+03
1.062000000000000000e+03,3.728544827586206623e+01,5.614900000000000000e+04,1.661143266106849296e+03
1.063000000000000000e+03,3.732048275862068465e+01,5.577300000000000000e+04,1.538962535404831897e+03
1.064000000000000000e+03,3.735551724137931018e+01,5.574900000000000000e+04,1.467896943835097773e+03
1.065000000000000000e+03,3.739055172413792860e+01,5.592500000000000000e+04,1.598417672786866888e+03
1.066000000000000000e+03,3.742558620689655413e+01,5.605300000000000000e+04,1.664616233228013471e+03
1.067000000000000000e+03,3.746062068965516545e+01,5.588500000000000000e+04,1.621456616569206744e+03
1.068000000000000000e+03,3.749565517241379098e+01,5.597300000000000000e+04,1.529546854353784056e+03
1.069000000000000000e+03,3.753068965517241651e+01,5.586900000000000000e+04,1.592389002909620558e+03
1.070000000000000000e+03,3.756572413793103493e+01,5.585300000000000000e+04,1.580049776172982547e+03
1.071000000000000000e+03,3.760075862068965336e+01,5.590100000000000000e+04,1.506848736273875829e+03
1.072000000000000000e+03,3.763579310344827178e+01,5.596500000000000000e+04,1.512411867463991939e+03
1.073000000000000000e+03,3.767082758620689731e+01,5.606900000000000000e+04,1.662127927538430640e+03
1.074000000000000000e+03,3.770586206896551573e+01,5.597300000000000000e+04,1.671563497622249315e+03
1.075000000000000000e+03,3.774089655172413416e+01,5.584500000000000000e+04,1.427935956569627479e+03
1.076000000000000000e+03,3.777593103448275969e+01,5.606900000000000000e+04,1.585299152277333178e+03
1.077000000000000000e+03,3.781096551724137811e+01,5.607700000000000000e+04,1.416912052613132801e+03
1.078000000000000000e+03,3.784599999999999653e+01,5.589300000000000000e+04,1.478654991865669217e+03
1.079000000000000000e+03,3.788103448275862206e+01,5.587700000000000000e+04,1.532553863278059907e+03
1.080000000000000000e+03,3.791606896551724049e+01,5.606100000000000000e+04,1.483990431043036097e+03
1.081000000000000000e+03,3.795110344827585891e+01,5.583700000000000000e+04,1.598788106938381361e+03
1.082000000000000000e+03,3.798613793103447733e+01,5.606900000000000000e+04,1.603086972499782632e+03
