column,nominal_position_mm,green_median,green_std
0.000000000000000000e+00,7.549055172413793002e+01,9.146000000000000000e+03,2.037891037339269587e+03
1.000000000000000000e+00,7.552558620689654845e+01,9.138000000000000000e+03,1.998679577434082603e+03
2.000000000000000000e+00,7.556062068965516687e+01,9.146000000000000000e+03,2.034114746487730372e+03
3.000000000000000000e+00,7.559565517241378529e+01,9.218000000000000000e+03,1.989477184424723191e+03
4.000000000000000000e+00,7.563068965517241793e+01,9.186000000000000000e+03,2.035399537112563394e+03
5.000000000000000000e+00,7.566572413793102214e+01,9.226000000000000000e+03,2.010691051947675078e+03
6.000000000000000000e+00,7.570075862068965478e+01,9.194000000000000000e+03,1.988344160576153627e+03
7.000000000000000000e+00,7.573579310344827320e+01,9.330000000000000000e+03,2.017861688238108854e+03
8.000000000000000000e+00,7.577082758620689162e+01,9.202000000000000000e+03,2.012645146305967955e+03
9.000000000000000000e+00,7.580586206896552426e+01,9.274000000000000000e+03,2.068450354706502822e+03
1.000000000000000000e+01,7.584089655172412847e+01,9.282000000000000000e+03,2.019614125314443982e+03
1.100000000000000000e+01,7.587593103448274690e+01,9.178000000000000000e+03,2.084793572765113367e+03
1.200000000000000000e+01,7.591096551724137953e+01,9.362000000000000000e+03,2.036530857771135970e+03
1.300000000000000000e+01,7.594599999999999795e+01,9.314000000000000000e+03,2.048423026665169346e+03
1.400000000000000000e+01,7.598103448275861638e+01,9.418000000000000000e+03,1.975960580842195441e+03
1.500000000000000000e+01,7.601606896551723480e+01,9.410000000000000000e+03,1.943199536615183206e+03
1.600000000000000000e+01,7.605110344827585322e+01,9.594000000000000000e+03,2.040360917717695429e+03
1.700000000000000000e+01,7.608613793103447165e+01,9.722000000000000000e+03,2.045583190260791980e+03
1.800000000000000000e+01,7.612117241379310428e+01,9.794000000000000000e+03,1.990734312642300893e+03
1.900000000000000000e+01,7.615620689655172271e+01,9.858000000000000000e+03,2.049664369916743453e+03
2.000000000000000000e+01,7.619124137931034113e+01,9.874000000000000000e+03,2.081940732252098769e+03
2.100000000000000000e+01,7.622627586206895955e+01,9.714000000000000000e+03,2.109278740536853093e+03
2.200000000000000000e+01,7.626131034482757798e+01,9.666000000000000000e+03,2.222762067650960489e+03
2.300000000000000000e+01,7.629634482758621061e+01,3.987300000000000000e+04,9.913418083513768579e+03
2.400000000000000000e+01,7.633137931034482904e+01,6.062200000000000000e+04,1.815640313269036824e+03
2.500000000000000000e+01,7.636641379310343325e+01,5.974200000000000000e+04,1.766882090347298345e+03
2.600000000000000000e+01,7.640144827586206588e+01,5.918200000000000000e+04,1.625479957794957272e+03
2.700000000000000000e+01,7.643648275862068431e+01,5.896500000000000000e+04,1.621193788192787451e+03
2.800000000000000000e+01,7.647151724137930273e+01,5.858900000000000000e+04,1.661291104455418463e+03
2.900000000000000000e+01,7.650655172413793537e+01,5.871700000000000000e+04,1.743769344316327306e+03
3.000000000000000000e+01,7.654158620689653958e+01,5.871700000000000000e+04,1.680062321978014324e+03
3.100000000000000000e+01,7.657662068965517221e+01,5.846900000000000000e+04,1.637055335283809882e+03
3.200000000000000000e+01,7.661165517241379064e+01,5.834900000000000000e+04,1.811658361369570457e+03
3.300000000000000000e+01,7.664668965517240906e+01,5.848500000000000000e+04,1.737769847410886996e+03
3.400000000000000000e+01,7.668172413793102749e+01,5.832500000000000000e+04,1.740298581939978021e+03
3.500000000000000000e+01,7.671675862068964591e+01,5.880500000000000000e+04,1.770168933429113167e+03
3.600000000000000000e+01,7.675179310344826433e+01,5.841300000000000000e+04,1.819154090988899043e+03
3.700000000000000000e+01,7.678682758620689697e+01,5.841300000000000000e+04,1.777944368406397643e+03
3.800000000000000000e+01,7.682186206896551539e+01,5.842100000000000000e+04,1.687920790246094384e+03
3.900000000000000000e+01,7.685689655172413381e+01,5.835700000000000000e+04,1.675213041434470142e+03
4.000000000000000000e+01,7.689193103448275224e+01,5.842900000000000000e+04,1.707988622195019843e+03
4.100000000000000000e+01,7.692696551724137066e+01,5.841300000000000000e+04,1.648603235036315255e+03
4.200000000000000000e+01,7.696199999999998909e+01,5.866900000000000000e+04,1.684764215569713315e+03
4.300000000000000000e+01,7.699703448275862172e+01,5.836500000000000000e+04,1.638966967896659980e+03
4.400000000000000000e+01,7.703206896551724014e+01,5.824500000000000000e+04,1.538195695085524449e+03
4.500000000000000000e+01,7.706710344827585857e+01,5.814900000000000000e+04,1.967935075920835516e+03
4.600000000000000000e+01,7.710213793103447699e+01,5.829300000000000000e+04,1.735020952009114581e+03
4.700000000000000000e+01,7.713717241379309542e+01,5.833300000000000000e+04,1.855357868414344011e+03
4.800000000000000000e+01,7.717220689655172805e+01,5.806100000000000000e+04,1.680896940415145309e+03
4.900000000000000000e+01,7.720724137931034647e+01,5.812500000000000000e+04,1.754261181997004769e+03
5.000000000000000000e+01,7.724227586206895069e+01,5.819700000000000000e+04,1.498469724555669472e+03
5.100000000000000000e+01,7.727731034482758332e+01,5.783700000000000000e+04,1.676645787142188055e+03
5.200000000000000000e+01,7.731234482758620175e+01,5.798900000000000000e+04,1.727112074871700088e+03
5.300000000000000000e+01,7.734737931034482017e+01,5.767700000000000000e+04,1.752745798303672018e+03
5.400000000000000000e+01,7.738241379310345280e+01,5.684500000000000000e+04,1.744885505721371601e+03
5.500000000000000000e+01,7.741744827586205702e+01,5.553300000000000000e+04,1.691770358764667662e+03
5.600000000000000000e+01,7.745248275862068965e+01,5.383600000000000000e+04,1.622009401933597474e+03
5.700000000000000000e+01,7.748751724137930808e+01,5.207600000000000000e+04,1.559955368123836024e+03
5.800000000000000000e+01,7.752255172413792650e+01,5.062000000000000000e+04,1.483939141828340098e+03
5.900000000000000000e+01,7.755758620689654492e+01,4.866700000000000000e+04,1.645858143142286281e+03
6.000000000000000000e+01,7.759262068965516335e+01,4.857900000000000000e+04,1.667148750889791700e+03
6.100000000000000000e+01,7.762765517241378177e+01,4.861100000000000000e+04,1.663770179408000786e+03
6.200000000000000000e+01,7.766268965517241440e+01,4.855500000000000000e+04,1.669366630879151899e+03
6.300000000000000000e+01,7.769772413793103283e+01,4.857100000000000000e+04,1.682108153344880975e+03
6.400000000000000000e+01,7.773275862068965125e+01,4.862700000000000000e+04,1.671062707236847473e+03
6.500000000000000000e+01,7.776779310344826968e+01,4.857900000000000000e+04,1.662937787691982294e+03
6.600000000000000000e+01,7.780282758620688810e+01,4.858700000000000000e+04,1.663873639350855910e+03
6.700000000000000000e+01,7.783786206896550652e+01,4.853100000000000000e+04,1.674804100768542412e+03
6.800000000000000000e+01,7.787289655172413916e+01,4.855500000000000000e+04,1.677500706918255446e+03
6.900000000000000000e+01,7.790793103448275758e+01,4.853900000000000000e+04,1.679016022100990313e+03
7.000000000000000000e+01,7.794296551724137601e+01,4.852300000000000000e+04,1.667415216803444537e+03
7.100000000000000000e+01,7.797799999999999443e+01,4.855500000000000000e+04,1.660252727158207335e+03
7.200000000000000000e+01,7.801303448275861285e+01,4.850700000000000000e+04,1.677334585214915478e+03
7.300000000000000000e+01,7.804806896551724549e+01,4.857100000000000000e+04,1.683149007630419646e+03
7.400000000000000000e+01,7.808310344827586391e+01,4.852300000000000000e+04,1.667551123085583413e+03
7.500000000000000000e+01,7.811813793103446812e+01,4.857100000000000000e+04,1.680045542000824071e+03
7.600000000000000000e+01,7.815317241379310076e+01,4.854700000000000000e+04,1.669499610307106877e+03
7.700000000000000000e+01,7.818820689655171918e+01,4.854700000000000000e+04,1.671414444872332979e+03
7.800000000000000000e+01,7.822324137931033761e+01,4.853100000000000000e+04,1.673903040215256624e+03
7.900000000000000000e+01,7.825827586206897024e+01,4.855500000000000000e+04,1.683711644990090008e+03
8.000000000000000000e+01,7.829331034482757445e+01,4.861900000000000000e+04,1.679610967362782731e+03
8.100000000000000000e+01,7.832834482758620709e+01,4.858700000000000000e+04,1.676348141361872649e+03
8.200000000000000000e+01,7.836337931034482551e+01,4.857900000000000000e+04,1.667093131388645588e+03
8.300000000000000000e+01,7.839841379310344394e+01,4.855500000000000000e+04,1.663252144111325151e+03
8.400000000000000000e+01,7.843344827586206236e+01,4.853900000000000000e+04,1.672690250925350483e+03
8.500000000000000000e+01,7.846848275862068078e+01,4.853900000000000000e+04,1.682864947310218668e+03
8.600000000000000000e+01,7.850351724137929921e+01,4.855500000000000000e+04,1.673042897630413336e+03
8.700000000000000000e+01,7.853855172413793184e+01,4.855500000000000000e+04,1.669913122692679963e+03
8.800000000000000000e+01,7.857358620689655027e+01,4.849100000000000000e+04,1.669887075267367209e+03
8.900000000000000000e+01,7.860862068965516869e+01,4.853900000000000000e+04,1.674583344349572599e+03
9.000000000000000000e+01,7.864365517241378711e+01,4.855500000000000000e+04,1.664339987754733784e+03
9.100000000000000000e+01,7.867868965517240554e+01,4.855500000000000000e+04,1.682496582365709855e+03
9.200000000000000000e+01,7.871372413793102396e+01,4.855500000000000000e+04,1.683970485624538014e+03
9.300000000000000000e+01,7.874875862068965660e+01,4.857100000000000000e+04,1.673019507403097805e+03
9.400000000000000000e+01,7.878379310344827502e+01,4.851500000000000000e+04,1.668720259975644012e+03
9.500000000000000000e+01,7.881882758620689344e+01,4.854700000000000000e+04,1.675150930038425486e+03
9.600000000000000000e+01,7.885386206896551187e+01,4.854700000000000000e+04,1.672139791558884554e+03
9.700000000000000000e+01,7.888889655172413029e+01,4.855500000000000000e+04,1.660183141670489022e+03
9.800000000000000000e+01,7.892393103448276293e+01,4.850700000000000000e+04,1.685254279687162352e+03
9.900000000000000000e+01,7.895896551724138135e+01,4.853100000000000000e+04,1.673836360937697464e+03
1.000000000000000000e+02,7.899399999999998556e+01,4.857900000000000000e+04,1.659228183601342380e+03
1.010000000000000000e+02,7.902903448275861820e+01,4.854700000000000000e+04,1.671365033869358285e+03
1.020000000000000000e+02,7.906406896551723662e+01,4.854700000000000000e+04,1.675400681926612378e+03
1.030000000000000000e+02,7.909910344827585504e+01,4.859500000000000000e+04,1.687075587256393874e+03
1.040000000000000000e+02,7.913413793103448768e+01,4.853100000000000000e+04,1.674671618752772929e+03
1.050000000000000000e+02,7.916917241379309189e+01,4.858700000000000000e+04,1.681479844354967327e+03
1.060000000000000000e+02,7.920420689655172453e+01,4.855500000000000000e+04,1.674886607646567654e+03
1.070000000000000000e+02,7.923924137931034295e+01,4.855500000000000000e+04,1.679872530132799056e+03
1.080000000000000000e+02,7.927427586206896137e+01,4.854700000000000000e+04,1.671557429840026316e+03
1.090000000000000000e+02,7.930931034482757980e+01,4.853900000000000000e+04,1.678079142892977188e+03
1.100000000000000000e+02,7.934434482758619822e+01,4.853100000000000000e+04,1.671218599939127898e+03
1.110000000000000000e+02,7.937937931034481664e+01,4.855500000000000000e+04,1.679785544324857256e+03
1.120000000000000000e+02,7.941441379310344928e+01,4.849900000000000000e+04,1.677824467477432108e+03
1.130000000000000000e+02,7.944944827586206770e+01,4.855500000000000000e+04,1.680147010336539097e+03
1.140000000000000000e+02,7.948448275862068613e+01,4.857100000000000000e+04,1.671223446050996699e+03
1.150000000000000000e+02,7.951951724137930455e+01,4.850700000000000000e+04,1.677382077415121330e+03
1.160000000000000000e+02,7.955455172413792297e+01,4.854700000000000000e+04,1.683901749359195492e+03
1.170000000000000000e+02,7.958958620689654140e+01,4.852300000000000000e+04,1.672784746079541037e+03
1.180000000000000000e+02,7.962462068965517403e+01,4.855500000000000000e+04,1.681579306100082022e+03
1.190000000000000000e+02,7.965965517241379246e+01,4.852300000000000000e+04,1.678162857855773836e+03
1.200000000000000000e+02,7.969468965517241088e+01,4.854700000000000000e+04,1.683442170904935892e+03
1.210000000000000000e+02,7.972972413793102930e+01,4.853100000000000000e+04,1.672596829959244587e+03
1.220000000000000000e+02,7.976475862068964773e+01,4.847500000000000000e+04,1.680796709926723452e+03
1.230000000000000000e+02,7.979979310344828036e+01,4.853900000000000000e+04,1.676492216206756666e+03
1.240000000000000000e+02,7.983482758620689879e+01,4.849900000000000000e+04,1.687224824129723856e+03
1.250000000000000000e+02,7.986986206896550300e+01,4.851500000000000000e+04,1.669169337636743421e+03
1.260000000000000000e+02,7.990489655172413563e+01,4.860300000000000000e+04,1.671881501774787012e+03
1.270000000000000000e+02,7.993993103448275406e+01,4.858700000000000000e+04,1.683874758795861908e+03
1.280000000000000000e+02,7.997496551724137248e+01,4.854700000000000000e+04,1.675489004893643141e+03
1.290000000000000000e+02,8.001000000000000512e+01,4.853100000000000000e+04,1.679810764805649114e+03
1.300000000000000000e+02,8.004503448275860933e+01,4.852300000000000000e+04,1.672996465637280380e+03
1.310000000000000000e+02,8.008006896551724196e+01,4.854700000000000000e+04,1.680100482960890531e+03
1.320000000000000000e+02,8.011510344827586039e+01,4.853900000000000000e+04,1.673680370067460672e+03
1.330000000000000000e+02,8.015013793103447881e+01,4.852300000000000000e+04,1.683334977780860982e+03
1.340000000000000000e+02,8.018517241379309723e+01,4.853900000000000000e+04,1.674822586087109357e+03
1.350000000000000000e+02,8.022020689655171566e+01,4.852300000000000000e+04,1.684403924493628665e+03
1.360000000000000000e+02,8.025524137931033408e+01,4.855500000000000000e+04,1.680554556787897127e+03
1.370000000000000000e+02,8.029027586206896672e+01,4.850700000000000000e+04,1.688902112208092149e+03
1.380000000000000000e+02,8.032531034482758514e+01,4.849100000000000000e+04,1.678822523643323620e+03
1.390000000000000000e+02,8.036034482758620356e+01,4.852300000000000000e+04,1.683949750509832484e+03
1.400000000000000000e+02,8.039537931034482199e+01,4.853900000000000000e+04,1.671349932833885077e+03
1.410000000000000000e+02,8.043041379310344041e+01,4.855500000000000000e+04,1.664113880764658461e+03
1.420000000000000000e+02,8.046544827586205884e+01,4.853100000000000000e+04,1.678877750857739329e+03
1.430000000000000000e+02,8.050048275862069147e+01,4.857900000000000000e+04,1.680164687905270512e+03
1.440000000000000000e+02,8.053551724137930989e+01,4.856300000000000000e+04,1.672328825130319274e+03
1.450000000000000000e+02,8.057055172413792832e+01,4.853100000000000000e+04,1.682899986092730387e+03
1.460000000000000000e+02,8.060558620689654674e+01,4.853900000000000000e+04,1.699178349805773905e+03
1.470000000000000000e+02,8.064062068965516517e+01,4.853900000000000000e+04,1.681193360027187964e+03
1.480000000000000000e+02,8.067565517241379780e+01,4.853100000000000000e+04,1.670321262634295408e+03
1.490000000000000000e+02,8.071068965517241622e+01,4.859500000000000000e+04,1.676332980703807607e+03
1.500000000000000000e+02,8.074572413793102044e+01,4.849100000000000000e+04,1.684774659760069198e+03
1.510000000000000000e+02,8.078075862068965307e+01,4.853100000000000000e+04,1.677323118677287084e+03
1.520000000000000000e+02,8.081579310344827149e+01,4.857100000000000000e+04,1.679127661125834948e+03
1.530000000000000000e+02,8.085082758620688992e+01,4.853900000000000000e+04,1.684824267347380783e+03
1.540000000000000000e+02,8.088586206896552255e+01,4.852300000000000000e+04,1.674655971167170947e+03
1.550000000000000000e+02,8.092089655172412677e+01,4.854700000000000000e+04,1.680030536343807398e+03
1.560000000000000000e+02,8.095593103448275940e+01,4.851500000000000000e+04,1.683589235661772591e+03
1.570000000000000000e+02,8.099096551724137782e+01,4.855500000000000000e+04,1.677503879553519027e+03
1.580000000000000000e+02,8.102599999999999625e+01,4.852300000000000000e+04,1.672666571210134862e+03
1.590000000000000000e+02,8.106103448275861467e+01,4.854700000000000000e+04,1.671377316154151004e+03
1.600000000000000000e+02,8.109606896551723310e+01,4.853900000000000000e+04,1.676709267030196315e+03
1.610000000000000000e+02,8.113110344827585152e+01,4.854700000000000000e+04,1.677267689391208023e+03
1.620000000000000000e+02,8.116613793103448415e+01,4.849900000000000000e+04,1.682721672810208474e+03
1.630000000000000000e+02,8.120117241379310258e+01,4.854700000000000000e+04,1.682383827322485786e+03
1.640000000000000000e+02,8.123620689655172100e+01,4.848300000000000000e+04,1.694361397802273132e+03
1.650000000000000000e+02,8.127124137931033943e+01,4.855500000000000000e+04,1.675294657526968649e+03
1.660000000000000000e+02,8.130627586206895785e+01,4.853900000000000000e+04,1.676041417855914688e+03
1.670000000000000000e+02,8.134131034482757627e+01,4.849900000000000000e+04,1.675681774674033477e+03
1.680000000000000000e+02,8.137634482758620891e+01,4.852300000000000000e+04,1.696363996731909765e+03
1.690000000000000000e+02,8.141137931034482733e+01,4.853900000000000000e+04,1.685667146600510023e+03
1.700000000000000000e+02,8.144641379310344576e+01,4.854700000000000000e+04,1.678084311573982404e+03
1.710000000000000000e+02,8.148144827586206418e+01,4.854700000000000000e+04,1.675846216747866038e+03
1.720000000000000000e+02,8.151648275862068260e+01,4.855500000000000000e+04,1.678095567211250909e+03
1.730000000000000000e+02,8.155151724137931524e+01,4.854700000000000000e+04,1.681020644200873221e+03
1.740000000000000000e+02,8.158655172413793366e+01,4.855500000000000000e+04,1.678628847026282983e+03
1.750000000000000000e+02,8.162158620689653787e+01,4.849100000000000000e+04,1.684349831430325821e+03
1.760000000000000000e+02,8.165662068965517051e+01,4.853900000000000000e+04,1.686234867610209449e+03
1.770000000000000000e+02,8.169165517241378893e+01,4.851500000000000000e+04,1.681475328074688377e+03
1.780000000000000000e+02,8.172668965517240736e+01,4.852300000000000000e+04,1.691258244285122828e+03
1.790000000000000000e+02,8.176172413793103999e+01,4.849100000000000000e+04,1.680880523857725848e+03
1.800000000000000000e+02,8.179675862068964420e+01,4.852300000000000000e+04,1.671890465173061102e+03
1.810000000000000000e+02,8.183179310344827684e+01,4.853900000000000000e+04,1.676111010646461409e+03
1.820000000000000000e+02,8.186682758620689526e+01,4.853900000000000000e+04,1.681197069967364314e+03
1.830000000000000000e+02,8.190186206896551369e+01,4.852300000000000000e+04,1.671923577713068880e+03
1.840000000000000000e+02,8.193689655172413211e+01,4.853100000000000000e+04,1.680492633378635674e+03
1.850000000000000000e+02,8.197193103448275053e+01,4.852300000000000000e+04,1.683128658830321683e+03
1.860000000000000000e+02,8.200696551724136896e+01,4.853100000000000000e+04,1.673652718752996179e+03
1.870000000000000000e+02,8.204200000000000159e+01,4.851500000000000000e+04,1.681789333190243042e+03
1.880000000000000000e+02,8.207703448275862002e+01,4.854700000000000000e+04,1.689106746816958093e+03
1.890000000000000000e+02,8.211206896551723844e+01,4.852300000000000000e+04,1.674406064787771129e+03
1.900000000000000000e+02,8.214710344827585686e+01,4.854700000000000000e+04,1.689311646988050825e+03
1.910000000000000000e+02,8.218213793103447529e+01,4.856300000000000000e+04,1.687926478481927688e+03
1.920000000000000000e+02,8.221717241379309371e+01,4.854700000000000000e+04,1.687124703902440842e+03
1.930000000000000000e+02,8.225220689655172635e+01,4.854700000000000000e+04,1.682278495577556896e+03
1.940000000000000000e+02,8.228724137931034477e+01,4.854700000000000000e+04,1.673045315542773096e+03
1.950000000000000000e+02,8.232227586206896319e+01,4.852300000000000000e+04,1.688852704523929788e+03
1.960000000000000000e+02,8.235731034482758162e+01,4.852300000000000000e+04,1.691012588357441473e+03
1.970000000000000000e+02,8.239234482758620004e+01,4.856300000000000000e+04,1.689297613751599101e+03
1.980000000000000000e+02,8.242737931034483267e+01,4.851500000000000000e+04,1.673908526529650999e+03
1.990000000000000000e+02,8.246241379310345110e+01,4.851500000000000000e+04,1.671520574758808152e+03
2.000000000000000000e+02,8.249744827586205531e+01,4.850700000000000000e+04,1.683419669117770354e+03
2.010000000000000000e+02,8.253248275862068795e+01,4.849900000000000000e+04,1.683131090334716873e+03
2.020000000000000000e+02,8.256751724137930637e+01,4.850700000000000000e+04,1.683786428652140557e+03
2.030000000000000000e+02,8.260255172413792479e+01,4.852300000000000000e+04,1.684984709580731533e+03
2.040000000000000000e+02,8.263758620689655743e+01,4.853100000000000000e+04,1.678018222718982770e+03
2.050000000000000000e+02,8.267262068965516164e+01,4.857100000000000000e+04,1.688865764803569164e+03
2.060000000000000000e+02,8.270765517241378006e+01,4.854700000000000000e+04,1.684928249117825999e+03
2.070000000000000000e+02,8.274268965517241270e+01,4.853100000000000000e+04,1.690757658225920750e+03
2.080000000000000000e+02,8.277772413793103112e+01,4.852300000000000000e+04,1.684613121638545863e+03
2.090000000000000000e+02,8.281275862068964955e+01,4.854700000000000000e+04,1.682265787993981348e+03
2.100000000000000000e+02,8.284779310344826797e+01,4.853100000000000000e+04,1.670006979459879176e+03
2.110000000000000000e+02,8.288282758620688639e+01,4.855500000000000000e+04,1.677829853647176378e+03
2.120000000000000000e+02,8.291786206896551903e+01,4.857900000000000000e+04,1.668084377716899098e+03
2.130000000000000000e+02,8.295289655172413745e+01,4.853900000000000000e+04,1.687958659290357900e+03
2.140000000000000000e+02,8.298793103448275588e+01,4.851500000000000000e+04,1.675608360806223800e+03
2.150000000000000000e+02,8.302296551724137430e+01,4.849900000000000000e+04,1.681037449288270864e+03
2.160000000000000000e+02,8.305799999999999272e+01,4.852300000000000000e+04,1.670026664135786405e+03
2.170000000000000000e+02,8.309303448275861115e+01,4.853900000000000000e+04,1.678063635440896633e+03
2.180000000000000000e+02,8.312806896551724378e+01,4.850700000000000000e+04,1.678347619909483456e+03
2.190000000000000000e+02,8.316310344827586221e+01,4.856300000000000000e+04,1.690823041915607973e+03
2.200000000000000000e+02,8.319813793103448063e+01,4.853900000000000000e+04,1.678946801644999141e+03
2.210000000000000000e+02,8.323317241379309905e+01,4.856300000000000000e+04,1.682464064677198849e+03
2.220000000000000000e+02,8.326820689655171748e+01,4.857100000000000000e+04,1.683111093297564139e+03
2.230000000000000000e+02,8.330324137931033590e+01,4.849900000000000000e+04,1.696112183671145658e+03
2.240000000000000000e+02,8.333827586206896854e+01,4.849100000000000000e+04,1.683367370104469046e+03
2.250000000000000000e+02,8.337331034482757275e+01,4.858700000000000000e+04,1.687999388762987110e+03
2.260000000000000000e+02,8.340834482758620538e+01,4.851500000000000000e+04,1.686839805362408242e+03
2.270000000000000000e+02,8.344337931034482381e+01,4.856300000000000000e+04,1.680227797878504362e+03
2.280000000000000000e+02,8.347841379310344223e+01,4.849100000000000000e+04,1.676085779931556090e+03
2.290000000000000000e+02,8.351344827586207487e+01,4.853900000000000000e+04,1.692590440778213406e+03
2.300000000000000000e+02,8.354848275862067908e+01,4.854700000000000000e+04,1.687988015389050361e+03
2.310000000000000000e+02,8.358351724137929750e+01,4.853900000000000000e+04,1.682134855480316446e+03
2.320000000000000000e+02,8.361855172413793014e+01,4.854700000000000000e+04,1.673684137193820106e+03
2.330000000000000000e+02,8.365358620689654856e+01,4.854700000000000000e+04,1.682254146612463273e+03
2.340000000000000000e+02,8.368862068965516698e+01,4.854700000000000000e+04,1.674308121304907672e+03
2.350000000000000000e+02,8.372365517241378541e+01,4.850700000000000000e+04,1.671238661702011314e+03
2.360000000000000000e+02,8.375868965517240383e+01,4.855500000000000000e+04,1.665524113769114365e+03
2.370000000000000000e+02,8.379372413793103647e+01,4.852300000000000000e+04,1.693868005323284024e+03
2.380000000000000000e+02,8.382875862068965489e+01,4.851500000000000000e+04,1.681044601841380427e+03
2.390000000000000000e+02,8.386379310344827331e+01,4.852300000000000000e+04,1.669592232376022139e+03
2.400000000000000000e+02,8.389882758620689174e+01,4.853100000000000000e+04,1.687219254377450170e+03
2.410000000000000000e+02,8.393386206896551016e+01,4.851500000000000000e+04,1.679448149536716983e+03
2.420000000000000000e+02,8.396889655172412859e+01,4.849900000000000000e+04,1.687040679697613996e+03
2.430000000000000000e+02,8.400393103448276122e+01,4.855500000000000000e+04,1.687237228096396166e+03
2.440000000000000000e+02,8.403896551724137964e+01,4.848300000000000000e+04,1.686299139572521653e+03
2.450000000000000000e+02,8.407399999999999807e+01,4.855500000000000000e+04,1.679598571398899594e+03
2.460000000000000000e+02,8.410903448275861649e+01,4.857900000000000000e+04,1.691185723093509523e+03
2.470000000000000000e+02,8.414406896551723491e+01,4.851500000000000000e+04,1.683533358686128167e+03
2.480000000000000000e+02,8.417910344827585334e+01,4.854700000000000000e+04,1.683734591124210510e+03
2.490000000000000000e+02,8.421413793103448597e+01,4.851500000000000000e+04,1.673977373625334167e+03
2.500000000000000000e+02,8.424917241379309019e+01,4.853100000000000000e+04,1.690327503930061539e+03
2.510000000000000000e+02,8.428420689655172282e+01,4.850700000000000000e+04,1.692389900007627602e+03
2.520000000000000000e+02,8.431924137931034124e+01,4.845100000000000000e+04,1.683814044038758766e+03
2.530000000000000000e+02,8.435427586206895967e+01,4.857100000000000000e+04,1.677450027291178685e+03
2.540000000000000000e+02,8.438931034482759230e+01,4.853100000000000000e+04,1.690662865337112407e+03
2.550000000000000000e+02,8.442434482758619652e+01,4.850700000000000000e+04,1.688165340922099858e+03
2.560000000000000000e+02,8.445937931034481494e+01,4.851500000000000000e+04,1.680482736345205922e+03
2.570000000000000000e+02,8.449441379310344757e+01,4.855500000000000000e+04,1.677684792338832949e+03
2.580000000000000000e+02,8.452944827586206600e+01,4.848300000000000000e+04,1.685805876406740481e+03
2.590000000000000000e+02,8.456448275862068442e+01,4.856300000000000000e+04,1.682002674718646404e+03
2.600000000000000000e+02,8.459951724137930285e+01,4.854700000000000000e+04,1.674751712267676339e+03
2.610000000000000000e+02,8.463455172413792127e+01,4.855500000000000000e+04,1.683628450105713455e+03
2.620000000000000000e+02,8.466958620689655390e+01,4.855500000000000000e+04,1.685483387988733739e+03
2.630000000000000000e+02,8.470462068965517233e+01,4.851500000000000000e+04,1.678141056639708722e+03
2.640000000000000000e+02,8.473965517241379075e+01,4.852300000000000000e+04,1.676366294157175162e+03
2.650000000000000000e+02,8.477468965517240918e+01,4.854700000000000000e+04,1.679963869758890496e+03
2.660000000000000000e+02,8.480972413793102760e+01,4.852300000000000000e+04,1.681229747285177382e+03
2.670000000000000000e+02,8.484475862068964602e+01,4.853100000000000000e+04,1.690519729588071641e+03
2.680000000000000000e+02,8.487979310344827866e+01,4.853100000000000000e+04,1.686354995026817051e+03
2.690000000000000000e+02,8.491482758620689708e+01,4.852300000000000000e+04,1.699047343468454301e+03
2.700000000000000000e+02,8.494986206896551550e+01,4.853900000000000000e+04,1.695627152700164288e+03
2.710000000000000000e+02,8.498489655172413393e+01,4.854700000000000000e+04,1.671506738268190247e+03
2.720000000000000000e+02,8.501993103448275235e+01,4.849100000000000000e+04,1.672068192721633750e+03
2.730000000000000000e+02,8.505496551724137078e+01,4.852300000000000000e+04,1.676036244292435413e+03
2.740000000000000000e+02,8.509000000000000341e+01,4.854700000000000000e+04,1.696778065031627420e+03
2.750000000000000000e+02,8.512503448275860762e+01,4.853100000000000000e+04,1.682247160194350727e+03
2.760000000000000000e+02,8.516006896551724026e+01,4.856300000000000000e+04,1.677869667293569364e+03
2.770000000000000000e+02,8.519510344827585868e+01,4.851500000000000000e+04,1.671213063793049741e+03
2.780000000000000000e+02,8.523013793103447711e+01,4.857100000000000000e+04,1.676437512183829540e+03
2.790000000000000000e+02,8.526517241379310974e+01,4.855500000000000000e+04,1.695393729355376536e+03
2.800000000000000000e+02,8.530020689655171395e+01,4.856300000000000000e+04,1.689512800499237756e+03
2.810000000000000000e+02,8.533524137931033238e+01,4.850700000000000000e+04,1.684571083585135284e+03
2.820000000000000000e+02,8.537027586206896501e+01,4.848300000000000000e+04,1.684039650558656831e+03
2.830000000000000000e+02,8.540531034482758344e+01,4.851500000000000000e+04,1.683217697999011307e+03
2.840000000000000000e+02,8.544034482758620186e+01,4.853100000000000000e+04,1.674970869385728065e+03
2.850000000000000000e+02,8.547537931034482028e+01,4.852300000000000000e+04,1.691228872216267746e+03
2.860000000000000000e+02,8.551041379310343871e+01,4.849100000000000000e+04,1.689292657898517291e+03
2.870000000000000000e+02,8.554544827586207134e+01,4.852300000000000000e+04,1.679504794218968755e+03
2.880000000000000000e+02,8.558048275862068976e+01,4.849100000000000000e+04,1.696135495873313630e+03
2.890000000000000000e+02,8.561551724137930819e+01,4.853900000000000000e+04,1.689407017686533436e+03
2.900000000000000000e+02,8.565055172413792661e+01,4.853900000000000000e+04,1.695600208356545409e+03
2.910000000000000000e+02,8.568558620689654504e+01,4.852300000000000000e+04,1.690786023217283855e+03
2.920000000000000000e+02,8.572062068965516346e+01,4.853900000000000000e+04,1.692901067447343166e+03
2.930000000000000000e+02,8.575565517241379609e+01,4.856300000000000000e+04,1.686450266746134503e+03
2.940000000000000000e+02,8.579068965517241452e+01,4.850700000000000000e+04,1.685429876384040199e+03
2.950000000000000000e+02,8.582572413793103294e+01,4.851500000000000000e+04,1.679282539941192908e+03
2.960000000000000000e+02,8.586075862068965137e+01,4.848300000000000000e+04,1.686363993707224836e+03
2.970000000000000000e+02,8.589579310344826979e+01,4.857100000000000000e+04,1.681507369008318165e+03
2.980000000000000000e+02,8.593082758620688821e+01,4.853900000000000000e+04,1.694025246528489106e+03
2.990000000000000000e+02,8.596586206896552085e+01,4.851500000000000000e+04,1.677937036813361374e+03
3.000000000000000000e+02,8.600089655172412506e+01,4.850700000000000000e+04,1.686789683985917236e+03
3.010000000000000000e+02,8.603593103448275770e+01,4.855500000000000000e+04,1.688565497822245788e+03
3.020000000000000000e+02,8.607096551724137612e+01,4.853100000000000000e+04,1.681935634872493438e+03
3.030000000000000000e+02,8.610599999999999454e+01,4.853900000000000000e+04,1.696367799677693938e+03
3.040000000000000000e+02,8.614103448275862718e+01,4.849900000000000000e+04,1.694764828571442649e+03
3.050000000000000000e+02,8.617606896551723139e+01,4.850700000000000000e+04,1.692642988561492757e+03
3.060000000000000000e+02,8.621110344827584981e+01,4.851500000000000000e+04,1.691659892553528152e+03
3.070000000000000000e+02,8.624613793103448245e+01,4.853900000000000000e+04,1.690445598695724584e+03
3.080000000000000000e+02,8.628117241379310087e+01,4.846700000000000000e+04,1.683716376325168994e+03
3.090000000000000000e+02,8.631620689655171930e+01,4.850700000000000000e+04,1.682940315671962026e+03
3.100000000000000000e+02,8.635124137931033772e+01,4.848300000000000000e+04,1.699699726141714791e+03
3.110000000000000000e+02,8.638627586206895614e+01,4.851500000000000000e+04,1.679915044451935728e+03
3.120000000000000000e+02,8.642131034482758878e+01,4.853100000000000000e+04,1.687627221621422905e+03
3.130000000000000000e+02,8.645634482758620720e+01,4.853100000000000000e+04,1.681931290200130888e+03
3.140000000000000000e+02,8.649137931034482563e+01,4.856300000000000000e+04,1.668839998141810156e+03
3.150000000000000000e+02,8.652641379310344405e+01,4.852300000000000000e+04,1.676178657920915384e+03
3.160000000000000000e+02,8.656144827586206247e+01,4.849100000000000000e+04,1.685356886880413867e+03
3.170000000000000000e+02,8.659648275862068090e+01,4.853100000000000000e+04,1.680171955886739852e+03
3.180000000000000000e+02,8.663151724137931353e+01,4.854700000000000000e+04,1.685073878860119976e+03
3.190000000000000000e+02,8.666655172413793196e+01,4.854700000000000000e+04,1.691249635822600794e+03
3.200000000000000000e+02,8.670158620689655038e+01,4.853100000000000000e+04,1.683816211602636486e+03
3.210000000000000000e+02,8.673662068965516880e+01,4.851500000000000000e+04,1.680531774537783122e+03
3.220000000000000000e+02,8.677165517241378723e+01,4.847500000000000000e+04,1.677176480366741089e+03
3.230000000000000000e+02,8.680668965517240565e+01,4.856300000000000000e+04,1.685736388859186491e+03
3.240000000000000000e+02,8.684172413793103829e+01,4.849100000000000000e+04,1.680857086010760895e+03
3.250000000000000000e+02,8.687675862068964250e+01,4.857900000000000000e+04,1.689181367065544919e+03
3.260000000000000000e+02,8.691179310344827513e+01,4.852300000000000000e+04,1.683031392280816590e+03
3.270000000000000000e+02,8.694682758620689356e+01,4.848300000000000000e+04,1.688481982337039653e+03
3.280000000000000000e+02,8.698186206896551198e+01,4.850700000000000000e+04,1.688814998092144151e+03
3.290000000000000000e+02,8.701689655172414462e+01,4.851500000000000000e+04,1.675993644141594132e+03
3.300000000000000000e+02,8.705193103448274883e+01,4.850700000000000000e+04,1.682231429849236974e+03
3.310000000000000000e+02,8.708696551724136725e+01,4.855500000000000000e+04,1.675619826773448494e+03
3.320000000000000000e+02,8.712199999999999989e+01,4.849900000000000000e+04,1.696897247177213558e+03
3.330000000000000000e+02,8.715703448275861831e+01,4.856300000000000000e+04,1.689084995927323916e+03
3.340000000000000000e+02,8.719206896551723673e+01,4.848300000000000000e+04,1.691550458668825740e+03
3.350000000000000000e+02,8.722710344827585516e+01,4.858700000000000000e+04,1.690428546540977777e+03
3.360000000000000000e+02,8.726213793103447358e+01,4.848300000000000000e+04,1.679322370977982700e+03
3.370000000000000000e+02,8.729717241379310622e+01,4.853900000000000000e+04,1.693983686223312588e+03
3.380000000000000000e+02,8.733220689655172464e+01,4.854700000000000000e+04,1.677937036320454354e+03
3.390000000000000000e+02,8.736724137931034306e+01,4.857100000000000000e+04,1.694128839307139287e+03
3.400000000000000000e+02,8.740227586206896149e+01,4.849900000000000000e+04,1.685604275033396107e+03
3.410000000000000000e+02,8.743731034482757991e+01,4.852300000000000000e+04,1.693746837337374245e+03
3.420000000000000000e+02,8.747234482758619833e+01,4.851500000000000000e+04,1.684417748111010951e+03
3.430000000000000000e+02,8.750737931034483097e+01,4.855500000000000000e+04,1.697652142632466166e+03
3.440000000000000000e+02,8.754241379310344939e+01,4.853100000000000000e+04,1.694516333732719204e+03
3.450000000000000000e+02,8.757744827586206782e+01,4.848300000000000000e+04,1.680117367067959549e+03
3.460000000000000000e+02,8.761248275862068624e+01,4.850700000000000000e+04,1.691330073733567815e+03
3.470000000000000000e+02,8.764751724137930466e+01,4.853100000000000000e+04,1.690321803426839551e+03
3.480000000000000000e+02,8.768255172413792309e+01,4.853100000000000000e+04,1.673075391430388208e+03
3.490000000000000000e+02,8.771758620689655572e+01,4.853900000000000000e+04,1.689631214431291710e+03
3.500000000000000000e+02,8.775262068965515994e+01,4.857100000000000000e+04,1.694409183227312496e+03
3.510000000000000000e+02,8.778765517241379257e+01,4.853100000000000000e+04,1.688553978225686933e+03
3.520000000000000000e+02,8.782268965517241099e+01,4.848300000000000000e+04,1.686618144411718731e+03
3.530000000000000000e+02,8.785772413793102942e+01,4.852300000000000000e+04,1.682952378153656809e+03
3.540000000000000000e+02,8.789275862068966205e+01,4.848300000000000000e+04,1.705084507710817661e+03
3.550000000000000000e+02,8.792779310344826627e+01,4.853900000000000000e+04,1.690425872638900046e+03
3.560000000000000000e+02,8.796282758620688469e+01,4.853900000000000000e+04,1.693656192872428164e+03
3.570000000000000000e+02,8.799786206896551732e+01,4.853900000000000000e+04,1.685993542109005830e+03
3.580000000000000000e+02,8.803289655172413575e+01,4.852300000000000000e+04,1.686086260499151194e+03
3.590000000000000000e+02,8.806793103448275417e+01,4.856300000000000000e+04,1.700212975965627493e+03
3.600000000000000000e+02,8.810296551724137259e+01,4.851500000000000000e+04,1.693935438252557560e+03
3.610000000000000000e+02,8.813799999999999102e+01,4.855500000000000000e+04,1.691402617705822877e+03
3.620000000000000000e+02,8.817303448275862365e+01,4.849900000000000000e+04,1.681134587002979288e+03
3.630000000000000000e+02,8.820806896551724208e+01,4.855500000000000000e+04,1.692816212607463740e+03
3.640000000000000000e+02,8.824310344827586050e+01,4.850700000000000000e+04,1.685908052882558650e+03
3.650000000000000000e+02,8.827813793103447892e+01,4.853900000000000000e+04,1.686946018598991941e+03
3.660000000000000000e+02,8.831317241379309735e+01,4.853900000000000000e+04,1.684996583963463308e+03
3.670000000000000000e+02,8.834820689655171577e+01,4.853100000000000000e+04,1.688696486395371039e+03
3.680000000000000000e+02,8.838324137931034841e+01,4.852300000000000000e+04,1.683272729182804369e+03
3.690000000000000000e+02,8.841827586206896683e+01,4.850700000000000000e+04,1.684999208138366612e+03
3.700000000000000000e+02,8.845331034482758525e+01,4.853100000000000000e+04,1.688463087243873588e+03
3.710000000000000000e+02,8.848834482758620368e+01,4.856300000000000000e+04,1.685071954526634272e+03
3.720000000000000000e+02,8.852337931034482210e+01,4.850700000000000000e+04,1.690063538678394480e+03
3.730000000000000000e+02,8.855841379310344053e+01,4.853900000000000000e+04,1.697130840237757411e+03
3.740000000000000000e+02,8.859344827586207316e+01,4.854700000000000000e+04,1.704065640598552818e+03
3.750000000000000000e+02,8.862848275862067737e+01,4.852300000000000000e+04,1.687976193842976272e+03
3.760000000000000000e+02,8.866351724137931001e+01,4.851500000000000000e+04,1.674874238578106088e+03
3.770000000000000000e+02,8.869855172413792843e+01,4.857100000000000000e+04,1.685370099449072541e+03
3.780000000000000000e+02,8.873358620689654686e+01,4.853100000000000000e+04,1.691080802618176676e+03
3.790000000000000000e+02,8.876862068965517949e+01,4.852300000000000000e+04,1.684440242454944155e+03
3.800000000000000000e+02,8.880365517241378370e+01,4.848300000000000000e+04,1.688875864146914637e+03
3.810000000000000000e+02,8.883868965517240213e+01,4.858700000000000000e+04,1.695923866812321648e+03
3.820000000000000000e+02,8.887372413793103476e+01,4.851500000000000000e+04,1.683550404666456643e+03
3.830000000000000000e+02,8.890875862068965318e+01,4.848300000000000000e+04,1.703630533288558354e+03
3.840000000000000000e+02,8.894379310344827161e+01,4.850700000000000000e+04,1.687199158710901202e+03
3.850000000000000000e+02,8.897882758620689003e+01,4.856300000000000000e+04,1.683603024052447608e+03
3.860000000000000000e+02,8.901386206896550846e+01,4.851500000000000000e+04,1.675728204799886726e+03
3.870000000000000000e+02,8.904889655172412688e+01,4.852300000000000000e+04,1.689604128675772245e+03
3.880000000000000000e+02,8.908393103448275951e+01,4.849900000000000000e+04,1.692800333556603164e+03
3.890000000000000000e+02,8.911896551724137794e+01,4.853900000000000000e+04,1.684611143311149362e+03
3.900000000000000000e+02,8.915399999999999636e+01,4.850700000000000000e+04,1.696925978351956246e+03
3.910000000000000000e+02,8.918903448275861479e+01,4.850700000000000000e+04,1.690911640386726276e+03
3.920000000000000000e+02,8.922406896551723321e+01,4.855500000000000000e+04,1.691030710410023403e+03
3.930000000000000000e+02,8.925910344827586584e+01,4.849900000000000000e+04,1.692350966725194439e+03
3.940000000000000000e+02,8.929413793103448427e+01,4.853900000000000000e+04,1.699275564211865458e+03
3.950000000000000000e+02,8.932917241379308848e+01,4.853900000000000000e+04,1.692768164702912600e+03
3.960000000000000000e+02,8.936420689655172112e+01,4.853900000000000000e+04,1.682651304010314107e+03
3.970000000000000000e+02,8.939924137931033954e+01,4.851500000000000000e+04,1.696133207492119709e+03
3.980000000000000000e+02,8.943427586206895796e+01,4.852300000000000000e+04,1.683476760697224790e+03
3.990000000000000000e+02,8.946931034482759060e+01,4.854700000000000000e+04,1.689682709951850711e+03
4.000000000000000000e+02,8.950434482758619481e+01,4.851500000000000000e+04,1.680116694789824578e+03
4.010000000000000000e+02,8.953937931034482745e+01,4.850700000000000000e+04,1.681192444811808855e+03
4.020000000000000000e+02,8.957441379310344587e+01,4.855500000000000000e+04,1.685339107075900529e+03
4.030000000000000000e+02,8.960944827586206429e+01,4.850700000000000000e+04,1.696528664972021943e+03
4.040000000000000000e+02,8.964448275862068272e+01,4.853900000000000000e+04,1.687506178570067277e+03
4.050000000000000000e+02,8.967951724137930114e+01,4.853100000000000000e+04,1.688470947126506644e+03
4.060000000000000000e+02,8.971455172413791956e+01,4.856300000000000000e+04,1.685846300837302579e+03
4.070000000000000000e+02,8.974958620689655220e+01,4.858700000000000000e+04,1.682089906129663177e+03
4.080000000000000000e+02,8.978462068965517062e+01,4.849900000000000000e+04,1.694066094508407332e+03
4.090000000000000000e+02,8.981965517241378905e+01,4.850700000000000000e+04,1.690339133497092917e+03
4.100000000000000000e+02,8.985468965517240747e+01,4.857100000000000000e+04,1.704882796664801845e+03
4.110000000000000000e+02,8.988972413793102589e+01,4.852300000000000000e+04,1.688777695865154783e+03
4.120000000000000000e+02,8.992475862068964432e+01,4.856300000000000000e+04,1.699568581086880158e+03
4.130000000000000000e+02,8.995979310344827695e+01,4.857100000000000000e+04,1.680882598019181387e+03
4.140000000000000000e+02,8.999482758620688116e+01,4.856300000000000000e+04,1.691014074374189249e+03
4.150000000000000000e+02,9.002986206896551380e+01,4.855500000000000000e+04,1.680921808792553293e+03
4.160000000000000000e+02,9.006489655172413222e+01,4.854700000000000000e+04,1.683534711226278205e+03
4.170000000000000000e+02,9.009993103448275065e+01,4.853100000000000000e+04,1.687145777594707852e+03
4.180000000000000000e+02,9.013496551724138328e+01,4.852300000000000000e+04,1.687635483419860975e+03
4.190000000000000000e+02,9.016999999999998749e+01,4.853100000000000000e+04,1.689032290507243033e+03
4.200000000000000000e+02,9.020503448275860592e+01,4.852300000000000000e+04,1.684498561566610533e+03
4.210000000000000000e+02,9.024006896551723855e+01,4.856300000000000000e+04,1.682346900003830569e+03
4.220000000000000000e+02,9.027510344827585698e+01,4.855500000000000000e+04,1.683861216453150973e+03
4.230000000000000000e+02,9.031013793103447540e+01,4.852300000000000000e+04,1.698798677948384920e+03
4.240000000000000000e+02,9.034517241379309382e+01,4.846700000000000000e+04,1.679615927050377422e+03
4.250000000000000000e+02,9.038020689655171225e+01,4.851500000000000000e+04,1.683732718456643397e+03
4.260000000000000000e+02,9.041524137931034488e+01,4.852300000000000000e+04,1.688047030154535150e+03
4.270000000000000000e+02,9.045027586206896331e+01,4.850700000000000000e+04,1.694898513273248909e+03
4.280000000000000000e+02,9.048531034482756752e+01,4.850700000000000000e+04,1.698041684337875267e+03
4.290000000000000000e+02,9.052034482758620015e+01,4.853900000000000000e+04,1.695080377144452768e+03
4.300000000000000000e+02,9.055537931034481858e+01,4.858700000000000000e+04,1.699601197687375361e+03
4.310000000000000000e+02,9.059041379310345121e+01,4.854700000000000000e+04,1.686653627660424945e+03
4.320000000000000000e+02,9.062544827586206964e+01,4.851500000000000000e+04,1.703198824057294587e+03
4.330000000000000000e+02,9.066048275862067385e+01,4.853900000000000000e+04,1.669538424616292104e+03
4.340000000000000000e+02,9.069551724137930648e+01,4.856300000000000000e+04,1.691469592232969035e+03
4.350000000000000000e+02,9.073055172413792491e+01,4.854700000000000000e+04,1.688413110529897494e+03
4.360000000000000000e+02,9.076558620689655754e+01,4.853900000000000000e+04,1.686567121795972071e+03
4.370000000000000000e+02,9.080062068965516175e+01,4.848300000000000000e+04,1.691486788924619532e+03
4.380000000000000000e+02,9.083565517241378018e+01,4.854700000000000000e+04,1.700667896254499965e+03
4.390000000000000000e+02,9.087068965517241281e+01,4.853900000000000000e+04,1.684789760356330589e+03
4.400000000000000000e+02,9.090572413793103124e+01,4.856300000000000000e+04,1.694826742517015418e+03
4.410000000000000000e+02,9.094075862068966387e+01,4.854700000000000000e+04,1.700151165722215183e+03
4.420000000000000000e+02,9.097579310344826808e+01,4.853900000000000000e+04,1.688764272788215976e+03
4.430000000000000000e+02,9.101082758620688651e+01,4.851500000000000000e+04,1.689283292611188244e+03
4.440000000000000000e+02,9.104586206896551914e+01,4.851500000000000000e+04,1.697568729626064624e+03
4.450000000000000000e+02,9.108089655172412336e+01,4.849100000000000000e+04,1.685929867702638603e+03
4.460000000000000000e+02,9.111593103448275599e+01,4.849100000000000000e+04,1.697173041591357332e+03
4.470000000000000000e+02,9.115096551724137441e+01,4.849100000000000000e+04,1.695014755672775891e+03
4.480000000000000000e+02,9.118599999999999284e+01,4.850700000000000000e+04,1.698074417588710048e+03
4.490000000000000000e+02,9.122103448275862547e+01,4.855500000000000000e+04,1.703597770914106150e+03
4.500000000000000000e+02,9.125606896551722969e+01,4.851500000000000000e+04,1.692588636241164068e+03
4.510000000000000000e+02,9.129110344827586232e+01,4.853900000000000000e+04,1.691094178738503388e+03
4.520000000000000000e+02,9.132613793103448074e+01,4.853900000000000000e+04,1.680425483043964960e+03
4.530000000000000000e+02,9.136117241379308496e+01,4.846700000000000000e+04,1.680721539449092688e+03
4.540000000000000000e+02,9.139620689655171759e+01,4.848300000000000000e+04,1.690266336273028855e+03
4.550000000000000000e+02,9.143124137931033601e+01,4.858700000000000000e+04,1.695073587413163523e+03
4.560000000000000000e+02,9.146627586206896865e+01,4.850700000000000000e+04,1.695971956716516843e+03
4.570000000000000000e+02,9.150131034482758707e+01,4.853100000000000000e+04,1.690299808079186278e+03
4.580000000000000000e+02,9.153634482758619129e+01,4.851500000000000000e+04,1.688934514433620279e+03
4.590000000000000000e+02,9.157137931034482392e+01,4.850700000000000000e+04,1.684037614393007289e+03
4.600000000000000000e+02,9.160641379310344234e+01,4.855500000000000000e+04,1.695140250033638495e+03
4.610000000000000000e+02,9.164144827586207498e+01,4.853100000000000000e+04,1.693838091984939865e+03
4.620000000000000000e+02,9.167648275862067919e+01,4.853900000000000000e+04,1.705280173440468388e+03
4.630000000000000000e+02,9.171151724137929762e+01,4.849100000000000000e+04,1.688963125457770957e+03
4.640000000000000000e+02,9.174655172413793025e+01,4.853900000000000000e+04,1.698806125736575268e+03
4.650000000000000000e+02,9.178158620689654867e+01,4.857100000000000000e+04,1.684679309883513042e+03
4.660000000000000000e+02,9.181662068965518131e+01,4.850700000000000000e+04,1.685180731146128210e+03
4.670000000000000000e+02,9.185165517241378552e+01,4.854700000000000000e+04,1.699659583706489002e+03
4.680000000000000000e+02,9.188668965517240395e+01,4.853100000000000000e+04,1.696417775205030466e+03
4.690000000000000000e+02,9.192172413793103658e+01,4.853100000000000000e+04,1.694437991082141707e+03
4.700000000000000000e+02,9.195675862068964079e+01,4.853100000000000000e+04,1.696751237822912572e+03
4.710000000000000000e+02,9.199179310344827343e+01,4.853100000000000000e+04,1.694316836266925293e+03
4.720000000000000000e+02,9.202682758620689185e+01,4.857900000000000000e+04,1.690434413298728941e+03
4.730000000000000000e+02,9.206186206896551028e+01,4.851500000000000000e+04,1.694986451486232454e+03
4.740000000000000000e+02,9.209689655172414291e+01,4.853900000000000000e+04,1.685979435320356515e+03
4.750000000000000000e+02,9.213193103448274712e+01,4.849100000000000000e+04,1.677071035423699186e+03
4.760000000000000000e+02,9.216696551724137976e+01,4.854700000000000000e+04,1.691585945602658740e+03
4.770000000000000000e+02,9.220199999999999818e+01,4.854700000000000000e+04,1.688097050613279180e+03
4.780000000000000000e+02,9.223703448275860239e+01,4.851500000000000000e+04,1.685451285586912036e+03
4.790000000000000000e+02,9.227206896551723503e+01,4.850700000000000000e+04,1.690618433333622306e+03
4.800000000000000000e+02,9.230710344827585345e+01,4.854700000000000000e+04,1.699173784836379355e+03
4.810000000000000000e+02,9.234213793103448609e+01,4.849100000000000000e+04,1.693021879913708062e+03
4.820000000000000000e+02,9.237717241379310451e+01,4.855500000000000000e+04,1.683217523837487988e+03
4.830000000000000000e+02,9.241220689655170872e+01,4.853100000000000000e+04,1.688803315025257689e+03
4.840000000000000000e+02,9.244724137931034136e+01,4.855500000000000000e+04,1.708136210349352268e+03
4.850000000000000000e+02,9.248227586206895978e+01,4.855500000000000000e+04,1.686858489275659622e+03
4.860000000000000000e+02,9.251731034482759242e+01,4.856300000000000000e+04,1.693162627675424346e+03
4.870000000000000000e+02,9.255234482758619663e+01,4.853100000000000000e+04,1.697465132496581418e+03
4.880000000000000000e+02,9.258737931034481505e+01,4.852300000000000000e+04,1.693171398971209555e+03
4.890000000000000000e+02,9.262241379310344769e+01,4.855500000000000000e+04,1.684624255278361943e+03
4.900000000000000000e+02,9.265744827586206611e+01,4.855500000000000000e+04,1.686962751419768438e+03
4.910000000000000000e+02,9.269248275862069875e+01,4.850700000000000000e+04,1.685161574832893848e+03
4.920000000000000000e+02,9.272751724137930296e+01,4.857900000000000000e+04,1.685713277421454450e+03
4.930000000000000000e+02,9.276255172413792138e+01,4.850700000000000000e+04,1.672366385636400082e+03
4.940000000000000000e+02,9.279758620689655402e+01,4.851500000000000000e+04,1.686245774084443610e+03
4.950000000000000000e+02,9.283262068965515823e+01,4.853900000000000000e+04,1.684220365818261371e+03
4.960000000000000000e+02,9.286765517241379086e+01,4.853900000000000000e+04,1.699121351851349118e+03
4.970000000000000000e+02,9.290268965517240929e+01,4.849900000000000000e+04,1.694487770841210477e+03
4.980000000000000000e+02,9.293772413793102771e+01,4.855500000000000000e+04,1.700176763318600024e+03
4.990000000000000000e+02,9.297275862068966035e+01,4.858700000000000000e+04,1.687948331819888381e+03
5.000000000000000000e+02,9.300779310344826456e+01,4.854700000000000000e+04,1.699676252657052828e+03
5.010000000000000000e+02,9.304282758620689719e+01,4.855500000000000000e+04,1.680752944693751260e+03
5.020000000000000000e+02,9.307786206896551562e+01,4.854700000000000000e+04,1.704235484290055638e+03
5.030000000000000000e+02,9.311289655172411983e+01,4.851500000000000000e+04,1.694527419675547890e+03
5.040000000000000000e+02,9.314793103448275247e+01,4.856300000000000000e+04,1.697083624872917653e+03
5.050000000000000000e+02,9.318296551724137089e+01,4.850700000000000000e+04,1.698265282108618976e+03
5.060000000000000000e+02,9.321800000000000352e+01,4.852300000000000000e+04,1.686965516971010175e+03
5.070000000000000000e+02,9.325303448275862195e+01,4.847500000000000000e+04,1.695736066744593472e+03
5.080000000000000000e+02,9.328806896551722616e+01,4.852300000000000000e+04,1.681343695295892303e+03
5.090000000000000000e+02,9.332310344827585880e+01,4.856300000000000000e+04,1.682911376459226631e+03
5.100000000000000000e+02,9.335813793103447722e+01,4.848300000000000000e+04,1.689140240481247247e+03
5.110000000000000000e+02,9.339317241379310985e+01,4.855500000000000000e+04,1.692273819443099910e+03
5.120000000000000000e+02,9.342820689655171407e+01,4.853100000000000000e+04,1.688473497186799932e+03
5.130000000000000000e+02,9.346324137931033249e+01,4.853100000000000000e+04,1.693308607786843595e+03
5.140000000000000000e+02,9.349827586206896513e+01,4.850700000000000000e+04,1.691961472138631052e+03
5.150000000000000000e+02,9.353331034482758355e+01,4.853900000000000000e+04,1.691496913958469577e+03
5.160000000000000000e+02,9.356834482758621618e+01,4.852300000000000000e+04,1.689413023019604907e+03
5.170000000000000000e+02,9.360337931034482040e+01,4.850700000000000000e+04,1.694489057406552774e+03
5.180000000000000000e+02,9.363841379310343882e+01,4.853900000000000000e+04,1.688440320501514407e+03
5.190000000000000000e+02,9.367344827586207145e+01,4.853100000000000000e+04,1.694209158599647253e+03
5.200000000000000000e+02,9.370848275862067567e+01,4.853900000000000000e+04,1.697426691464826035e+03
5.210000000000000000e+02,9.374351724137930830e+01,4.850700000000000000e+04,1.688684666308910209e+03
5.220000000000000000e+02,9.377855172413792673e+01,4.850700000000000000e+04,1.691621341372068628e+03
5.230000000000000000e+02,9.381358620689654515e+01,4.857100000000000000e+04,1.693426961089882070e+03
5.240000000000000000e+02,9.384862068965517778e+01,4.849900000000000000e+04,1.695029448004115693e+03
5.250000000000000000e+02,9.388365517241378200e+01,4.848300000000000000e+04,1.677073478120707478e+03
5.260000000000000000e+02,9.391868965517241463e+01,4.853900000000000000e+04,1.697532842001089193e+03
5.270000000000000000e+02,9.395372413793103306e+01,4.850700000000000000e+04,1.692952930213758464e+03
5.280000000000000000e+02,9.398875862068963727e+01,4.853100000000000000e+04,1.692206916159330603e+03
5.290000000000000000e+02,9.402379310344826990e+01,4.851500000000000000e+04,1.697825172233820240e+03
5.300000000000000000e+02,9.405882758620688833e+01,4.856300000000000000e+04,1.685485988616018631e+03
5.310000000000000000e+02,9.409386206896552096e+01,4.848300000000000000e+04,1.691424004780053792e+03
5.320000000000000000e+02,9.412889655172413939e+01,4.859500000000000000e+04,1.681809077373675791e+03
5.330000000000000000e+02,9.416393103448274360e+01,4.852300000000000000e+04,1.707449296299921571e+03
5.340000000000000000e+02,9.419896551724137623e+01,4.857100000000000000e+04,1.683866574370190392e+03
5.350000000000000000e+02,9.423399999999999466e+01,4.849900000000000000e+04,1.689035499297293427e+03
5.360000000000000000e+02,9.426903448275862729e+01,4.849100000000000000e+04,1.689232951507754251e+03
5.370000000000000000e+02,9.430406896551723150e+01,4.853900000000000000e+04,1.691135314556765024e+03
5.380000000000000000e+02,9.433910344827584993e+01,4.853900000000000000e+04,1.682512690861300598e+03
5.390000000000000000e+02,9.437413793103448256e+01,4.853900000000000000e+04,1.697637220701378965e+03
5.400000000000000000e+02,9.440917241379310099e+01,4.851500000000000000e+04,1.691807491533880693e+03
5.410000000000000000e+02,9.444420689655173362e+01,4.852300000000000000e+04,1.685273957099319887e+03
5.420000000000000000e+02,9.447924137931033783e+01,4.853100000000000000e+04,1.692516033544567563e+03
5.430000000000000000e+02,9.451427586206895626e+01,4.848300000000000000e+04,1.676719947843450655e+03
5.440000000000000000e+02,9.454931034482758889e+01,4.855500000000000000e+04,1.697329288691187230e+03
5.450000000000000000e+02,9.458434482758619311e+01,4.853100000000000000e+04,1.679689129002711070e+03
5.460000000000000000e+02,9.461937931034482574e+01,4.851500000000000000e+04,1.710700487898423262e+03
5.470000000000000000e+02,9.465441379310344416e+01,4.852300000000000000e+04,1.705523052091262571e+03
5.480000000000000000e+02,9.468944827586206259e+01,4.850700000000000000e+04,1.692370789035764801e+03
5.490000000000000000e+02,9.472448275862069522e+01,4.854700000000000000e+04,1.689212264407647581e+03
5.500000000000000000e+02,9.475951724137929943e+01,4.853900000000000000e+04,1.696596441676299037e+03
5.510000000000000000e+02,9.479455172413793207e+01,4.852300000000000000e+04,1.700069251607667638e+03
5.520000000000000000e+02,9.482958620689655049e+01,4.853100000000000000e+04,1.698060533186510156e+03
5.530000000000000000e+02,9.486462068965515471e+01,4.852300000000000000e+04,1.700916820660047279e+03
5.540000000000000000e+02,9.489965517241378734e+01,4.857900000000000000e+04,1.702331116062551246e+03
5.550000000000000000e+02,9.493468965517240576e+01,4.856300000000000000e+04,1.689135877146026587e+03
5.560000000000000000e+02,9.496972413793103840e+01,4.850700000000000000e+04,1.704767258339377577e+03
5.570000000000000000e+02,9.500475862068965682e+01,4.856300000000000000e+04,1.687382997191050436e+03
5.580000000000000000e+02,9.503979310344826104e+01,4.854700000000000000e+04,1.695481721823655562e+03
5.590000000000000000e+02,9.507482758620689367e+01,4.854700000000000000e+04,1.687398635498603880e+03
5.600000000000000000e+02,9.510986206896551209e+01,4.853900000000000000e+04,1.690543028228172261e+03
5.610000000000000000e+02,9.514489655172414473e+01,4.854700000000000000e+04,1.703993451995449504e+03
5.620000000000000000e+02,9.517993103448274894e+01,4.849100000000000000e+04,1.694714111365011377e+03
5.630000000000000000e+02,9.521496551724136737e+01,4.853100000000000000e+04,1.694684960974079786e+03
5.640000000000000000e+02,9.525000000000000000e+01,4.856300000000000000e+04,1.686792524846555125e+03
5.650000000000000000e+02,9.528503448275861842e+01,4.855500000000000000e+04,1.686155416894850532e+03
5.660000000000000000e+02,9.532006896551725106e+01,4.854700000000000000e+04,1.693333618639717770e+03
5.670000000000000000e+02,9.535510344827585527e+01,4.853100000000000000e+04,1.702509195120741197e+03
5.680000000000000000e+02,9.539013793103447370e+01,4.852300000000000000e+04,1.687759665531292967e+03
5.690000000000000000e+02,9.542517241379310633e+01,4.850700000000000000e+04,1.700461193956306033e+03
5.700000000000000000e+02,9.546020689655171054e+01,4.852300000000000000e+04,1.698840207216420140e+03
5.710000000000000000e+02,9.549524137931034318e+01,4.850700000000000000e+04,1.689649190467685003e+03
5.720000000000000000e+02,9.553027586206896160e+01,4.853100000000000000e+04,1.692276199105655451e+03
5.730000000000000000e+02,9.556531034482758002e+01,4.857900000000000000e+04,1.692120534669370045e+03
5.740000000000000000e+02,9.560034482758621266e+01,4.851500000000000000e+04,1.693482105206820961e+03
5.750000000000000000e+02,9.563537931034481687e+01,4.853900000000000000e+04,1.690008272230415741e+03
5.760000000000000000e+02,9.567041379310344951e+01,4.850700000000000000e+04,1.690257282517634167e+03
5.770000000000000000e+02,9.570544827586206793e+01,4.850700000000000000e+04,1.690643732249225422e+03
5.780000000000000000e+02,9.574048275862067214e+01,4.857100000000000000e+04,1.705480827902463943e+03
5.790000000000000000e+02,9.577551724137930478e+01,4.851500000000000000e+04,1.700945718365596122e+03
5.800000000000000000e+02,9.581055172413792320e+01,4.855500000000000000e+04,1.700340252019172112e+03
5.810000000000000000e+02,9.584558620689655584e+01,4.855500000000000000e+04,1.687598856357669092e+03
5.820000000000000000e+02,9.588062068965517426e+01,4.848300000000000000e+04,1.691169948167475241e+03
5.830000000000000000e+02,9.591565517241377847e+01,4.853100000000000000e+04,1.696946065510781636e+03
5.840000000000000000e+02,9.595068965517241111e+01,4.853900000000000000e+04,1.704517968209213450e+03
5.850000000000000000e+02,9.598572413793102953e+01,4.853100000000000000e+04,1.702124001307823846e+03
5.860000000000000000e+02,9.602075862068966217e+01,4.853100000000000000e+04,1.696224970465963679e+03
5.870000000000000000e+02,9.605579310344826638e+01,4.853900000000000000e+04,1.692509898088115960e+03
5.880000000000000000e+02,9.609082758620688480e+01,4.853900000000000000e+04,1.693785447437465791e+03
5.890000000000000000e+02,9.612586206896551744e+01,4.853100000000000000e+04,1.691691003171745933e+03
5.900000000000000000e+02,9.616089655172413586e+01,4.850700000000000000e+04,1.690313770185242902e+03
5.910000000000000000e+02,9.619593103448276850e+01,4.853100000000000000e+04,1.706684468257809158e+03
5.920000000000000000e+02,9.623096551724137271e+01,4.853100000000000000e+04,1.683230932314570737e+03
5.930000000000000000e+02,9.626599999999999113e+01,4.853100000000000000e+04,1.680065091215872826e+03
5.940000000000000000e+02,9.630103448275862377e+01,4.857100000000000000e+04,1.687834962687849838e+03
5.950000000000000000e+02,9.633606896551722798e+01,4.853900000000000000e+04,1.704154167903507187e+03
5.960000000000000000e+02,9.637110344827586061e+01,4.853900000000000000e+04,1.687432356329481536e+03
5.970000000000000000e+02,9.640613793103447904e+01,4.856300000000000000e+04,1.695818867229059379e+03
5.980000000000000000e+02,9.644117241379309746e+01,4.853100000000000000e+04,1.690656382129255462e+03
5.990000000000000000e+02,9.647620689655173010e+01,4.855500000000000000e+04,1.692395546498750718e+03
6.000000000000000000e+02,9.651124137931033431e+01,4.854700000000000000e+04,1.687956467270395933e+03
6.010000000000000000e+02,9.654627586206896694e+01,4.854700000000000000e+04,1.693573990936734390e+03
6.020000000000000000e+02,9.658131034482758537e+01,4.849100000000000000e+04,1.696804433590536519e+03
6.030000000000000000e+02,9.661634482758618958e+01,4.857100000000000000e+04,1.701020841474884719e+03
6.040000000000000000e+02,9.665137931034482222e+01,4.850700000000000000e+04,1.694739571173306331e+03
6.050000000000000000e+02,9.668641379310344064e+01,4.852300000000000000e+04,1.702845346716890617e+03
6.060000000000000000e+02,9.672144827586207327e+01,4.849900000000000000e+04,1.690134461873358759e+03
6.070000000000000000e+02,9.675648275862069170e+01,4.854700000000000000e+04,1.691596207592650899e+03
6.080000000000000000e+02,9.679151724137929591e+01,4.856300000000000000e+04,1.683065300083284910e+03
6.090000000000000000e+02,9.682655172413792855e+01,4.851500000000000000e+04,1.698037129252247496e+03
6.100000000000000000e+02,9.686158620689654697e+01,4.854700000000000000e+04,1.671587132264565071e+03
6.110000000000000000e+02,9.689662068965517960e+01,4.852300000000000000e+04,1.697344845934776004e+03
6.120000000000000000e+02,9.693165517241378382e+01,4.853900000000000000e+04,1.694176345687155163e+03
6.130000000000000000e+02,9.696668965517240224e+01,4.849900000000000000e+04,1.703126996146397460e+03
6.140000000000000000e+02,9.700172413793103487e+01,4.851500000000000000e+04,1.687820153644348920e+03
6.150000000000000000e+02,9.703675862068965330e+01,4.852300000000000000e+04,1.694521528571537601e+03
6.160000000000000000e+02,9.707179310344828593e+01,4.849100000000000000e+04,1.702910455021319876e+03
6.170000000000000000e+02,9.710682758620689015e+01,4.853900000000000000e+04,1.696837151731684344e+03
6.180000000000000000e+02,9.714186206896550857e+01,4.850700000000000000e+04,1.692044985473407905e+03
6.190000000000000000e+02,9.717689655172414120e+01,4.851500000000000000e+04,1.694377000902371719e+03
6.200000000000000000e+02,9.721193103448274542e+01,4.849900000000000000e+04,1.686800146700834375e+03
6.210000000000000000e+02,9.724696551724137805e+01,4.849900000000000000e+04,1.696363855137201881e+03
6.220000000000000000e+02,9.728199999999999648e+01,4.856300000000000000e+04,1.681972424663596485e+03
6.230000000000000000e+02,9.731703448275861490e+01,4.852300000000000000e+04,1.703285077062451364e+03
6.240000000000000000e+02,9.735206896551724753e+01,4.852300000000000000e+04,1.700689954842109728e+03
6.250000000000000000e+02,9.738710344827585175e+01,4.853900000000000000e+04,1.702333864250778788e+03
6.260000000000000000e+02,9.742213793103448438e+01,4.853100000000000000e+04,1.693860644299596288e+03
6.270000000000000000e+02,9.745717241379310281e+01,4.852300000000000000e+04,1.692666648078997696e+03
6.280000000000000000e+02,9.749220689655170702e+01,4.850700000000000000e+04,1.687110834147809555e+03
6.290000000000000000e+02,9.752724137931033965e+01,4.853100000000000000e+04,1.683167975161653203e+03
6.300000000000000000e+02,9.756227586206895808e+01,4.854700000000000000e+04,1.691048245367217987e+03
6.310000000000000000e+02,9.759731034482759071e+01,4.849100000000000000e+04,1.687567739974114829e+03
6.320000000000000000e+02,9.763234482758620914e+01,4.849100000000000000e+04,1.694059483518512707e+03
6.330000000000000000e+02,9.766737931034481335e+01,4.851500000000000000e+04,1.702804717112975823e+03
6.340000000000000000e+02,9.770241379310344598e+01,4.849900000000000000e+04,1.687079924219110808e+03
6.350000000000000000e+02,9.773744827586206441e+01,4.852300000000000000e+04,1.688804824130032330e+03
6.360000000000000000e+02,9.777248275862069704e+01,4.851500000000000000e+04,1.687591696563232063e+03
6.370000000000000000e+02,9.780751724137930125e+01,4.851500000000000000e+04,1.697449865785152269e+03
6.380000000000000000e+02,9.784255172413791968e+01,4.852300000000000000e+04,1.700424157300044271e+03
6.390000000000000000e+02,9.787758620689655231e+01,4.856300000000000000e+04,1.687039545554219330e+03
6.400000000000000000e+02,9.791262068965517074e+01,4.854700000000000000e+04,1.700947590316340211e+03
6.410000000000000000e+02,9.794765517241380337e+01,4.856300000000000000e+04,1.694093190394868998e+03
6.420000000000000000e+02,9.798268965517240758e+01,4.857900000000000000e+04,1.698069936750674287e+03
6.430000000000000000e+02,9.801772413793102601e+01,4.856300000000000000e+04,1.702509681024941528e+03
6.440000000000000000e+02,9.805275862068965864e+01,4.849100000000000000e+04,1.699987954987832154e+03
6.450000000000000000e+02,9.808779310344826285e+01,4.853900000000000000e+04,1.695690276104749273e+03
6.460000000000000000e+02,9.812282758620689549e+01,4.853900000000000000e+04,1.693186970536212129e+03
6.470000000000000000e+02,9.815786206896551391e+01,4.855500000000000000e+04,1.692413594558384830e+03
6.480000000000000000e+02,9.819289655172413234e+01,4.852300000000000000e+04,1.694554228031838875e+03
6.490000000000000000e+02,9.822793103448276497e+01,4.849100000000000000e+04,1.705167302425010348e+03
6.500000000000000000e+02,9.826296551724136918e+01,4.854700000000000000e+04,1.709282022459243308e+03
6.510000000000000000e+02,9.829800000000000182e+01,4.850700000000000000e+04,1.690370270574363531e+03
6.520000000000000000e+02,9.833303448275862024e+01,4.857100000000000000e+04,1.705998493174092800e+03
6.530000000000000000e+02,9.836806896551722446e+01,4.852300000000000000e+04,1.692252447809650903e+03
6.540000000000000000e+02,9.840310344827585709e+01,4.851500000000000000e+04,1.699204661677018521e+03
6.550000000000000000e+02,9.843813793103447551e+01,4.847500000000000000e+04,1.698149343679659296e+03
6.560000000000000000e+02,9.847317241379310815e+01,4.856300000000000000e+04,1.689617161997071889e+03
6.570000000000000000e+02,9.850820689655172657e+01,4.856300000000000000e+04,1.703364196562740744e+03
6.580000000000000000e+02,9.854324137931033079e+01,4.850700000000000000e+04,1.686349615959377616e+03
6.590000000000000000e+02,9.857827586206896342e+01,4.856300000000000000e+04,1.695943596046536641e+03
6.600000000000000000e+02,9.861331034482758184e+01,4.852300000000000000e+04,1.691394283283464574e+03
6.610000000000000000e+02,9.864834482758621448e+01,4.853900000000000000e+04,1.684201141114618395e+03
6.620000000000000000e+02,9.868337931034481869e+01,4.854700000000000000e+04,1.701117668136665770e+03
6.630000000000000000e+02,9.871841379310343711e+01,4.849900000000000000e+04,1.687190379767122977e+03
6.640000000000000000e+02,9.875344827586206975e+01,4.849100000000000000e+04,1.704166816208911996e+03
6.650000000000000000e+02,9.878848275862068817e+01,4.855500000000000000e+04,1.692064294430899736e+03
6.660000000000000000e+02,9.882351724137932081e+01,4.849900000000000000e+04,1.696457288176646443e+03
6.670000000000000000e+02,9.885855172413792502e+01,4.850700000000000000e+04,1.702449907136233378e+03
6.680000000000000000e+02,9.889358620689654344e+01,4.855500000000000000e+04,1.699246880960608223e+03
6.690000000000000000e+02,9.892862068965517608e+01,4.853100000000000000e+04,1.694423674688966912e+03
6.700000000000000000e+02,9.896365517241378029e+01,4.857100000000000000e+04,1.703990963111518113e+03
6.710000000000000000e+02,9.899868965517241293e+01,4.855500000000000000e+04,1.700439558895070377e+03
6.720000000000000000e+02,9.903372413793103135e+01,4.853100000000000000e+04,1.699080258584042213e+03
6.730000000000000000e+02,9.906875862068964977e+01,4.852300000000000000e+04,1.688398503219076929e+03
6.740000000000000000e+02,9.910379310344828241e+01,4.856300000000000000e+04,1.696766794675923165e+03
6.750000000000000000e+02,9.913882758620688662e+01,4.852300000000000000e+04,1.688950478288564682e+03
6.760000000000000000e+02,9.917386206896551926e+01,4.857100000000000000e+04,1.692507973957229069e+03
6.770000000000000000e+02,9.920889655172413768e+01,4.857100000000000000e+04,1.690584903058309010e+03
6.780000000000000000e+02,9.924393103448274189e+01,4.852300000000000000e+04,1.694234442618841285e+03
6.790000000000000000e+02,9.927896551724137453e+01,4.852300000000000000e+04,1.687086277874716870e+03
6.800000000000000000e+02,9.931399999999999295e+01,4.855500000000000000e+04,1.690321143192895079e+03
6.810000000000000000e+02,9.934903448275862559e+01,4.850700000000000000e+04,1.706667396323729690e+03
6.820000000000000000e+02,9.938406896551724401e+01,4.849100000000000000e+04,1.693292363358472358e+03
6.830000000000000000e+02,9.941910344827584822e+01,4.848300000000000000e+04,1.694699093888776588e+03
6.840000000000000000e+02,9.945413793103448086e+01,4.854700000000000000e+04,1.692056139387700796e+03
6.850000000000000000e+02,9.948917241379309928e+01,4.850700000000000000e+04,1.700306274886920392e+03
6.860000000000000000e+02,9.952420689655173192e+01,4.857100000000000000e+04,1.705412355577869903e+03
6.870000000000000000e+02,9.955924137931033613e+01,4.854700000000000000e+04,1.712166821109333114e+03
6.880000000000000000e+02,9.959427586206895455e+01,4.851500000000000000e+04,1.690872045969738565e+03
6.890000000000000000e+02,9.962931034482758719e+01,4.852300000000000000e+04,1.698147493186938163e+03
6.900000000000000000e+02,9.966434482758620561e+01,4.853100000000000000e+04,1.689481310909076001e+03
6.910000000000000000e+02,9.969937931034483825e+01,4.853900000000000000e+04,1.696311055875369448e+03
6.920000000000000000e+02,9.973441379310344246e+01,4.856300000000000000e+04,1.689276050417428223e+03
6.930000000000000000e+02,9.976944827586206088e+01,4.853900000000000000e+04,1.698970116152827586e+03
6.940000000000000000e+02,9.980448275862069352e+01,4.849100000000000000e+04,1.695721535470223444e+03
6.950000000000000000e+02,9.983951724137929773e+01,4.853900000000000000e+04,1.684299906005939420e+03
6.960000000000000000e+02,9.987455172413793036e+01,4.856300000000000000e+04,1.696160121897823956e+03
6.970000000000000000e+02,9.990958620689654879e+01,4.853100000000000000e+04,1.698090613867444290e+03
6.980000000000000000e+02,9.994462068965516721e+01,4.852300000000000000e+04,1.700077462641975217e+03
6.990000000000000000e+02,9.997965517241379985e+01,4.858700000000000000e+04,1.681961670228630510e+03
7.000000000000000000e+02,1.000146896551724041e+02,4.854700000000000000e+04,1.679152038585378705e+03
7.010000000000000000e+02,1.000497241379310367e+02,4.853100000000000000e+04,1.699405840889286765e+03
7.020000000000000000e+02,1.000847586206896551e+02,4.854700000000000000e+04,1.705507152318345561e+03
7.030000000000000000e+02,1.001197931034482593e+02,4.853900000000000000e+04,1.702319223487522322e+03
7.040000000000000000e+02,1.001548275862068920e+02,4.855500000000000000e+04,1.700780076596959361e+03
7.050000000000000000e+02,1.001898620689655104e+02,4.853900000000000000e+04,1.695113291165820783e+03
7.060000000000000000e+02,1.002248965517241430e+02,4.854700000000000000e+04,1.693762780011258428e+03
7.070000000000000000e+02,1.002599310344827614e+02,4.853100000000000000e+04,1.693456820492132238e+03
7.080000000000000000e+02,1.002949655172413657e+02,4.857100000000000000e+04,1.688105123171280638e+03
7.090000000000000000e+02,1.003299999999999983e+02,4.850700000000000000e+04,1.710764343783590675e+03
7.100000000000000000e+02,1.003650344827586167e+02,4.854700000000000000e+04,1.692074313614942866e+03
7.110000000000000000e+02,1.004000689655172494e+02,4.857100000000000000e+04,1.697587751212678995e+03
7.120000000000000000e+02,1.004351034482758536e+02,4.853900000000000000e+04,1.691986768722306124e+03
7.130000000000000000e+02,1.004701379310344720e+02,4.854700000000000000e+04,1.698409206772807011e+03
7.140000000000000000e+02,1.005051724137931046e+02,4.850700000000000000e+04,1.699347615207728722e+03
7.150000000000000000e+02,1.005402068965517230e+02,4.854700000000000000e+04,1.687141377024510348e+03
7.160000000000000000e+02,1.005752413793103557e+02,4.851500000000000000e+04,1.687698533960127406e+03
7.170000000000000000e+02,1.006102758620689599e+02,4.852300000000000000e+04,1.711123733410730665e+03
7.180000000000000000e+02,1.006453103448275783e+02,4.853900000000000000e+04,1.685710170330088431e+03
7.190000000000000000e+02,1.006803448275862110e+02,4.855500000000000000e+04,1.697663029806768691e+03
7.200000000000000000e+02,1.007153793103448152e+02,4.856300000000000000e+04,1.700718712396995670e+03
7.210000000000000000e+02,1.007504137931034478e+02,4.852300000000000000e+04,1.685523632218029206e+03
7.220000000000000000e+02,1.007854482758620662e+02,4.854700000000000000e+04,1.701614483341880486e+03
7.230000000000000000e+02,1.008204827586206846e+02,4.855500000000000000e+04,1.703642808080044688e+03
7.240000000000000000e+02,1.008555172413793173e+02,4.851500000000000000e+04,1.697782352662607309e+03
7.250000000000000000e+02,1.008905517241379215e+02,4.855500000000000000e+04,1.697269040061873056e+03
7.260000000000000000e+02,1.009255862068965541e+02,4.850700000000000000e+04,1.698534979861870170e+03
7.270000000000000000e+02,1.009606206896551726e+02,4.848300000000000000e+04,1.690030403571607621e+03
7.280000000000000000e+02,1.009956551724137768e+02,4.855500000000000000e+04,1.694227139929713985e+03
7.290000000000000000e+02,1.010306896551724094e+02,4.854700000000000000e+04,1.688876453052713714e+03
7.300000000000000000e+02,1.010657241379310278e+02,4.853900000000000000e+04,1.695544864015220583e+03
7.310000000000000000e+02,1.011007586206896605e+02,4.849900000000000000e+04,1.705612165662633060e+03
7.320000000000000000e+02,1.011357931034482789e+02,4.851500000000000000e+04,1.689933512760379926e+03
7.330000000000000000e+02,1.011708275862068831e+02,4.857100000000000000e+04,1.699790879471084963e+03
7.340000000000000000e+02,1.012058620689655157e+02,4.857100000000000000e+04,1.695996894032778755e+03
7.350000000000000000e+02,1.012408965517241342e+02,4.853900000000000000e+04,1.694876649384552593e+03
7.360000000000000000e+02,1.012759310344827668e+02,4.852300000000000000e+04,1.693110948907202555e+03
7.370000000000000000e+02,1.013109655172413710e+02,4.849900000000000000e+04,1.699011381147925931e+03
7.380000000000000000e+02,1.013459999999999894e+02,4.851500000000000000e+04,1.698164151061447683e+03
7.390000000000000000e+02,1.013810344827586221e+02,4.849900000000000000e+04,1.690264009352313906e+03
7.400000000000000000e+02,1.014160689655172263e+02,4.850700000000000000e+04,1.691023396273350272e+03
7.410000000000000000e+02,1.014511034482758731e+02,4.853100000000000000e+04,1.700692226879402369e+03
7.420000000000000000e+02,1.014861379310344773e+02,4.854700000000000000e+04,1.706053654115804648e+03
7.430000000000000000e+02,1.015211724137930958e+02,4.852300000000000000e+04,1.683811975276991006e+03
7.440000000000000000e+02,1.015562068965517284e+02,4.850700000000000000e+04,1.702747140656316560e+03
7.450000000000000000e+02,1.015912413793103326e+02,4.849900000000000000e+04,1.695052748217415683e+03
7.460000000000000000e+02,1.016262758620689652e+02,4.851500000000000000e+04,1.694079858744489684e+03
7.470000000000000000e+02,1.016613103448275837e+02,4.853900000000000000e+04,1.697019490623434194e+03
7.480000000000000000e+02,1.016963448275861879e+02,4.857100000000000000e+04,1.701140969052002447e+03
7.490000000000000000e+02,1.017313793103448205e+02,4.851500000000000000e+04,1.702345752680983423e+03
7.500000000000000000e+02,1.017664137931034389e+02,4.853100000000000000e+04,1.703187031050884571e+03
7.510000000000000000e+02,1.018014482758620716e+02,4.854700000000000000e+04,1.702547418189152950e+03
7.520000000000000000e+02,1.018364827586206900e+02,4.854700000000000000e+04,1.702084527635728818e+03
7.530000000000000000e+02,1.018715172413792942e+02,4.854700000000000000e+04,1.703707661530211681e+03
7.540000000000000000e+02,1.019065517241379268e+02,4.849100000000000000e+04,1.705714110776940061e+03
7.550000000000000000e+02,1.019415862068965453e+02,4.859500000000000000e+04,1.705207165582000698e+03
7.560000000000000000e+02,1.019766206896551779e+02,4.853900000000000000e+04,1.697446278654481375e+03
7.570000000000000000e+02,1.020116551724137821e+02,4.856300000000000000e+04,1.689108014345153833e+03
7.580000000000000000e+02,1.020466896551724005e+02,4.853900000000000000e+04,1.706889430729658670e+03
7.590000000000000000e+02,1.020817241379310332e+02,4.850700000000000000e+04,1.688913314288025958e+03
7.600000000000000000e+02,1.021167586206896516e+02,4.858700000000000000e+04,1.692471589234448857e+03
7.610000000000000000e+02,1.021517931034482842e+02,4.849100000000000000e+04,1.693838468254425379e+03
7.620000000000000000e+02,1.021868275862068884e+02,4.852300000000000000e+04,1.695679020216958861e+03
7.630000000000000000e+02,1.022218620689655069e+02,4.857100000000000000e+04,1.689667356087218423e+03
7.640000000000000000e+02,1.022568965517241395e+02,4.854700000000000000e+04,1.702474510081240396e+03
7.650000000000000000e+02,1.022919310344827437e+02,4.850700000000000000e+04,1.695773754123927120e+03
7.660000000000000000e+02,1.023269655172413763e+02,4.852300000000000000e+04,1.709020194009522811e+03
7.670000000000000000e+02,1.023619999999999948e+02,4.857100000000000000e+04,1.703254265941905032e+03
7.680000000000000000e+02,1.023970344827586132e+02,4.851500000000000000e+04,1.687401454010566340e+03
7.690000000000000000e+02,1.024320689655172458e+02,4.853100000000000000e+04,1.691827411859341964e+03
7.700000000000000000e+02,1.024671034482758500e+02,4.857100000000000000e+04,1.692207088531133650e+03
7.710000000000000000e+02,1.025021379310344827e+02,4.850700000000000000e+04,1.699560765190729626e+03
7.720000000000000000e+02,1.025371724137931011e+02,4.854700000000000000e+04,1.696229747333632758e+03
7.730000000000000000e+02,1.025722068965517053e+02,4.853900000000000000e+04,1.697965503986390331e+03
7.740000000000000000e+02,1.026072413793103379e+02,4.851500000000000000e+04,1.702274155309474736e+03
7.750000000000000000e+02,1.026422758620689564e+02,4.856300000000000000e+04,1.712038992239052504e+03
7.760000000000000000e+02,1.026773103448275890e+02,4.854700000000000000e+04,1.700901776478323427e+03
7.770000000000000000e+02,1.027123448275862074e+02,4.853900000000000000e+04,1.697910323988352729e+03
7.780000000000000000e+02,1.027473793103448116e+02,4.854700000000000000e+04,1.697074032251367271e+03
7.790000000000000000e+02,1.027824137931034443e+02,4.853900000000000000e+04,1.683241881828296755e+03
7.800000000000000000e+02,1.028174482758620627e+02,4.853900000000000000e+04,1.694385806552413442e+03
7.810000000000000000e+02,1.028524827586206953e+02,4.856300000000000000e+04,1.687454404846007264e+03
7.820000000000000000e+02,1.028875172413792995e+02,4.858700000000000000e+04,1.707591386947417504e+03
7.830000000000000000e+02,1.029225517241379180e+02,4.853900000000000000e+04,1.699962351835843037e+03
7.840000000000000000e+02,1.029575862068965506e+02,4.853900000000000000e+04,1.701440685560093698e+03
7.850000000000000000e+02,1.029926206896551690e+02,4.851500000000000000e+04,1.697284519788285252e+03
7.860000000000000000e+02,1.030276551724138017e+02,4.852300000000000000e+04,1.710790965910936620e+03
7.870000000000000000e+02,1.030626896551724059e+02,4.856300000000000000e+04,1.693608757475168886e+03
7.880000000000000000e+02,1.030977241379310243e+02,4.854700000000000000e+04,1.709532478622498502e+03
7.890000000000000000e+02,1.031327586206896569e+02,4.851500000000000000e+04,1.691801153831155261e+03
7.900000000000000000e+02,1.031677931034482611e+02,4.848300000000000000e+04,1.703436362052251752e+03
7.910000000000000000e+02,1.032028275862068938e+02,4.848300000000000000e+04,1.705360927701203309e+03
7.920000000000000000e+02,1.032378620689655122e+02,4.855500000000000000e+04,1.693108948563818103e+03
7.930000000000000000e+02,1.032728965517241306e+02,4.851500000000000000e+04,1.692234527623943677e+03
7.940000000000000000e+02,1.033079310344827633e+02,4.853900000000000000e+04,1.693560617805228958e+03
7.950000000000000000e+02,1.033429655172413675e+02,4.850700000000000000e+04,1.706924888219263721e+03
7.960000000000000000e+02,1.033780000000000001e+02,4.848300000000000000e+04,1.697723005571548129e+03
7.970000000000000000e+02,1.034130344827586185e+02,4.853900000000000000e+04,1.698053953196344082e+03
7.980000000000000000e+02,1.034480689655172228e+02,4.857100000000000000e+04,1.702579722260305516e+03
7.990000000000000000e+02,1.034831034482758554e+02,4.857100000000000000e+04,1.692338289568885102e+03
8.000000000000000000e+02,1.035181379310344738e+02,4.854700000000000000e+04,1.696811705253814580e+03
8.010000000000000000e+02,1.035531724137931064e+02,4.847500000000000000e+04,1.695439169674678169e+03
8.020000000000000000e+02,1.035882068965517249e+02,4.853100000000000000e+04,1.688338637718950395e+03
8.030000000000000000e+02,1.036232413793103291e+02,4.860300000000000000e+04,1.704743780835918415e+03
8.040000000000000000e+02,1.036582758620689617e+02,4.853100000000000000e+04,1.705440822740700469e+03
8.050000000000000000e+02,1.036933103448275801e+02,4.850700000000000000e+04,1.702036087846630153e+03
8.060000000000000000e+02,1.037283448275862128e+02,4.855500000000000000e+04,1.699397880866492869e+03
8.070000000000000000e+02,1.037633793103448170e+02,4.857900000000000000e+04,1.688418501233129746e+03
8.080000000000000000e+02,1.037984137931034354e+02,4.852300000000000000e+04,1.696277920313227469e+03
8.090000000000000000e+02,1.038334482758620680e+02,4.854700000000000000e+04,1.703912836350323460e+03
8.100000000000000000e+02,1.038684827586206865e+02,4.853100000000000000e+04,1.702381788600528580e+03
8.110000000000000000e+02,1.039035172413793191e+02,4.850700000000000000e+04,1.698719081219794816e+03
8.120000000000000000e+02,1.039385517241379233e+02,4.855500000000000000e+04,1.683802355049003609e+03
8.130000000000000000e+02,1.039735862068965417e+02,4.855500000000000000e+04,1.713965007419628591e+03
8.140000000000000000e+02,1.040086206896551744e+02,4.853100000000000000e+04,1.711134696298920971e+03
8.150000000000000000e+02,1.040436551724137786e+02,4.853900000000000000e+04,1.699746380538467747e+03
8.160000000000000000e+02,1.040786896551724112e+02,4.856300000000000000e+04,1.694515564377244800e+03
8.170000000000000000e+02,1.041137241379310296e+02,4.853900000000000000e+04,1.704342692309065569e+03
8.180000000000000000e+02,1.041487586206896481e+02,4.853100000000000000e+04,1.702888238156283251e+03
8.190000000000000000e+02,1.041837931034482807e+02,4.852300000000000000e+04,1.697997589881837484e+03
8.200000000000000000e+02,1.042188275862068849e+02,4.851500000000000000e+04,1.702653853960389142e+03
8.210000000000000000e+02,1.042538620689655176e+02,4.854700000000000000e+04,1.707128113620221939e+03
8.220000000000000000e+02,1.042888965517241360e+02,4.849100000000000000e+04,1.698639104714779478e+03
8.230000000000000000e+02,1.043239310344827402e+02,4.853100000000000000e+04,1.693813808459727625e+03
8.240000000000000000e+02,1.043589655172413728e+02,4.853900000000000000e+04,1.693190659351492286e+03
8.250000000000000000e+02,1.043939999999999912e+02,4.852300000000000000e+04,1.688240128044516950e+03
8.260000000000000000e+02,1.044290344827586239e+02,4.849900000000000000e+04,1.691169478753990234e+03
8.270000000000000000e+02,1.044640689655172423e+02,4.853100000000000000e+04,1.711616006553552552e+03
8.280000000000000000e+02,1.044991034482758465e+02,4.849100000000000000e+04,1.702777411006438342e+03
8.290000000000000000e+02,1.045341379310344792e+02,4.853900000000000000e+04,1.698882402255281022e+03
8.300000000000000000e+02,1.045691724137930976e+02,4.858700000000000000e+04,1.707756931874811471e+03
8.310000000000000000e+02,1.046042068965517302e+02,4.852300000000000000e+04,1.699444991401322341e+03
8.320000000000000000e+02,1.046392413793103344e+02,4.850700000000000000e+04,1.693734570680344405e+03
8.330000000000000000e+02,1.046742758620689528e+02,4.856300000000000000e+04,1.697879579904997172e+03
8.340000000000000000e+02,1.047093103448275855e+02,4.852300000000000000e+04,1.693837542855395668e+03
8.350000000000000000e+02,1.047443448275862039e+02,4.852300000000000000e+04,1.703260090272294519e+03
8.360000000000000000e+02,1.047793793103448365e+02,4.853900000000000000e+04,1.710986505921352773e+03
8.370000000000000000e+02,1.048144137931034408e+02,4.852300000000000000e+04,1.703630874454138620e+03
8.380000000000000000e+02,1.048494482758620592e+02,4.854700000000000000e+04,1.710362949539736064e+03
8.390000000000000000e+02,1.048844827586206918e+02,4.851500000000000000e+04,1.712011390233339853e+03
8.400000000000000000e+02,1.049195172413792960e+02,4.851500000000000000e+04,1.692037963272900470e+03
8.410000000000000000e+02,1.049545517241379287e+02,4.854700000000000000e+04,1.693373651967313663e+03
8.420000000000000000e+02,1.049895862068965471e+02,4.856300000000000000e+04,1.705151479716411131e+03
8.430000000000000000e+02,1.050246206896551655e+02,4.851500000000000000e+04,1.698565774879048604e+03
8.440000000000000000e+02,1.050596551724137981e+02,4.857900000000000000e+04,1.700592297651155150e+03
8.450000000000000000e+02,1.050946896551724024e+02,4.851500000000000000e+04,1.703765455708961326e+03
8.460000000000000000e+02,1.051297241379310350e+02,4.853900000000000000e+04,1.705571291364192575e+03
8.470000000000000000e+02,1.051647586206896534e+02,4.853100000000000000e+04,1.708678092919766868e+03
8.480000000000000000e+02,1.051997931034482576e+02,4.850700000000000000e+04,1.708288684837378923e+03
8.490000000000000000e+02,1.052348275862068903e+02,4.853900000000000000e+04,1.704607868228410325e+03
8.500000000000000000e+02,1.052698620689655087e+02,4.853900000000000000e+04,1.686768112979897069e+03
8.510000000000000000e+02,1.053048965517241413e+02,4.848300000000000000e+04,1.707117350969087283e+03
8.520000000000000000e+02,1.053399310344827597e+02,4.853100000000000000e+04,1.705199053187682239e+03
8.530000000000000000e+02,1.053749655172413640e+02,4.856300000000000000e+04,1.691353990482126392e+03
8.540000000000000000e+02,1.054099999999999966e+02,4.849100000000000000e+04,1.708111395480819056e+03
8.550000000000000000e+02,1.054450344827586150e+02,4.853100000000000000e+04,1.696836016036280171e+03
8.560000000000000000e+02,1.054800689655172476e+02,4.851500000000000000e+04,1.702408218018652406e+03
8.570000000000000000e+02,1.055151034482758519e+02,4.851500000000000000e+04,1.691628354216079742e+03
8.580000000000000000e+02,1.055501379310344703e+02,4.853900000000000000e+04,1.696161194895680637e+03
8.590000000000000000e+02,1.055851724137931029e+02,4.853100000000000000e+04,1.694324799879945658e+03
8.600000000000000000e+02,1.056202068965517213e+02,4.850700000000000000e+04,1.696342104960521283e+03
8.610000000000000000e+02,1.056552413793103540e+02,4.856300000000000000e+04,1.700158509595340092e+03
8.620000000000000000e+02,1.056902758620689582e+02,4.850700000000000000e+04,1.700912668164839715e+03
8.630000000000000000e+02,1.057253103448275766e+02,4.851500000000000000e+04,1.695547918120346139e+03
8.640000000000000000e+02,1.057603448275862092e+02,4.852300000000000000e+04,1.697580446894189890e+03
8.650000000000000000e+02,1.057953793103448135e+02,4.859500000000000000e+04,1.704433184497332604e+03
8.660000000000000000e+02,1.058304137931034461e+02,4.845900000000000000e+04,1.701921545071201081e+03
8.670000000000000000e+02,1.058654482758620645e+02,4.849100000000000000e+04,1.681038178037730177e+03
8.680000000000000000e+02,1.059004827586206829e+02,4.853100000000000000e+04,1.689666540073140595e+03
8.690000000000000000e+02,1.059355172413793156e+02,4.853100000000000000e+04,1.695032050807466248e+03
8.700000000000000000e+02,1.059705517241379198e+02,4.854700000000000000e+04,1.702694465821456788e+03
8.710000000000000000e+02,1.060055862068965524e+02,4.850700000000000000e+04,1.703975432884260044e+03
8.720000000000000000e+02,1.060406206896551708e+02,4.854700000000000000e+04,1.697453344711328555e+03
8.730000000000000000e+02,1.060756551724137751e+02,4.850700000000000000e+04,1.694808528806408276e+03
8.740000000000000000e+02,1.061106896551724077e+02,4.853900000000000000e+04,1.691726895252277018e+03
8.750000000000000000e+02,1.061457241379310261e+02,4.856300000000000000e+04,1.705665105569648176e+03
8.760000000000000000e+02,1.061807586206896588e+02,4.854700000000000000e+04,1.704259339424619839e+03
8.770000000000000000e+02,1.062157931034482772e+02,4.854700000000000000e+04,1.712233826727501992e+03
8.780000000000000000e+02,1.062508275862068814e+02,4.855500000000000000e+04,1.711451692191521261e+03
8.790000000000000000e+02,1.062858620689655140e+02,4.856300000000000000e+04,1.690860865516457125e+03
8.800000000000000000e+02,1.063208965517241325e+02,4.850700000000000000e+04,1.716627931879488415e+03
8.810000000000000000e+02,1.063559310344827651e+02,4.852300000000000000e+04,1.712765708574319433e+03
8.820000000000000000e+02,1.063909655172413693e+02,4.857100000000000000e+04,1.692418514302464473e+03
8.830000000000000000e+02,1.064259999999999877e+02,4.853900000000000000e+04,1.708033582574862749e+03
8.840000000000000000e+02,1.064610344827586204e+02,4.853900000000000000e+04,1.694655920404814651e+03
8.850000000000000000e+02,1.064960689655172388e+02,4.858700000000000000e+04,1.709681233533734712e+03
8.860000000000000000e+02,1.065311034482758714e+02,4.855500000000000000e+04,1.708516357628420565e+03
8.870000000000000000e+02,1.065661379310344756e+02,4.854700000000000000e+04,1.696706319972099664e+03
8.880000000000000000e+02,1.066011724137930941e+02,4.855500000000000000e+04,1.698982793790913320e+03
8.890000000000000000e+02,1.066362068965517267e+02,4.853100000000000000e+04,1.689356415493492705e+03
8.900000000000000000e+02,1.066712413793103309e+02,4.855500000000000000e+04,1.697255893171817661e+03
8.910000000000000000e+02,1.067062758620689635e+02,4.854700000000000000e+04,1.694481038994203800e+03
8.920000000000000000e+02,1.067413103448275820e+02,4.857100000000000000e+04,1.698404690823896090e+03
8.930000000000000000e+02,1.067763448275862004e+02,4.861100000000000000e+04,1.694763547542149126e+03
8.940000000000000000e+02,1.068113793103448330e+02,4.849100000000000000e+04,1.698716783644141969e+03
8.950000000000000000e+02,1.068464137931034372e+02,4.855500000000000000e+04,1.691450771774348595e+03
8.960000000000000000e+02,1.068814482758620699e+02,4.853900000000000000e+04,1.707114982983715890e+03
8.970000000000000000e+02,1.069164827586206883e+02,4.850700000000000000e+04,1.706775803723105355e+03
8.980000000000000000e+02,1.069515172413792925e+02,4.850700000000000000e+04,1.701225694653892560e+03
8.990000000000000000e+02,1.069865517241379251e+02,4.853100000000000000e+04,1.710143121029817394e+03
9.000000000000000000e+02,1.070215862068965436e+02,4.854700000000000000e+04,1.695790830205296515e+03
9.010000000000000000e+02,1.070566206896551762e+02,4.857100000000000000e+04,1.711197390338060814e+03
9.020000000000000000e+02,1.070916551724137946e+02,4.851500000000000000e+04,1.708561164169649146e+03
9.030000000000000000e+02,1.071266896551723988e+02,4.855500000000000000e+04,1.685171897794019969e+03
9.040000000000000000e+02,1.071617241379310315e+02,4.853900000000000000e+04,1.693620199301642970e+03
9.050000000000000000e+02,1.071967586206896499e+02,4.849100000000000000e+04,1.700693093889098691e+03
9.060000000000000000e+02,1.072317931034482825e+02,4.853100000000000000e+04,1.705269438123429381e+03
9.070000000000000000e+02,1.072668275862068867e+02,4.851500000000000000e+04,1.702876746441184423e+03
9.080000000000000000e+02,1.073018620689655052e+02,4.852300000000000000e+04,1.692583700737351592e+03
9.090000000000000000e+02,1.073368965517241378e+02,4.854700000000000000e+04,1.698816637348163113e+03
9.100000000000000000e+02,1.073719310344827562e+02,4.850700000000000000e+04,1.698969069285253909e+03
9.110000000000000000e+02,1.074069655172413889e+02,4.851500000000000000e+04,1.698742337790957208e+03
9.120000000000000000e+02,1.074419999999999931e+02,4.855500000000000000e+04,1.703658821374277068e+03
9.130000000000000000e+02,1.074770344827586115e+02,4.855500000000000000e+04,1.699583259861577972e+03
9.140000000000000000e+02,1.075120689655172441e+02,4.857900000000000000e+04,1.710041446012893175e+03
9.150000000000000000e+02,1.075471034482758483e+02,4.852300000000000000e+04,1.703693438785846183e+03
9.160000000000000000e+02,1.075821379310344810e+02,4.851500000000000000e+04,1.708705221490439044e+03
9.170000000000000000e+02,1.076171724137930994e+02,4.853900000000000000e+04,1.691369252118886607e+03
9.180000000000000000e+02,1.076522068965517178e+02,4.855500000000000000e+04,1.698141579928309284e+03
9.190000000000000000e+02,1.076872413793103505e+02,4.853900000000000000e+04,1.700785319064830674e+03
9.200000000000000000e+02,1.077222758620689547e+02,4.858700000000000000e+04,1.707475842612537463e+03
9.210000000000000000e+02,1.077573103448275731e+02,4.856300000000000000e+04,1.705407258183081467e+03
9.220000000000000000e+02,1.077923448275862057e+02,4.857900000000000000e+04,1.709578249121926547e+03
9.230000000000000000e+02,1.078273793103448099e+02,4.853900000000000000e+04,1.697192395112926306e+03
9.240000000000000000e+02,1.078624137931034426e+02,4.852300000000000000e+04,1.702374437820797766e+03
9.250000000000000000e+02,1.078974482758620610e+02,4.857100000000000000e+04,1.700466642189732283e+03
9.260000000000000000e+02,1.079324827586206794e+02,4.852300000000000000e+04,1.700615158125161088e+03
9.270000000000000000e+02,1.079675172413793121e+02,4.851500000000000000e+04,1.709018642185088765e+03
9.280000000000000000e+02,1.080025517241379163e+02,4.857100000000000000e+04,1.711740113608097317e+03
9.290000000000000000e+02,1.080375862068965489e+02,4.853100000000000000e+04,1.696627394753230192e+03
9.300000000000000000e+02,1.080726206896551673e+02,4.855500000000000000e+04,1.701207711076849137e+03
9.310000000000000000e+02,1.081076551724137715e+02,4.855500000000000000e+04,1.690551803469443712e+03
9.320000000000000000e+02,1.081426896551724042e+02,4.856300000000000000e+04,1.704169418537954471e+03
9.330000000000000000e+02,1.081777241379310226e+02,4.853900000000000000e+04,1.699312926144164749e+03
9.340000000000000000e+02,1.082127586206896552e+02,4.850700000000000000e+04,1.716814990594964456e+03
9.350000000000000000e+02,1.082477931034482737e+02,4.853900000000000000e+04,1.710125446508743380e+03
9.360000000000000000e+02,1.082828275862068779e+02,4.857100000000000000e+04,1.695422530394163914e+03
9.370000000000000000e+02,1.083178620689655105e+02,4.854700000000000000e+04,1.708133400400071196e+03
9.380000000000000000e+02,1.083528965517241289e+02,4.853900000000000000e+04,1.698827756256570183e+03
9.390000000000000000e+02,1.083879310344827616e+02,4.855500000000000000e+04,1.702624913431652885e+03
9.400000000000000000e+02,1.084229655172413658e+02,4.848300000000000000e+04,1.701100238938303164e+03
9.410000000000000000e+02,1.084579999999999842e+02,4.851500000000000000e+04,1.707879941580633613e+03
9.420000000000000000e+02,1.084930344827586168e+02,4.853100000000000000e+04,1.687843838583700517e+03
9.430000000000000000e+02,1.085280689655172353e+02,4.857100000000000000e+04,1.706423161396505975e+03
9.440000000000000000e+02,1.085631034482758679e+02,4.850700000000000000e+04,1.709984036433170559e+03
9.450000000000000000e+02,1.085981379310344721e+02,4.853900000000000000e+04,1.708544670762210899e+03
9.460000000000000000e+02,1.086331724137930905e+02,4.850700000000000000e+04,1.697336747733016409e+03
9.470000000000000000e+02,1.086682068965517232e+02,4.853100000000000000e+04,1.693796301006618023e+03
9.480000000000000000e+02,1.087032413793103274e+02,4.851500000000000000e+04,1.693623221525782355e+03
9.490000000000000000e+02,1.087382758620689600e+02,4.856300000000000000e+04,1.704595946608948225e+03
9.500000000000000000e+02,1.087733103448275784e+02,4.856300000000000000e+04,1.694450933363181548e+03
9.510000000000000000e+02,1.088083448275861969e+02,4.855500000000000000e+04,1.708826281822196279e+03
9.520000000000000000e+02,1.088433793103448295e+02,4.853900000000000000e+04,1.702037440829653633e+03
9.530000000000000000e+02,1.088784137931034337e+02,4.855500000000000000e+04,1.717201019139726213e+03
9.540000000000000000e+02,1.089134482758620663e+02,4.855500000000000000e+04,1.698066620011510850e+03
9.550000000000000000e+02,1.089484827586206848e+02,4.850700000000000000e+04,1.698314225493648337e+03
9.560000000000000000e+02,1.089835172413792890e+02,4.857900000000000000e+04,1.712301339307894978e+03
9.570000000000000000e+02,1.090185517241379216e+02,4.853100000000000000e+04,1.684380919015164636e+03
9.580000000000000000e+02,1.090535862068965400e+02,4.856300000000000000e+04,1.714599961077950638e+03
9.590000000000000000e+02,1.090886206896551727e+02,4.857900000000000000e+04,1.702484246769716265e+03
9.600000000000000000e+02,1.091236551724137911e+02,4.851500000000000000e+04,1.702468897208694216e+03
9.610000000000000000e+02,1.091586896551723953e+02,4.855500000000000000e+04,1.698907301863618386e+03
9.620000000000000000e+02,1.091937241379310279e+02,4.849100000000000000e+04,1.696984204655655276e+03
9.630000000000000000e+02,1.092287586206896464e+02,4.851500000000000000e+04,1.695039603019664810e+03
9.640000000000000000e+02,1.092637931034482790e+02,4.855500000000000000e+04,1.703021534408008620e+03
9.650000000000000000e+02,1.092988275862068832e+02,4.849900000000000000e+04,1.708764565083824891e+03
9.660000000000000000e+02,1.093338620689655016e+02,4.849900000000000000e+04,1.699944787667053106e+03
9.670000000000000000e+02,1.093688965517241343e+02,4.853900000000000000e+04,1.694718116344790587e+03
9.680000000000000000e+02,1.094039310344827527e+02,4.849900000000000000e+04,1.702432495711095726e+03
9.690000000000000000e+02,1.094389655172413853e+02,4.856300000000000000e+04,1.705989076479061850e+03
9.700000000000000000e+02,1.094739999999999895e+02,4.849100000000000000e+04,1.707048541064980100e+03
9.710000000000000000e+02,1.095090344827586080e+02,4.852300000000000000e+04,1.687535413613035644e+03
9.720000000000000000e+02,1.095440689655172406e+02,4.854700000000000000e+04,1.701672803749649120e+03
9.730000000000000000e+02,1.095791034482758448e+02,4.854700000000000000e+04,1.699860085862107553e+03
9.740000000000000000e+02,1.096141379310344774e+02,4.857100000000000000e+04,1.692393029772707905e+03
9.750000000000000000e+02,1.096491724137930959e+02,4.853100000000000000e+04,1.708598711994132145e+03
9.760000000000000000e+02,1.096842068965517143e+02,4.854700000000000000e+04,1.692594916240207112e+03
9.770000000000000000e+02,1.097192413793103469e+02,4.855500000000000000e+04,1.703782375101424350e+03
9.780000000000000000e+02,1.097542758620689511e+02,4.854700000000000000e+04,1.702083472754538434e+03
9.790000000000000000e+02,1.097893103448275838e+02,4.851500000000000000e+04,1.698089444971557441e+03
9.800000000000000000e+02,1.098243448275862022e+02,4.852300000000000000e+04,1.709587966373809650e+03
9.810000000000000000e+02,1.098593793103448064e+02,4.853100000000000000e+04,1.701676146179887837e+03
9.820000000000000000e+02,1.098944137931034390e+02,4.849900000000000000e+04,1.708347573481968539e+03
9.830000000000000000e+02,1.099294482758620575e+02,4.852300000000000000e+04,1.704339413745862203e+03
9.840000000000000000e+02,1.099644827586206901e+02,4.853100000000000000e+04,1.698898881198954768e+03
9.850000000000000000e+02,1.099995172413793085e+02,4.851500000000000000e+04,1.696872880769735048e+03
9.860000000000000000e+02,1.100345517241379127e+02,4.857100000000000000e+04,1.698464078853088722e+03
9.870000000000000000e+02,1.100695862068965454e+02,4.852300000000000000e+04,1.688102217767846014e+03
9.880000000000000000e+02,1.101046206896551638e+02,4.855500000000000000e+04,1.685987744733770569e+03
9.890000000000000000e+02,1.101396551724137964e+02,4.853100000000000000e+04,1.690711924084976545e+03
9.900000000000000000e+02,1.101746896551724006e+02,4.851500000000000000e+04,1.709339038918361666e+03
9.910000000000000000e+02,1.102097241379310191e+02,4.855500000000000000e+04,1.709905052621724735e+03
9.920000000000000000e+02,1.102447586206896517e+02,4.857100000000000000e+04,1.698506102605278102e+03
9.930000000000000000e+02,1.102797931034482701e+02,4.849100000000000000e+04,1.705139739988352403e+03
9.940000000000000000e+02,1.103148275862069028e+02,4.853100000000000000e+04,1.711714563323514994e+03
9.950000000000000000e+02,1.103498620689655070e+02,4.855500000000000000e+04,1.696831723283013162e+03
9.960000000000000000e+02,1.103848965517241254e+02,4.853900000000000000e+04,1.703136275038132908e+03
9.970000000000000000e+02,1.104199310344827580e+02,4.852300000000000000e+04,1.703861950472761691e+03
9.980000000000000000e+02,1.104549655172413622e+02,4.853100000000000000e+04,1.693875464424626671e+03
9.990000000000000000e+02,1.104899999999999949e+02,4.849900000000000000e+04,1.698960270659561729e+03
1.000000000000000000e+03,1.105250344827586133e+02,4.855500000000000000e+04,1.717066659549825999e+03
1.001000000000000000e+03,1.105600689655172317e+02,4.856300000000000000e+04,1.702110739706922686e+03
1.002000000000000000e+03,1.105951034482758644e+02,4.854700000000000000e+04,1.698153483177118005e+03
1.003000000000000000e+03,1.106301379310344686e+02,4.853100000000000000e+04,1.706420665695260141e+03
1.004000000000000000e+03,1.106651724137931012e+02,4.856300000000000000e+04,1.712048986186533966e+03
1.005000000000000000e+03,1.107002068965517196e+02,4.851500000000000000e+04,1.707305701874066472e+03
1.006000000000000000e+03,1.107352413793103239e+02,4.851500000000000000e+04,1.709803785643696756e+03
1.007000000000000000e+03,1.107702758620689565e+02,4.853900000000000000e+04,1.697348198337975873e+03
1.008000000000000000e+03,1.108053103448275749e+02,4.855500000000000000e+04,1.706944134245055466e+03
1.009000000000000000e+03,1.108403448275862075e+02,4.851500000000000000e+04,1.725948644580414339e+03
1.010000000000000000e+03,1.108753793103448260e+02,4.853900000000000000e+04,1.718082898468464009e+03
1.011000000000000000e+03,1.109104137931034302e+02,4.852300000000000000e+04,1.695794098540558707e+03
1.012000000000000000e+03,1.109454482758620628e+02,4.857100000000000000e+04,1.693487935870572528e+03
1.013000000000000000e+03,1.109804827586206812e+02,4.857100000000000000e+04,1.709886464828999351e+03
1.014000000000000000e+03,1.110155172413793139e+02,4.852300000000000000e+04,1.707838458574682818e+03
1.015000000000000000e+03,1.110505517241379181e+02,4.853100000000000000e+04,1.703156452391190442e+03
1.016000000000000000e+03,1.110855862068965365e+02,4.858700000000000000e+04,1.694393419079584874e+03
1.017000000000000000e+03,1.111206206896551691e+02,4.858700000000000000e+04,1.703285621341307206e+03
1.018000000000000000e+03,1.111556551724137876e+02,4.855500000000000000e+04,1.697480137988333809e+03
1.019000000000000000e+03,1.111906896551724202e+02,4.860300000000000000e+04,1.690073392538132111e+03
1.020000000000000000e+03,1.112257241379310244e+02,4.856300000000000000e+04,1.694328318008556380e+03
1.021000000000000000e+03,1.112607586206896428e+02,4.853100000000000000e+04,1.694927312267966727e+03
1.022000000000000000e+03,1.112957931034482755e+02,4.852300000000000000e+04,1.690077636824726596e+03
1.023000000000000000e+03,1.113308275862068797e+02,4.852300000000000000e+04,1.705099515107061961e+03
1.024000000000000000e+03,1.113658620689655123e+02,4.857900000000000000e+04,1.714903450310693643e+03
1.025000000000000000e+03,1.114008965517241307e+02,4.853100000000000000e+04,1.711416944192081473e+03
1.026000000000000000e+03,1.114359310344827492e+02,4.854700000000000000e+04,1.711130976321443768e+03
1.027000000000000000e+03,1.114709655172413818e+02,4.853100000000000000e+04,1.695152528962140423e+03
1.028000000000000000e+03,1.115059999999999860e+02,4.856300000000000000e+04,1.698208921911912739e+03
1.029000000000000000e+03,1.115410344827586187e+02,4.851500000000000000e+04,1.696200740958959841e+03
1.030000000000000000e+03,1.115760689655172371e+02,4.855500000000000000e+04,1.693300256377244978e+03
1.031000000000000000e+03,1.116111034482758413e+02,4.854700000000000000e+04,1.705861948800801429e+03
1.032000000000000000e+03,1.116461379310344739e+02,4.855500000000000000e+04,1.717652989551684868e+03
1.033000000000000000e+03,1.116811724137930923e+02,4.853900000000000000e+04,1.704220781688233728e+03
1.034000000000000000e+03,1.117162068965517250e+02,4.851500000000000000e+04,1.697252741219150266e+03
1.035000000000000000e+03,1.117512413793103434e+02,4.848300000000000000e+04,1.708253687378683253e+03
1.036000000000000000e+03,1.117862758620689476e+02,4.853900000000000000e+04,1.716948388118292996e+03
1.037000000000000000e+03,1.118213103448275803e+02,4.850700000000000000e+04,1.704925211219322591e+03
1.038000000000000000e+03,1.118563448275861987e+02,4.853900000000000000e+04,1.700726303780560556e+03
1.039000000000000000e+03,1.118913793103448313e+02,4.852300000000000000e+04,1.706384706814164474e+03
1.040000000000000000e+03,1.119264137931034355e+02,4.851500000000000000e+04,1.690791571383777637e+03
1.041000000000000000e+03,1.119614482758620539e+02,4.854700000000000000e+04,1.686541494896302765e+03
1.042000000000000000e+03,1.119964827586206866e+02,4.856300000000000000e+04,1.702157901247138398e+03
1.043000000000000000e+03,1.120315172413793050e+02,4.852300000000000000e+04,1.705829180048410763e+03
1.044000000000000000e+03,1.120665517241379376e+02,4.855500000000000000e+04,1.702150897973847577e+03
1.045000000000000000e+03,1.121015862068965419e+02,4.845900000000000000e+04,1.695232609699270142e+03
1.046000000000000000e+03,1.121366206896551603e+02,4.852300000000000000e+04,1.700292120911196662e+03
1.047000000000000000e+03,1.121716551724137929e+02,4.855500000000000000e+04,1.702782806233635938e+03
1.048000000000000000e+03,1.122066896551723971e+02,4.850700000000000000e+04,1.703145898797866494e+03
1.049000000000000000e+03,1.122417241379310298e+02,4.852300000000000000e+04,1.686996789308568395e+03
1.050000000000000000e+03,1.122767586206896482e+02,4.853900000000000000e+04,1.704204381803616798e+03
1.051000000000000000e+03,1.123117931034482666e+02,4.859500000000000000e+04,1.701045037802168054e+03
1.052000000000000000e+03,1.123468275862068992e+02,4.855500000000000000e+04,1.708413451309199900e+03
1.053000000000000000e+03,1.123818620689655035e+02,4.854700000000000000e+04,1.707123442372272848e+03
1.054000000000000000e+03,1.124168965517241361e+02,4.852300000000000000e+04,1.700627277741953094e+03
1.055000000000000000e+03,1.124519310344827545e+02,4.855500000000000000e+04,1.702101332704587094e+03
1.056000000000000000e+03,1.124869655172413587e+02,4.855500000000000000e+04,1.711108100353713780e+03
1.057000000000000000e+03,1.125219999999999914e+02,4.856300000000000000e+04,1.698719502617693706e+03
1.058000000000000000e+03,1.125570344827586098e+02,4.849900000000000000e+04,1.701606174084236727e+03
1.059000000000000000e+03,1.125920689655172424e+02,4.853100000000000000e+04,1.695109455090545680e+03
1.060000000000000000e+03,1.126271034482758608e+02,4.856300000000000000e+04,1.702916205534219671e+03
1.061000000000000000e+03,1.126621379310344651e+02,4.853900000000000000e+04,1.693117179182471091e+03
1.062000000000000000e+03,1.126971724137930977e+02,4.850700000000000000e+04,1.708416194257538336e+03
1.063000000000000000e+03,1.127322068965517161e+02,4.857100000000000000e+04,1.709126426051211411e+03
1.064000000000000000e+03,1.127672413793103487e+02,4.853100000000000000e+04,1.709151881139947363e+03
1.065000000000000000e+03,1.128022758620689530e+02,4.853100000000000000e+04,1.705590082763721284e+03
1.066000000000000000e+03,1.128373103448275714e+02,4.855500000000000000e+04,1.711865766356688027e+03
1.067000000000000000e+03,1.128723448275862040e+02,4.854700000000000000e+04,1.710313740001298356e+03
1.068000000000000000e+03,1.129073793103448224e+02,4.850700000000000000e+04,1.696340329705377826e+03
1.069000000000000000e+03,1.129424137931034551e+02,4.850700000000000000e+04,1.692636064153865846e+03
1.070000000000000000e+03,1.129774482758620593e+02,4.852300000000000000e+04,1.705168766551977797e+03
1.071000000000000000e+03,1.130124827586206777e+02,4.852300000000000000e+04,1.709332871535301820e+03
1.072000000000000000e+03,1.130475172413793103e+02,4.856300000000000000e+04,1.701917664868646625e+03
1.073000000000000000e+03,1.130825517241379146e+02,4.850700000000000000e+04,1.704329497719441633e+03
1.074000000000000000e+03,1.131175862068965472e+02,4.855500000000000000e+04,1.693781844183001112e+03
1.075000000000000000e+03,1.131526206896551656e+02,4.854700000000000000e+04,1.688224394790983069e+03
1.076000000000000000e+03,1.131876551724137840e+02,4.857900000000000000e+04,1.698011529709952583e+03
1.077000000000000000e+03,1.132226896551724167e+02,4.852300000000000000e+04,1.696697471048179523e+03
1.078000000000000000e+03,1.132577241379310209e+02,4.853100000000000000e+04,1.706994243178304941e+03
1.079000000000000000e+03,1.132927586206896535e+02,4.854700000000000000e+04,1.695898451157488125e+03
1.080000000000000000e+03,1.133277931034482719e+02,4.852300000000000000e+04,1.705269028549830409e+03
1.081000000000000000e+03,1.133628275862068762e+02,4.853100000000000000e+04,1.709597817811936238e+03
1.082000000000000000e+03,1.133978620689655088e+02,4.857900000000000000e+04,1.712461570318598888e+03
