column,nominal_position_mm,green_median,green_std
0.000000000000000000e+00,3.765331034482758099e+01,5.451600000000000000e+04,3.080604412441938621e+03
1.000000000000000000e+00,3.768834482758620652e+01,5.435600000000000000e+04,3.017441235110774414e+03
2.000000000000000000e+00,3.772337931034482494e+01,5.413200000000000000e+04,3.080894123294624023e+03
3.000000000000000000e+00,3.775841379310344337e+01,5.454000000000000000e+04,2.744488717723722857e+03
4.000000000000000000e+00,3.779344827586206890e+01,5.472500000000000000e+04,2.876730058353343338e+03
5.000000000000000000e+00,3.782848275862068732e+01,5.423600000000000000e+04,2.748475353949825603e+03
6.000000000000000000e+00,3.786351724137931285e+01,5.414000000000000000e+04,2.705759721106515372e+03
7.000000000000000000e+00,3.789855172413792417e+01,5.510900000000000000e+04,2.513210200756440827e+03
8.000000000000000000e+00,3.793358620689654970e+01,5.724500000000000000e+04,1.846054110353837359e+03
9.000000000000000000e+00,3.796862068965517523e+01,5.718100000000000000e+04,1.856034092583093297e+03
1.000000000000000000e+01,3.800365517241378654e+01,5.738100000000000000e+04,1.832633417134125921e+03
1.100000000000000000e+01,3.803868965517241207e+01,5.716500000000000000e+04,1.870853481898952168e+03
1.200000000000000000e+01,3.807372413793103050e+01,5.720500000000000000e+04,1.912497451586576062e+03
1.300000000000000000e+01,3.810875862068965603e+01,5.742100000000000000e+04,1.813145554918938842e+03
1.400000000000000000e+01,3.814379310344827445e+01,5.693300000000000000e+04,1.934925595900520420e+03
1.500000000000000000e+01,3.817882758620689287e+01,5.764500000000000000e+04,1.809338283884413158e+03
1.600000000000000000e+01,3.821386206896551840e+01,5.730100000000000000e+04,1.892815350874501974e+03
1.700000000000000000e+01,3.824889655172413683e+01,5.725300000000000000e+04,1.662504113746722169e+03
1.800000000000000000e+01,3.828393103448275525e+01,5.730900000000000000e+04,1.803923942047183118e+03
1.900000000000000000e+01,3.831896551724138078e+01,5.715700000000000000e+04,1.679846258522513835e+03
2.000000000000000000e+01,3.835399999999999920e+01,5.730900000000000000e+04,1.636673263856943095e+03
2.100000000000000000e+01,3.838903448275861763e+01,5.729300000000000000e+04,1.645646059511273506e+03
2.200000000000000000e+01,3.842406896551723605e+01,5.728500000000000000e+04,1.804810305349635200e+03
2.300000000000000000e+01,3.845910344827586158e+01,5.724500000000000000e+04,1.812927682052358477e+03
2.400000000000000000e+01,3.849413793103448000e+01,5.718100000000000000e+04,2.055924663056316604e+03
2.500000000000000000e+01,3.852917241379309843e+01,5.736500000000000000e+04,1.803915646179514624e+03
2.600000000000000000e+01,3.856420689655172396e+01,5.695700000000000000e+04,1.627173527671858437e+03
2.700000000000000000e+01,3.859924137931034238e+01,5.719700000000000000e+04,1.640915340907827840e+03
2.800000000000000000e+01,3.863427586206896081e+01,5.713300000000000000e+04,1.873494182517996933e+03
2.900000000000000000e+01,3.866931034482758633e+01,5.750100000000000000e+04,1.671364678468469037e+03
3.000000000000000000e+01,3.870434482758620476e+01,5.740500000000000000e+04,1.789367135353844560e+03
3.100000000000000000e+01,3.873937931034482318e+01,5.729300000000000000e+04,1.632610245332419709e+03
3.200000000000000000e+01,3.877441379310344161e+01,5.750100000000000000e+04,1.715491835801609341e+03
3.300000000000000000e+01,3.880944827586206713e+01,5.741300000000000000e+04,1.593858996640035002e+03
3.400000000000000000e+01,3.884448275862069266e+01,5.738100000000000000e+04,1.604993756053025209e+03
3.500000000000000000e+01,3.887951724137930398e+01,5.752500000000000000e+04,1.795449269820348945e+03
3.600000000000000000e+01,3.891455172413792951e+01,5.710100000000000000e+04,1.698805202042343353e+03
3.700000000000000000e+01,3.894958620689654794e+01,5.733300000000000000e+04,1.717552824361566536e+03
3.800000000000000000e+01,3.898462068965517346e+01,5.727700000000000000e+04,1.532327969277641387e+03
3.900000000000000000e+01,3.901965517241379189e+01,5.702900000000000000e+04,1.794550944510647241e+03
4.000000000000000000e+01,3.905468965517241031e+01,5.738900000000000000e+04,1.728528961574325876e+03
4.100000000000000000e+01,3.908972413793103584e+01,5.734100000000000000e+04,1.747406168287408263e+03
4.200000000000000000e+01,3.912475862068965426e+01,5.744500000000000000e+04,1.690883043429814506e+03
4.300000000000000000e+01,3.915979310344827269e+01,5.736500000000000000e+04,1.735558006814777400e+03
4.400000000000000000e+01,3.919482758620689822e+01,5.721300000000000000e+04,1.650668411771232286e+03
4.500000000000000000e+01,3.922986206896551664e+01,5.749300000000000000e+04,1.816922509993717313e+03
4.600000000000000000e+01,3.926489655172413507e+01,5.728500000000000000e+04,1.635310825869719338e+03
4.700000000000000000e+01,3.929993103448275349e+01,5.752500000000000000e+04,1.572666743118680188e+03
4.800000000000000000e+01,3.933496551724137902e+01,5.729300000000000000e+04,1.697871021741131244e+03
4.900000000000000000e+01,3.936999999999999744e+01,5.717300000000000000e+04,1.859178727320337202e+03
5.000000000000000000e+01,3.940503448275861587e+01,5.737300000000000000e+04,1.672672387383284331e+03
5.100000000000000000e+01,3.944006896551724139e+01,5.745300000000000000e+04,1.752995988422815572e+03
5.200000000000000000e+01,3.947510344827585982e+01,5.741300000000000000e+04,1.704800079941419654e+03
5.300000000000000000e+01,3.951013793103447824e+01,5.758900000000000000e+04,1.762193520703221111e+03
5.400000000000000000e+01,3.954517241379310377e+01,5.717300000000000000e+04,1.612129802241235666e+03
5.500000000000000000e+01,3.958020689655172220e+01,5.727700000000000000e+04,1.664382573430194043e+03
5.600000000000000000e+01,3.961524137931034062e+01,5.746100000000000000e+04,1.645408182511540872e+03
5.700000000000000000e+01,3.965027586206895904e+01,5.738900000000000000e+04,1.604547071331395955e+03
5.800000000000000000e+01,3.968531034482758457e+01,5.717300000000000000e+04,1.724802327588589606e+03
5.900000000000000000e+01,3.972034482758621010e+01,5.711700000000000000e+04,1.574315072412086010e+03
6.000000000000000000e+01,3.975537931034482142e+01,5.710900000000000000e+04,1.699925974520445379e+03
6.100000000000000000e+01,3.979041379310344695e+01,5.664500000000000000e+04,1.760069614774220554e+03
6.200000000000000000e+01,3.982544827586206537e+01,5.530900000000000000e+04,1.599764146685712376e+03
6.300000000000000000e+01,3.986048275862069090e+01,5.385200000000000000e+04,1.589123402407546337e+03
6.400000000000000000e+01,3.989551724137930933e+01,5.242800000000000000e+04,1.569674373425284330e+03
6.500000000000000000e+01,3.993055172413792775e+01,5.082000000000000000e+04,1.580324943872232780e+03
6.600000000000000000e+01,3.996558620689655328e+01,4.914700000000000000e+04,1.632062065228707297e+03
6.700000000000000000e+01,4.000062068965517170e+01,4.900300000000000000e+04,1.628770583550218362e+03
6.800000000000000000e+01,4.003565517241379013e+01,4.894700000000000000e+04,1.620462190357703776e+03
6.900000000000000000e+01,4.007068965517241566e+01,4.893900000000000000e+04,1.623402937812666323e+03
7.000000000000000000e+01,4.010572413793103408e+01,4.901900000000000000e+04,1.630811161816167441e+03
7.100000000000000000e+01,4.014075862068965250e+01,4.896300000000000000e+04,1.625252519124549735e+03
7.200000000000000000e+01,4.017579310344827093e+01,4.896300000000000000e+04,1.636993256938580998e+03
7.300000000000000000e+01,4.021082758620689646e+01,4.896300000000000000e+04,1.621899113711517202e+03
7.400000000000000000e+01,4.024586206896551488e+01,4.898700000000000000e+04,1.632783121997312946e+03
7.500000000000000000e+01,4.028089655172413330e+01,4.893900000000000000e+04,1.631369482169892535e+03
7.600000000000000000e+01,4.031593103448275883e+01,4.895500000000000000e+04,1.633933499288564690e+03
7.700000000000000000e+01,4.035096551724137726e+01,4.894700000000000000e+04,1.622179775401348252e+03
7.800000000000000000e+01,4.038599999999999568e+01,4.893100000000000000e+04,1.617244743723534611e+03
7.900000000000000000e+01,4.042103448275862121e+01,4.891500000000000000e+04,1.639735171229522166e+03
8.000000000000000000e+01,4.045606896551723963e+01,4.892300000000000000e+04,1.619478084497220607e+03
8.100000000000000000e+01,4.049110344827585806e+01,4.890700000000000000e+04,1.623411168739931554e+03
8.200000000000000000e+01,4.052613793103447648e+01,4.897100000000000000e+04,1.624870668091685275e+03
8.300000000000000000e+01,4.056117241379310201e+01,4.893900000000000000e+04,1.635120101100224019e+03
8.400000000000000000e+01,4.059620689655172754e+01,4.897900000000000000e+04,1.630187416456371011e+03
8.500000000000000000e+01,4.063124137931033886e+01,4.889900000000000000e+04,1.609932342543854247e+03
8.600000000000000000e+01,4.066627586206896439e+01,4.892300000000000000e+04,1.622739870222457967e+03
8.700000000000000000e+01,4.070131034482758281e+01,4.895500000000000000e+04,1.630824427170556646e+03
8.800000000000000000e+01,4.073634482758620834e+01,4.893100000000000000e+04,1.628094330525792429e+03
8.900000000000000000e+01,4.077137931034482676e+01,4.895500000000000000e+04,1.632042696318244452e+03
9.000000000000000000e+01,4.080641379310344519e+01,4.894700000000000000e+04,1.635777599699023995e+03
9.100000000000000000e+01,4.084144827586207072e+01,4.892300000000000000e+04,1.629140802542814981e+03
9.200000000000000000e+01,4.087648275862068914e+01,4.890700000000000000e+04,1.626903931367530959e+03
9.300000000000000000e+01,4.091151724137930756e+01,4.892300000000000000e+04,1.621503601533242545e+03
9.400000000000000000e+01,4.094655172413793309e+01,4.890700000000000000e+04,1.633164200770204616e+03
9.500000000000000000e+01,4.098158620689655152e+01,4.892300000000000000e+04,1.623574977040454087e+03
9.600000000000000000e+01,4.101662068965516994e+01,4.891500000000000000e+04,1.624155723597798442e+03
9.700000000000000000e+01,4.105165517241378836e+01,4.891500000000000000e+04,1.626939632309554781e+03
9.800000000000000000e+01,4.108668965517241389e+01,4.897100000000000000e+04,1.633244775025116041e+03
9.900000000000000000e+01,4.112172413793103232e+01,4.889900000000000000e+04,1.622889836189341622e+03
1.000000000000000000e+02,4.115675862068965074e+01,4.893900000000000000e+04,1.627771069650701293e+03
1.010000000000000000e+02,4.119179310344827627e+01,4.892300000000000000e+04,1.633867504012742529e+03
1.020000000000000000e+02,4.122682758620689469e+01,4.890700000000000000e+04,1.623412974433532099e+03
1.030000000000000000e+02,4.126186206896551312e+01,4.895500000000000000e+04,1.639050081526265330e+03
1.040000000000000000e+02,4.129689655172413865e+01,4.893900000000000000e+04,1.617159813247781358e+03
1.050000000000000000e+02,4.133193103448275707e+01,4.894700000000000000e+04,1.640036752529443902e+03
1.060000000000000000e+02,4.136696551724137549e+01,4.890700000000000000e+04,1.628852858046213896e+03
1.070000000000000000e+02,4.140199999999999392e+01,4.889900000000000000e+04,1.623855264018146954e+03
1.080000000000000000e+02,4.143703448275861945e+01,4.890700000000000000e+04,1.622270804131131399e+03
1.090000000000000000e+02,4.147206896551723787e+01,4.893900000000000000e+04,1.634965600029511506e+03
1.100000000000000000e+02,4.150710344827585629e+01,4.891500000000000000e+04,1.625559187061714283e+03
1.110000000000000000e+02,4.154213793103448182e+01,4.888300000000000000e+04,1.621838651723223165e+03
1.120000000000000000e+02,4.157717241379310025e+01,4.895500000000000000e+04,1.636266895918382943e+03
1.130000000000000000e+02,4.161220689655171867e+01,4.892300000000000000e+04,1.636194166054067864e+03
1.140000000000000000e+02,4.164724137931034420e+01,4.894700000000000000e+04,1.618799110792133433e+03
1.150000000000000000e+02,4.168227586206896262e+01,4.889100000000000000e+04,1.625118795956834674e+03
1.160000000000000000e+02,4.171731034482758815e+01,4.890700000000000000e+04,1.630140033443504535e+03
1.170000000000000000e+02,4.175234482758619947e+01,4.889900000000000000e+04,1.635179789184020819e+03
1.180000000000000000e+02,4.178737931034482500e+01,4.888300000000000000e+04,1.620218912183828024e+03
1.190000000000000000e+02,4.182241379310345053e+01,4.897100000000000000e+04,1.636698485221158535e+03
1.200000000000000000e+02,4.185744827586206895e+01,4.889100000000000000e+04,1.629480205844117791e+03
1.210000000000000000e+02,4.189248275862068738e+01,4.893100000000000000e+04,1.617746334998837256e+03
1.220000000000000000e+02,4.192751724137930580e+01,4.893100000000000000e+04,1.636717058484463450e+03
1.230000000000000000e+02,4.196255172413793133e+01,4.890700000000000000e+04,1.621706041645881896e+03
1.240000000000000000e+02,4.199758620689654975e+01,4.890700000000000000e+04,1.621145355724715728e+03
1.250000000000000000e+02,4.203262068965516818e+01,4.892300000000000000e+04,1.625309996239765269e+03
1.260000000000000000e+02,4.206765517241379371e+01,4.893900000000000000e+04,1.620505992694038696e+03
1.270000000000000000e+02,4.210268965517241213e+01,4.890700000000000000e+04,1.627647817297408892e+03
1.280000000000000000e+02,4.213772413793103055e+01,4.897100000000000000e+04,1.635331044349667536e+03
1.290000000000000000e+02,4.217275862068965608e+01,4.893900000000000000e+04,1.635498099441780596e+03
1.300000000000000000e+02,4.220779310344827451e+01,4.887500000000000000e+04,1.632443295556239718e+03
1.310000000000000000e+02,4.224282758620689293e+01,4.892300000000000000e+04,1.622651826236947045e+03
1.320000000000000000e+02,4.227786206896551136e+01,4.893100000000000000e+04,1.633893669634837124e+03
1.330000000000000000e+02,4.231289655172413688e+01,4.893100000000000000e+04,1.629421720744573577e+03
1.340000000000000000e+02,4.234793103448275531e+01,4.890700000000000000e+04,1.621848284135679478e+03
1.350000000000000000e+02,4.238296551724137373e+01,4.889900000000000000e+04,1.621933302026904812e+03
1.360000000000000000e+02,4.241799999999999926e+01,4.891500000000000000e+04,1.634932877816456312e+03
1.370000000000000000e+02,4.245303448275861768e+01,4.893900000000000000e+04,1.627210232827429536e+03
1.380000000000000000e+02,4.248806896551723611e+01,4.890700000000000000e+04,1.610555722373786239e+03
1.390000000000000000e+02,4.252310344827586164e+01,4.891500000000000000e+04,1.629255786441276769e+03
1.400000000000000000e+02,4.255813793103448006e+01,4.894700000000000000e+04,1.621605986488183134e+03
1.410000000000000000e+02,4.259317241379310559e+01,4.891500000000000000e+04,1.611083970470694567e+03
1.420000000000000000e+02,4.262820689655171691e+01,4.894700000000000000e+04,1.622320533918392812e+03
1.430000000000000000e+02,4.266324137931034244e+01,4.893100000000000000e+04,1.625124027216294508e+03
1.440000000000000000e+02,4.269827586206896797e+01,4.891500000000000000e+04,1.617156879719113022e+03
1.450000000000000000e+02,4.273331034482758639e+01,4.889100000000000000e+04,1.617888570063706766e+03
1.460000000000000000e+02,4.276834482758620481e+01,4.892300000000000000e+04,1.628621832373366487e+03
1.470000000000000000e+02,4.280337931034482324e+01,4.893100000000000000e+04,1.640649310462203630e+03
1.480000000000000000e+02,4.283841379310344877e+01,4.889100000000000000e+04,1.628622212365360383e+03
1.490000000000000000e+02,4.287344827586206719e+01,4.892300000000000000e+04,1.613795051692751940e+03
1.500000000000000000e+02,4.290848275862068562e+01,4.896300000000000000e+04,1.623548463667633541e+03
1.510000000000000000e+02,4.294351724137931114e+01,4.889100000000000000e+04,1.627912476117555116e+03
1.520000000000000000e+02,4.297855172413792957e+01,4.893100000000000000e+04,1.622433094556609603e+03
1.530000000000000000e+02,4.301358620689654799e+01,4.886700000000000000e+04,1.620138919105826972e+03
1.540000000000000000e+02,4.304862068965517352e+01,4.888300000000000000e+04,1.631915500149146510e+03
1.550000000000000000e+02,4.308365517241379195e+01,4.885100000000000000e+04,1.622804506382167801e+03
1.560000000000000000e+02,4.311868965517241037e+01,4.894700000000000000e+04,1.629980587852794542e+03
1.570000000000000000e+02,4.315372413793102879e+01,4.894700000000000000e+04,1.627245536084070181e+03
1.580000000000000000e+02,4.318875862068965432e+01,4.889900000000000000e+04,1.613132855289267809e+03
1.590000000000000000e+02,4.322379310344827275e+01,4.891500000000000000e+04,1.626946653400133528e+03
1.600000000000000000e+02,4.325882758620689117e+01,4.893100000000000000e+04,1.616471277652339040e+03
1.610000000000000000e+02,4.329386206896551670e+01,4.895500000000000000e+04,1.622725909838260122e+03
1.620000000000000000e+02,4.332889655172413512e+01,4.893900000000000000e+04,1.626650788141858129e+03
1.630000000000000000e+02,4.336393103448275355e+01,4.889100000000000000e+04,1.622283928737092765e+03
1.640000000000000000e+02,4.339896551724137908e+01,4.891500000000000000e+04,1.623565009228276722e+03
1.650000000000000000e+02,4.343399999999999750e+01,4.897100000000000000e+04,1.628836354680912109e+03
1.660000000000000000e+02,4.346903448275862303e+01,4.889900000000000000e+04,1.624349389279860588e+03
1.670000000000000000e+02,4.350406896551723435e+01,4.894700000000000000e+04,1.626076492596992239e+03
1.680000000000000000e+02,4.353910344827585988e+01,4.889900000000000000e+04,1.623292541433171436e+03
1.690000000000000000e+02,4.357413793103448540e+01,4.891500000000000000e+04,1.622278619924503118e+03
1.700000000000000000e+02,4.360917241379310383e+01,4.886700000000000000e+04,1.624197488305074558e+03
1.710000000000000000e+02,4.364420689655172225e+01,4.895500000000000000e+04,1.632401016837710586e+03
1.720000000000000000e+02,4.367924137931034068e+01,4.892300000000000000e+04,1.624934272384939959e+03
1.730000000000000000e+02,4.371427586206896621e+01,4.893900000000000000e+04,1.631581605873561102e+03
1.740000000000000000e+02,4.374931034482758463e+01,4.891500000000000000e+04,1.619842889938890721e+03
1.750000000000000000e+02,4.378434482758620305e+01,4.894700000000000000e+04,1.619767825625730666e+03
1.760000000000000000e+02,4.381937931034482858e+01,4.892300000000000000e+04,1.615997687553233391e+03
1.770000000000000000e+02,4.385441379310344701e+01,4.893900000000000000e+04,1.621706846623125102e+03
1.780000000000000000e+02,4.388944827586206543e+01,4.891500000000000000e+04,1.622563812666804552e+03
1.790000000000000000e+02,4.392448275862069096e+01,4.893100000000000000e+04,1.627843751874114105e+03
1.800000000000000000e+02,4.395951724137930938e+01,4.895500000000000000e+04,1.627638397191786680e+03
1.810000000000000000e+02,4.399455172413792781e+01,4.893100000000000000e+04,1.630413632909419903e+03
1.820000000000000000e+02,4.402958620689654623e+01,4.890700000000000000e+04,1.632834891864188648e+03
1.830000000000000000e+02,4.406462068965517176e+01,4.893900000000000000e+04,1.625505060602955382e+03
1.840000000000000000e+02,4.409965517241379018e+01,4.892300000000000000e+04,1.624632102131526381e+03
1.850000000000000000e+02,4.413468965517240861e+01,4.890700000000000000e+04,1.626901735630265648e+03
1.860000000000000000e+02,4.416972413793103414e+01,4.893100000000000000e+04,1.614322277970858750e+03
1.870000000000000000e+02,4.420475862068965256e+01,4.887500000000000000e+04,1.635471870978476090e+03
1.880000000000000000e+02,4.423979310344827098e+01,4.890700000000000000e+04,1.628447334430469709e+03
1.890000000000000000e+02,4.427482758620689651e+01,4.889900000000000000e+04,1.619585369011655985e+03
1.900000000000000000e+02,4.430986206896551494e+01,4.885900000000000000e+04,1.619174226207630909e+03
1.910000000000000000e+02,4.434489655172414047e+01,4.896300000000000000e+04,1.623892608517091276e+03
1.920000000000000000e+02,4.437993103448275178e+01,4.892300000000000000e+04,1.631316899634804258e+03
1.930000000000000000e+02,4.441496551724137731e+01,4.891500000000000000e+04,1.610175992888654719e+03
1.940000000000000000e+02,4.445000000000000284e+01,4.892300000000000000e+04,1.623501338531220654e+03
1.950000000000000000e+02,4.448503448275861416e+01,4.889900000000000000e+04,1.618651805840178667e+03
1.960000000000000000e+02,4.452006896551723969e+01,4.889100000000000000e+04,1.627504975239882697e+03
1.970000000000000000e+02,4.455510344827585811e+01,4.894700000000000000e+04,1.615247128765089201e+03
1.980000000000000000e+02,4.459013793103448364e+01,4.889900000000000000e+04,1.627848723669205583e+03
1.990000000000000000e+02,4.462517241379310207e+01,4.893900000000000000e+04,1.622307418648044631e+03
2.000000000000000000e+02,4.466020689655172049e+01,4.889100000000000000e+04,1.629916331471290277e+03
2.010000000000000000e+02,4.469524137931034602e+01,4.885100000000000000e+04,1.633339305681224005e+03
2.020000000000000000e+02,4.473027586206896444e+01,4.885100000000000000e+04,1.620806047359524428e+03
2.030000000000000000e+02,4.476531034482758287e+01,4.889100000000000000e+04,1.627049590968071470e+03
2.040000000000000000e+02,4.480034482758620840e+01,4.891500000000000000e+04,1.631118500659124720e+03
2.050000000000000000e+02,4.483537931034482682e+01,4.889900000000000000e+04,1.630980388111295269e+03
2.060000000000000000e+02,4.487041379310344524e+01,4.892300000000000000e+04,1.641699434046434817e+03
2.070000000000000000e+02,4.490544827586206367e+01,4.890700000000000000e+04,1.614122429316858870e+03
2.080000000000000000e+02,4.494048275862068920e+01,4.890700000000000000e+04,1.615868108087992823e+03
2.090000000000000000e+02,4.497551724137930762e+01,4.890700000000000000e+04,1.630819188791348097e+03
2.100000000000000000e+02,4.501055172413792604e+01,4.890700000000000000e+04,1.622405486742122093e+03
2.110000000000000000e+02,4.504558620689655157e+01,4.892300000000000000e+04,1.625265401995414777e+03
2.120000000000000000e+02,4.508062068965517000e+01,4.889100000000000000e+04,1.626211816236280811e+03
2.130000000000000000e+02,4.511565517241378842e+01,4.890700000000000000e+04,1.611390177453406295e+03
2.140000000000000000e+02,4.515068965517240684e+01,4.885900000000000000e+04,1.636056382931955341e+03
2.150000000000000000e+02,4.518572413793103237e+01,4.893100000000000000e+04,1.621410058565453028e+03
2.160000000000000000e+02,4.522075862068965080e+01,4.890700000000000000e+04,1.633581248311910940e+03
2.170000000000000000e+02,4.525579310344826922e+01,4.888300000000000000e+04,1.614133423216466781e+03
2.180000000000000000e+02,4.529082758620689475e+01,4.889100000000000000e+04,1.622645197743311883e+03
2.190000000000000000e+02,4.532586206896552028e+01,4.889900000000000000e+04,1.629101838420122021e+03
2.200000000000000000e+02,4.536089655172413870e+01,4.888300000000000000e+04,1.633617929666626424e+03
2.210000000000000000e+02,4.539593103448275002e+01,4.890700000000000000e+04,1.618248331665961814e+03
2.220000000000000000e+02,4.543096551724137555e+01,4.889100000000000000e+04,1.622761645963313413e+03
2.230000000000000000e+02,4.546600000000000108e+01,4.889900000000000000e+04,1.637435611809518150e+03
2.240000000000000000e+02,4.550103448275861950e+01,4.893100000000000000e+04,1.630502042074793962e+03
2.250000000000000000e+02,4.553606896551724503e+01,4.888300000000000000e+04,1.631098814767641898e+03
2.260000000000000000e+02,4.557110344827585635e+01,4.888300000000000000e+04,1.626539292995465530e+03
2.270000000000000000e+02,4.560613793103448188e+01,4.893900000000000000e+04,1.620419113069863670e+03
2.280000000000000000e+02,4.564117241379310030e+01,4.893900000000000000e+04,1.622990449556740714e+03
2.290000000000000000e+02,4.567620689655172583e+01,4.888300000000000000e+04,1.630688920457418590e+03
2.300000000000000000e+02,4.571124137931034426e+01,4.889100000000000000e+04,1.620484693306577356e+03
2.310000000000000000e+02,4.574627586206896268e+01,4.891500000000000000e+04,1.626179004298546261e+03
2.320000000000000000e+02,4.578131034482758110e+01,4.894700000000000000e+04,1.628651308622718034e+03
2.330000000000000000e+02,4.581634482758620663e+01,4.884300000000000000e+04,1.641524859655938826e+03
2.340000000000000000e+02,4.585137931034482506e+01,4.888300000000000000e+04,1.621795682899437224e+03
2.350000000000000000e+02,4.588641379310345059e+01,4.889900000000000000e+04,1.631060270022020177e+03
2.360000000000000000e+02,4.592144827586206191e+01,4.890700000000000000e+04,1.629120351477067061e+03
2.370000000000000000e+02,4.595648275862068743e+01,4.892300000000000000e+04,1.620819529928335669e+03
2.380000000000000000e+02,4.599151724137930586e+01,4.892300000000000000e+04,1.626203673977855260e+03
2.390000000000000000e+02,4.602655172413793139e+01,4.889100000000000000e+04,1.629692527883873026e+03
2.400000000000000000e+02,4.606158620689655692e+01,4.889900000000000000e+04,1.627062996324259302e+03
2.410000000000000000e+02,4.609662068965516823e+01,4.889900000000000000e+04,1.626386854961389190e+03
2.420000000000000000e+02,4.613165517241378666e+01,4.889100000000000000e+04,1.635880077631055656e+03
2.430000000000000000e+02,4.616668965517241219e+01,4.891500000000000000e+04,1.630216416318748543e+03
2.440000000000000000e+02,4.620172413793103772e+01,4.888300000000000000e+04,1.622040435934319930e+03
2.450000000000000000e+02,4.623675862068965614e+01,4.893900000000000000e+04,1.635449987750315813e+03
2.460000000000000000e+02,4.627179310344826746e+01,4.885100000000000000e+04,1.612694290653170356e+03
2.470000000000000000e+02,4.630682758620689299e+01,4.888300000000000000e+04,1.612796137597299321e+03
2.480000000000000000e+02,4.634186206896551852e+01,4.891500000000000000e+04,1.635027026599673718e+03
2.490000000000000000e+02,4.637689655172413694e+01,4.889900000000000000e+04,1.608277594398387009e+03
2.500000000000000000e+02,4.641193103448276247e+01,4.890700000000000000e+04,1.619853989630926662e+03
2.510000000000000000e+02,4.644696551724137379e+01,4.886700000000000000e+04,1.629833508697485286e+03
2.520000000000000000e+02,4.648199999999999932e+01,4.889900000000000000e+04,1.627143960909243560e+03
2.530000000000000000e+02,4.651703448275861774e+01,4.887500000000000000e+04,1.629446698477446716e+03
2.540000000000000000e+02,4.655206896551724327e+01,4.891500000000000000e+04,1.622191928603258248e+03
2.550000000000000000e+02,4.658710344827586169e+01,4.888300000000000000e+04,1.625915224083882549e+03
2.560000000000000000e+02,4.662213793103448012e+01,4.885900000000000000e+04,1.619564766415490794e+03
2.570000000000000000e+02,4.665717241379309854e+01,4.889100000000000000e+04,1.627244839075985283e+03
2.580000000000000000e+02,4.669220689655172407e+01,4.890700000000000000e+04,1.616844093013304018e+03
2.590000000000000000e+02,4.672724137931034250e+01,4.890700000000000000e+04,1.619620823971028585e+03
2.600000000000000000e+02,4.676227586206896802e+01,4.890700000000000000e+04,1.633166061094432052e+03
2.610000000000000000e+02,4.679731034482757934e+01,4.885900000000000000e+04,1.621720648531147617e+03
2.620000000000000000e+02,4.683234482758620487e+01,4.891500000000000000e+04,1.636686384454088056e+03
2.630000000000000000e+02,4.686737931034482330e+01,4.889100000000000000e+04,1.639032101242080898e+03
2.640000000000000000e+02,4.690241379310344882e+01,4.893100000000000000e+04,1.629446816158072807e+03
2.650000000000000000e+02,4.693744827586207435e+01,4.887500000000000000e+04,1.632678845948294338e+03
2.660000000000000000e+02,4.697248275862068567e+01,4.889100000000000000e+04,1.614887559719696583e+03
2.670000000000000000e+02,4.700751724137930410e+01,4.889900000000000000e+04,1.641426702063462017e+03
2.680000000000000000e+02,4.704255172413792963e+01,4.890700000000000000e+04,1.618448137934409715e+03
2.690000000000000000e+02,4.707758620689655515e+01,4.891500000000000000e+04,1.611778452287839855e+03
2.700000000000000000e+02,4.711262068965517358e+01,4.893100000000000000e+04,1.623200553444637308e+03
2.710000000000000000e+02,4.714765517241378490e+01,4.886700000000000000e+04,1.633001152469428007e+03
2.720000000000000000e+02,4.718268965517241043e+01,4.889100000000000000e+04,1.613048752252984514e+03
2.730000000000000000e+02,4.721772413793103595e+01,4.883500000000000000e+04,1.637359981017413702e+03
2.740000000000000000e+02,4.725275862068965438e+01,4.887500000000000000e+04,1.622619424094751139e+03
2.750000000000000000e+02,4.728779310344827991e+01,4.887500000000000000e+04,1.631943640505115127e+03
2.760000000000000000e+02,4.732282758620689123e+01,4.889100000000000000e+04,1.630995455514034347e+03
2.770000000000000000e+02,4.735786206896551676e+01,4.889100000000000000e+04,1.612126626698402561e+03
2.780000000000000000e+02,4.739289655172413518e+01,4.894700000000000000e+04,1.623820689042160211e+03
2.790000000000000000e+02,4.742793103448276071e+01,4.890700000000000000e+04,1.626962158264201207e+03
2.800000000000000000e+02,4.746296551724137913e+01,4.892300000000000000e+04,1.624766747883214521e+03
2.810000000000000000e+02,4.749799999999999045e+01,4.891500000000000000e+04,1.624461539213284595e+03
2.820000000000000000e+02,4.753303448275861598e+01,4.889100000000000000e+04,1.623076915752412560e+03
2.830000000000000000e+02,4.756806896551724151e+01,4.882700000000000000e+04,1.626259377338378727e+03
2.840000000000000000e+02,4.760310344827585993e+01,4.887500000000000000e+04,1.632481198684073206e+03
2.850000000000000000e+02,4.763813793103448546e+01,4.890700000000000000e+04,1.630710370163531934e+03
2.860000000000000000e+02,4.767317241379309678e+01,4.887500000000000000e+04,1.621961878715708508e+03
2.870000000000000000e+02,4.770820689655172231e+01,4.889100000000000000e+04,1.630525341191653069e+03
2.880000000000000000e+02,4.774324137931034073e+01,4.889100000000000000e+04,1.630033188025279060e+03
2.890000000000000000e+02,4.777827586206896626e+01,4.890700000000000000e+04,1.628058169400733959e+03
2.900000000000000000e+02,4.781331034482758469e+01,4.890700000000000000e+04,1.641098848376961541e+03
2.910000000000000000e+02,4.784834482758620311e+01,4.898700000000000000e+04,1.630388689513230020e+03
2.920000000000000000e+02,4.788337931034482153e+01,4.885100000000000000e+04,1.619783136444086949e+03
2.930000000000000000e+02,4.791841379310344706e+01,4.891500000000000000e+04,1.631340023790334726e+03
2.940000000000000000e+02,4.795344827586206549e+01,4.889100000000000000e+04,1.627580706752388551e+03
2.950000000000000000e+02,4.798848275862069102e+01,4.894700000000000000e+04,1.630610547647414251e+03
2.960000000000000000e+02,4.802351724137930233e+01,4.892300000000000000e+04,1.639021946273285266e+03
2.970000000000000000e+02,4.805855172413792786e+01,4.883500000000000000e+04,1.635352517042818590e+03
2.980000000000000000e+02,4.809358620689654629e+01,4.892300000000000000e+04,1.611991383276442093e+03
2.990000000000000000e+02,4.812862068965517182e+01,4.891500000000000000e+04,1.619984758010726637e+03
3.000000000000000000e+02,4.816365517241379735e+01,4.892300000000000000e+04,1.618619939968994004e+03
3.010000000000000000e+02,4.819868965517240866e+01,4.891500000000000000e+04,1.625897705163558612e+03
3.020000000000000000e+02,4.823372413793102709e+01,4.888300000000000000e+04,1.624630523276526446e+03
3.030000000000000000e+02,4.826875862068965262e+01,4.893900000000000000e+04,1.629857018011227638e+03
3.040000000000000000e+02,4.830379310344827815e+01,4.889100000000000000e+04,1.622918359085720112e+03
3.050000000000000000e+02,4.833882758620689657e+01,4.887500000000000000e+04,1.624579124848584115e+03
3.060000000000000000e+02,4.837386206896550789e+01,4.889900000000000000e+04,1.620618942766699547e+03
3.070000000000000000e+02,4.840889655172413342e+01,4.889900000000000000e+04,1.615094427682331116e+03
3.080000000000000000e+02,4.844393103448275895e+01,4.897100000000000000e+04,1.621590479314052573e+03
3.090000000000000000e+02,4.847896551724137737e+01,4.891500000000000000e+04,1.624335651491412364e+03
3.100000000000000000e+02,4.851400000000000290e+01,4.890700000000000000e+04,1.621723768575489203e+03
3.110000000000000000e+02,4.854903448275861422e+01,4.892300000000000000e+04,1.635250664050608520e+03
3.120000000000000000e+02,4.858406896551723975e+01,4.891500000000000000e+04,1.624992563818263989e+03
3.130000000000000000e+02,4.861910344827585817e+01,4.889900000000000000e+04,1.621355253434112228e+03
3.140000000000000000e+02,4.865413793103448370e+01,4.890700000000000000e+04,1.624061418057417768e+03
3.150000000000000000e+02,4.868917241379310212e+01,4.890700000000000000e+04,1.623511017325198281e+03
3.160000000000000000e+02,4.872420689655172055e+01,4.891500000000000000e+04,1.628557339822554923e+03
3.170000000000000000e+02,4.875924137931033897e+01,4.890700000000000000e+04,1.624116750991088338e+03
3.180000000000000000e+02,4.879427586206896450e+01,4.891500000000000000e+04,1.622349983567082063e+03
3.190000000000000000e+02,4.882931034482758292e+01,4.891500000000000000e+04,1.627533038245558373e+03
3.200000000000000000e+02,4.886434482758620845e+01,4.889900000000000000e+04,1.627960052467603873e+03
3.210000000000000000e+02,4.889937931034481977e+01,4.887500000000000000e+04,1.617944598813299535e+03
3.220000000000000000e+02,4.893441379310344530e+01,4.890700000000000000e+04,1.629054444305011202e+03
3.230000000000000000e+02,4.896944827586206372e+01,4.885900000000000000e+04,1.630336558131823949e+03
3.240000000000000000e+02,4.900448275862068925e+01,4.888300000000000000e+04,1.612450096903049143e+03
3.250000000000000000e+02,4.903951724137931478e+01,4.889100000000000000e+04,1.628768094560942018e+03
3.260000000000000000e+02,4.907455172413792610e+01,4.889100000000000000e+04,1.617798809855578384e+03
3.270000000000000000e+02,4.910958620689654452e+01,4.893900000000000000e+04,1.620362855457967271e+03
3.280000000000000000e+02,4.914462068965517005e+01,4.896300000000000000e+04,1.634038698058750015e+03
3.290000000000000000e+02,4.917965517241379558e+01,4.886700000000000000e+04,1.631361263464127660e+03
3.300000000000000000e+02,4.921468965517241401e+01,4.894700000000000000e+04,1.629781528131081586e+03
3.310000000000000000e+02,4.924972413793102533e+01,4.892300000000000000e+04,1.628223503482601018e+03
3.320000000000000000e+02,4.928475862068965085e+01,4.897100000000000000e+04,1.618614527523392780e+03
3.330000000000000000e+02,4.931979310344827638e+01,4.893900000000000000e+04,1.624769000770854745e+03
3.340000000000000000e+02,4.935482758620689481e+01,4.887500000000000000e+04,1.630212148441537920e+03
3.350000000000000000e+02,4.938986206896552034e+01,4.893900000000000000e+04,1.644588969953018704e+03
3.360000000000000000e+02,4.942489655172413165e+01,4.893900000000000000e+04,1.627655294033471591e+03
3.370000000000000000e+02,4.945993103448275718e+01,4.886700000000000000e+04,1.619683284054743353e+03
3.380000000000000000e+02,4.949496551724137561e+01,4.893100000000000000e+04,1.628246906917975593e+03
3.390000000000000000e+02,4.953000000000000114e+01,4.885900000000000000e+04,1.622114139195516373e+03
3.400000000000000000e+02,4.956503448275861956e+01,4.897100000000000000e+04,1.629539073078180309e+03
3.410000000000000000e+02,4.960006896551723798e+01,4.889100000000000000e+04,1.636176158598812663e+03
3.420000000000000000e+02,4.963510344827585641e+01,4.893100000000000000e+04,1.624873334618677291e+03
3.430000000000000000e+02,4.967013793103448194e+01,4.889900000000000000e+04,1.624137373168410022e+03
3.440000000000000000e+02,4.970517241379310036e+01,4.893900000000000000e+04,1.629518130270685560e+03
3.450000000000000000e+02,4.974020689655172589e+01,4.890700000000000000e+04,1.610109328084065282e+03
3.460000000000000000e+02,4.977524137931033721e+01,4.885900000000000000e+04,1.619562836452421379e+03
3.470000000000000000e+02,4.981027586206896274e+01,4.887500000000000000e+04,1.628673910150144138e+03
3.480000000000000000e+02,4.984531034482758116e+01,4.885900000000000000e+04,1.637539512570856232e+03
3.490000000000000000e+02,4.988034482758620669e+01,4.890700000000000000e+04,1.631607509210829676e+03
3.500000000000000000e+02,4.991537931034483222e+01,4.888300000000000000e+04,1.632382438966615382e+03
3.510000000000000000e+02,4.995041379310344354e+01,4.890700000000000000e+04,1.625365291842508213e+03
3.520000000000000000e+02,4.998544827586206196e+01,4.885100000000000000e+04,1.630413812072601331e+03
3.530000000000000000e+02,5.002048275862068749e+01,4.893100000000000000e+04,1.629947588894785895e+03
3.540000000000000000e+02,5.005551724137931302e+01,4.891500000000000000e+04,1.629041145237763430e+03
3.550000000000000000e+02,5.009055172413793144e+01,4.887500000000000000e+04,1.622285761544047318e+03
3.560000000000000000e+02,5.012558620689654276e+01,4.887500000000000000e+04,1.621424281106507124e+03
3.570000000000000000e+02,5.016062068965516829e+01,4.888300000000000000e+04,1.621041026399201201e+03
3.580000000000000000e+02,5.019565517241379382e+01,4.886700000000000000e+04,1.618585426818639917e+03
3.590000000000000000e+02,5.023068965517241224e+01,4.894700000000000000e+04,1.615140960245613996e+03
3.600000000000000000e+02,5.026572413793103777e+01,4.890700000000000000e+04,1.625971162729531670e+03
3.610000000000000000e+02,5.030075862068964909e+01,4.885100000000000000e+04,1.629716763297943771e+03
3.620000000000000000e+02,5.033579310344827462e+01,4.893900000000000000e+04,1.628517333516823328e+03
3.630000000000000000e+02,5.037082758620689305e+01,4.888300000000000000e+04,1.624734611570460856e+03
3.640000000000000000e+02,5.040586206896551857e+01,4.889100000000000000e+04,1.629953217044990652e+03
3.650000000000000000e+02,5.044089655172413700e+01,4.891500000000000000e+04,1.623440226889129463e+03
3.660000000000000000e+02,5.047593103448275542e+01,4.891500000000000000e+04,1.622113980946194488e+03
3.670000000000000000e+02,5.051096551724137385e+01,4.885900000000000000e+04,1.620275152796185921e+03
3.680000000000000000e+02,5.054599999999999937e+01,4.889900000000000000e+04,1.644173527472503110e+03
3.690000000000000000e+02,5.058103448275861780e+01,4.890700000000000000e+04,1.620569662829677327e+03
3.700000000000000000e+02,5.061606896551724333e+01,4.893900000000000000e+04,1.623591171062614876e+03
3.710000000000000000e+02,5.065110344827585465e+01,4.892300000000000000e+04,1.619339694945591418e+03
3.720000000000000000e+02,5.068613793103448018e+01,4.895500000000000000e+04,1.634200101009610080e+03
3.730000000000000000e+02,5.072117241379309860e+01,4.892300000000000000e+04,1.617855272085855404e+03
3.740000000000000000e+02,5.075620689655172413e+01,4.890700000000000000e+04,1.608944522803247082e+03
3.750000000000000000e+02,5.079124137931034966e+01,4.890700000000000000e+04,1.613463739736104117e+03
3.760000000000000000e+02,5.082627586206896098e+01,4.895500000000000000e+04,1.635960364590503332e+03
3.770000000000000000e+02,5.086131034482757940e+01,4.889100000000000000e+04,1.624601980549741029e+03
3.780000000000000000e+02,5.089634482758620493e+01,4.887500000000000000e+04,1.625592038367451551e+03
3.790000000000000000e+02,5.093137931034483046e+01,4.893100000000000000e+04,1.614786212902900843e+03
3.800000000000000000e+02,5.096641379310344888e+01,4.888300000000000000e+04,1.629409566042153301e+03
3.810000000000000000e+02,5.100144827586206020e+01,4.889900000000000000e+04,1.623283474379879181e+03
3.820000000000000000e+02,5.103648275862068573e+01,4.891500000000000000e+04,1.627088848107496915e+03
3.830000000000000000e+02,5.107151724137931126e+01,4.889100000000000000e+04,1.611937711017858192e+03
3.840000000000000000e+02,5.110655172413792968e+01,4.891500000000000000e+04,1.623634276000329919e+03
3.850000000000000000e+02,5.114158620689655521e+01,4.890700000000000000e+04,1.628656458209749189e+03
3.860000000000000000e+02,5.117662068965516653e+01,4.887500000000000000e+04,1.625568684352788296e+03
3.870000000000000000e+02,5.121165517241379206e+01,4.889100000000000000e+04,1.627679285767201918e+03
3.880000000000000000e+02,5.124668965517241048e+01,4.885100000000000000e+04,1.619945859819293446e+03
3.890000000000000000e+02,5.128172413793103601e+01,4.889100000000000000e+04,1.632452511837159363e+03
3.900000000000000000e+02,5.131675862068965444e+01,4.887500000000000000e+04,1.625193252802309871e+03
3.910000000000000000e+02,5.135179310344827286e+01,4.893100000000000000e+04,1.634387301687177342e+03
3.920000000000000000e+02,5.138682758620689128e+01,4.889100000000000000e+04,1.619424310290185531e+03
3.930000000000000000e+02,5.142186206896551681e+01,4.888300000000000000e+04,1.633125774238491204e+03
3.940000000000000000e+02,5.145689655172413524e+01,4.888300000000000000e+04,1.634428772109167539e+03
3.950000000000000000e+02,5.149193103448276077e+01,4.889900000000000000e+04,1.630967193546101043e+03
3.960000000000000000e+02,5.152696551724137208e+01,4.891500000000000000e+04,1.628738572716355975e+03
3.970000000000000000e+02,5.156199999999999761e+01,4.888300000000000000e+04,1.620741771099905691e+03
3.980000000000000000e+02,5.159703448275861604e+01,4.891500000000000000e+04,1.636494782636930040e+03
3.990000000000000000e+02,5.163206896551724157e+01,4.884300000000000000e+04,1.625242776293767520e+03
4.000000000000000000e+02,5.166710344827586709e+01,4.890700000000000000e+04,1.616333260313928577e+03
4.010000000000000000e+02,5.170213793103447841e+01,4.889100000000000000e+04,1.632788473066197867e+03
4.020000000000000000e+02,5.173717241379309684e+01,4.889100000000000000e+04,1.626092301099196675e+03
4.030000000000000000e+02,5.177220689655172237e+01,4.890700000000000000e+04,1.629108904597611854e+03
4.040000000000000000e+02,5.180724137931034790e+01,4.889100000000000000e+04,1.623106808889344393e+03
4.050000000000000000e+02,5.184227586206896632e+01,4.885900000000000000e+04,1.614359821012171096e+03
4.060000000000000000e+02,5.187731034482757764e+01,4.892300000000000000e+04,1.616235488369613222e+03
4.070000000000000000e+02,5.191234482758620317e+01,4.893100000000000000e+04,1.636642778154083317e+03
4.080000000000000000e+02,5.194737931034482870e+01,4.885900000000000000e+04,1.628886533917077941e+03
4.090000000000000000e+02,5.198241379310344712e+01,4.890700000000000000e+04,1.624063014434505249e+03
4.100000000000000000e+02,5.201744827586207265e+01,4.889100000000000000e+04,1.613790728631092861e+03
4.110000000000000000e+02,5.205248275862068397e+01,4.886700000000000000e+04,1.620109049381328987e+03
4.120000000000000000e+02,5.208751724137930950e+01,4.892300000000000000e+04,1.623490122861371219e+03
4.130000000000000000e+02,5.212255172413792792e+01,4.892300000000000000e+04,1.614798507882799186e+03
4.140000000000000000e+02,5.215758620689655345e+01,4.890700000000000000e+04,1.622572141892584796e+03
4.150000000000000000e+02,5.219262068965517187e+01,4.888300000000000000e+04,1.630658765170292554e+03
4.160000000000000000e+02,5.222765517241379030e+01,4.891500000000000000e+04,1.626299141601713245e+03
4.170000000000000000e+02,5.226268965517240872e+01,4.887500000000000000e+04,1.621561563568508063e+03
4.180000000000000000e+02,5.229772413793103425e+01,4.889900000000000000e+04,1.629924370450312608e+03
4.190000000000000000e+02,5.233275862068965267e+01,4.889900000000000000e+04,1.633479343914043056e+03
4.200000000000000000e+02,5.236779310344827820e+01,4.891500000000000000e+04,1.627337105075767568e+03
4.210000000000000000e+02,5.240282758620688952e+01,4.889900000000000000e+04,1.624022993352461071e+03
4.220000000000000000e+02,5.243786206896551505e+01,4.889900000000000000e+04,1.624595434589796696e+03
4.230000000000000000e+02,5.247289655172413347e+01,4.887500000000000000e+04,1.621986107906139068e+03
4.240000000000000000e+02,5.250793103448275900e+01,4.889100000000000000e+04,1.623707976589359077e+03
4.250000000000000000e+02,5.254296551724138453e+01,4.886700000000000000e+04,1.629352554950113245e+03
4.260000000000000000e+02,5.257799999999999585e+01,4.893900000000000000e+04,1.618556078732098285e+03
4.270000000000000000e+02,5.261303448275861427e+01,4.891500000000000000e+04,1.621376709218115820e+03
4.280000000000000000e+02,5.264806896551723980e+01,4.894700000000000000e+04,1.615405237258083162e+03
4.290000000000000000e+02,5.268310344827586533e+01,4.894700000000000000e+04,1.614929680526515085e+03
4.300000000000000000e+02,5.271813793103448376e+01,4.886700000000000000e+04,1.626466898437471627e+03
4.310000000000000000e+02,5.275317241379309507e+01,4.895500000000000000e+04,1.632406472643235247e+03
4.320000000000000000e+02,5.278820689655172060e+01,4.891500000000000000e+04,1.640881433045496806e+03
4.330000000000000000e+02,5.282324137931034613e+01,4.889900000000000000e+04,1.631845056104319838e+03
4.340000000000000000e+02,5.285827586206896456e+01,4.893100000000000000e+04,1.631621261025110698e+03
4.350000000000000000e+02,5.289331034482759009e+01,4.885900000000000000e+04,1.630668243375739621e+03
4.360000000000000000e+02,5.292834482758620140e+01,4.889100000000000000e+04,1.616166941749465650e+03
4.370000000000000000e+02,5.296337931034482693e+01,4.888300000000000000e+04,1.620793358161132574e+03
4.380000000000000000e+02,5.299841379310344536e+01,4.889900000000000000e+04,1.616066178309716179e+03
4.390000000000000000e+02,5.303344827586207089e+01,4.889100000000000000e+04,1.628998399121011289e+03
4.400000000000000000e+02,5.306848275862068931e+01,4.886700000000000000e+04,1.622195173674863781e+03
4.410000000000000000e+02,5.310351724137930773e+01,4.893100000000000000e+04,1.625067504886691268e+03
4.420000000000000000e+02,5.313855172413792616e+01,4.891500000000000000e+04,1.631079403207789028e+03
4.430000000000000000e+02,5.317358620689655169e+01,4.887500000000000000e+04,1.626080168176229563e+03
4.440000000000000000e+02,5.320862068965517011e+01,4.895500000000000000e+04,1.617161319362510540e+03
4.450000000000000000e+02,5.324365517241379564e+01,4.886700000000000000e+04,1.625162959123330893e+03
4.460000000000000000e+02,5.327868965517240696e+01,4.884300000000000000e+04,1.624157932194335672e+03
4.470000000000000000e+02,5.331372413793103249e+01,4.889900000000000000e+04,1.620137311118141952e+03
4.480000000000000000e+02,5.334875862068965091e+01,4.889900000000000000e+04,1.626016424953721071e+03
4.490000000000000000e+02,5.338379310344827644e+01,4.889100000000000000e+04,1.628746419213043282e+03
4.500000000000000000e+02,5.341882758620690197e+01,4.887500000000000000e+04,1.615113702828441319e+03
4.510000000000000000e+02,5.345386206896551329e+01,4.887500000000000000e+04,1.620872531491072777e+03
4.520000000000000000e+02,5.348889655172413171e+01,4.887500000000000000e+04,1.624988014811767698e+03
4.530000000000000000e+02,5.352393103448275724e+01,4.888300000000000000e+04,1.625311367847225483e+03
4.540000000000000000e+02,5.355896551724138277e+01,4.892300000000000000e+04,1.638906318331288730e+03
4.550000000000000000e+02,5.359400000000000119e+01,4.893100000000000000e+04,1.619655947361480230e+03
4.560000000000000000e+02,5.362903448275861251e+01,4.890700000000000000e+04,1.628052859115806541e+03
4.570000000000000000e+02,5.366406896551723804e+01,4.893900000000000000e+04,1.626982746066166555e+03
4.580000000000000000e+02,5.369910344827586357e+01,4.888300000000000000e+04,1.631435964253636712e+03
4.590000000000000000e+02,5.373413793103448199e+01,4.890700000000000000e+04,1.617463207424744041e+03
4.600000000000000000e+02,5.376917241379310752e+01,4.891500000000000000e+04,1.637847035770054845e+03
4.610000000000000000e+02,5.380420689655171884e+01,4.890700000000000000e+04,1.640888355249887582e+03
4.620000000000000000e+02,5.383924137931033727e+01,4.889100000000000000e+04,1.621213625072924515e+03
4.630000000000000000e+02,5.387427586206896279e+01,4.893100000000000000e+04,1.618141331125897750e+03
4.640000000000000000e+02,5.390931034482758832e+01,4.889900000000000000e+04,1.634635870923829771e+03
4.650000000000000000e+02,5.394434482758619964e+01,4.891500000000000000e+04,1.618371280683937357e+03
4.660000000000000000e+02,5.397937931034481807e+01,4.894700000000000000e+04,1.626129480120271865e+03
4.670000000000000000e+02,5.401441379310344360e+01,4.887500000000000000e+04,1.626275297064818687e+03
4.680000000000000000e+02,5.404944827586206912e+01,4.887500000000000000e+04,1.626502862760552034e+03
4.690000000000000000e+02,5.408448275862068755e+01,4.890700000000000000e+04,1.635652475296386456e+03
4.700000000000000000e+02,5.411951724137929887e+01,4.885100000000000000e+04,1.626009643788386029e+03
4.710000000000000000e+02,5.415455172413792440e+01,4.887500000000000000e+04,1.625848348442979614e+03
4.720000000000000000e+02,5.418958620689654992e+01,4.889900000000000000e+04,1.625132780071203570e+03
4.730000000000000000e+02,5.422462068965516835e+01,4.889100000000000000e+04,1.625937240329700217e+03
4.740000000000000000e+02,5.425965517241379388e+01,4.888300000000000000e+04,1.625054972308782681e+03
4.750000000000000000e+02,5.429468965517240520e+01,4.889100000000000000e+04,1.623844488783928909e+03
4.760000000000000000e+02,5.432972413793103073e+01,4.889900000000000000e+04,1.615797645205087520e+03
4.770000000000000000e+02,5.436475862068964915e+01,4.889900000000000000e+04,1.622806275394802469e+03
4.780000000000000000e+02,5.439979310344827468e+01,4.893900000000000000e+04,1.630087813609638033e+03
4.790000000000000000e+02,5.443482758620689310e+01,4.885100000000000000e+04,1.630218566839636196e+03
4.800000000000000000e+02,5.446986206896551153e+01,4.889100000000000000e+04,1.628169507093711218e+03
4.810000000000000000e+02,5.450489655172412995e+01,4.893100000000000000e+04,1.619398806087371895e+03
4.820000000000000000e+02,5.453993103448275548e+01,4.886700000000000000e+04,1.620606344140794135e+03
4.830000000000000000e+02,5.457496551724137390e+01,4.890700000000000000e+04,1.625516217979676867e+03
4.840000000000000000e+02,5.460999999999999943e+01,4.886700000000000000e+04,1.621958440846982285e+03
4.850000000000000000e+02,5.464503448275861075e+01,4.888300000000000000e+04,1.620740656015921104e+03
4.860000000000000000e+02,5.468006896551723628e+01,4.888300000000000000e+04,1.637478787756268957e+03
4.870000000000000000e+02,5.471510344827585470e+01,4.890700000000000000e+04,1.627892992285507262e+03
4.880000000000000000e+02,5.475013793103448023e+01,4.897100000000000000e+04,1.628485468756649198e+03
4.890000000000000000e+02,5.478517241379310576e+01,4.889900000000000000e+04,1.630102730185381233e+03
4.900000000000000000e+02,5.482020689655171708e+01,4.889100000000000000e+04,1.635005191467091208e+03
4.910000000000000000e+02,5.485524137931033550e+01,4.888300000000000000e+04,1.632264693235577852e+03
4.920000000000000000e+02,5.489027586206896103e+01,4.889100000000000000e+04,1.622719484129081820e+03
4.930000000000000000e+02,5.492531034482758656e+01,4.889900000000000000e+04,1.622315820916443499e+03
4.940000000000000000e+02,5.496034482758620499e+01,4.890700000000000000e+04,1.629753434320340148e+03
4.950000000000000000e+02,5.499537931034481630e+01,4.889100000000000000e+04,1.638114729436148536e+03
4.960000000000000000e+02,5.503041379310344183e+01,4.889900000000000000e+04,1.637716324535997273e+03
4.970000000000000000e+02,5.506544827586206736e+01,4.889900000000000000e+04,1.614451299233528744e+03
4.980000000000000000e+02,5.510048275862068579e+01,4.893900000000000000e+04,1.623341650205632504e+03
4.990000000000000000e+02,5.513551724137931132e+01,4.891500000000000000e+04,1.636457512263845956e+03
5.000000000000000000e+02,5.517055172413792263e+01,4.889900000000000000e+04,1.628246656252635375e+03
5.010000000000000000e+02,5.520558620689654816e+01,4.891500000000000000e+04,1.617100344316012752e+03
5.020000000000000000e+02,5.524062068965516659e+01,4.894700000000000000e+04,1.639131819221000342e+03
5.030000000000000000e+02,5.527565517241379212e+01,4.889100000000000000e+04,1.629943299385004366e+03
5.040000000000000000e+02,5.531068965517241054e+01,4.890700000000000000e+04,1.642525560608690967e+03
5.050000000000000000e+02,5.534572413793102896e+01,4.889900000000000000e+04,1.614871726908410892e+03
5.060000000000000000e+02,5.538075862068964739e+01,4.889100000000000000e+04,1.628758185512318278e+03
5.070000000000000000e+02,5.541579310344827292e+01,4.889900000000000000e+04,1.622445921938692209e+03
5.080000000000000000e+02,5.545082758620689134e+01,4.887500000000000000e+04,1.624912540424529425e+03
5.090000000000000000e+02,5.548586206896551687e+01,4.887500000000000000e+04,1.635663103670257669e+03
5.100000000000000000e+02,5.552089655172412819e+01,4.890700000000000000e+04,1.626504086597210517e+03
5.110000000000000000e+02,5.555593103448275372e+01,4.894700000000000000e+04,1.627023713931040220e+03
5.120000000000000000e+02,5.559096551724137214e+01,4.891500000000000000e+04,1.617563334803056705e+03
5.130000000000000000e+02,5.562599999999999767e+01,4.893900000000000000e+04,1.630081615163832566e+03
5.140000000000000000e+02,5.566103448275862320e+01,4.896300000000000000e+04,1.632344185377361555e+03
5.150000000000000000e+02,5.569606896551723452e+01,4.887500000000000000e+04,1.624410126086476112e+03
5.160000000000000000e+02,5.573110344827585294e+01,4.893100000000000000e+04,1.624711005716324962e+03
5.170000000000000000e+02,5.576613793103447847e+01,4.887500000000000000e+04,1.632192175152104255e+03
5.180000000000000000e+02,5.580117241379310400e+01,4.892300000000000000e+04,1.629339526934003970e+03
5.190000000000000000e+02,5.583620689655172242e+01,4.885900000000000000e+04,1.622101608391239324e+03
5.200000000000000000e+02,5.587124137931033374e+01,4.893100000000000000e+04,1.627670243284805110e+03
5.210000000000000000e+02,5.590627586206895927e+01,4.888300000000000000e+04,1.620597404741164837e+03
5.220000000000000000e+02,5.594131034482758480e+01,4.888300000000000000e+04,1.630403559483167783e+03
5.230000000000000000e+02,5.597634482758620322e+01,4.893100000000000000e+04,1.623666800783428243e+03
5.240000000000000000e+02,5.601137931034482875e+01,4.890700000000000000e+04,1.625584427886439926e+03
5.250000000000000000e+02,5.604641379310344007e+01,4.890700000000000000e+04,1.623598330396511528e+03
5.260000000000000000e+02,5.608144827586206560e+01,4.888300000000000000e+04,1.618877368702124613e+03
5.270000000000000000e+02,5.611648275862068402e+01,4.887500000000000000e+04,1.629216100008666217e+03
5.280000000000000000e+02,5.615151724137930955e+01,4.889900000000000000e+04,1.633894612089279008e+03
5.290000000000000000e+02,5.618655172413792798e+01,4.890700000000000000e+04,1.629682676860382571e+03
5.300000000000000000e+02,5.622158620689654640e+01,4.889900000000000000e+04,1.622073122746426634e+03
5.310000000000000000e+02,5.625662068965516482e+01,4.889900000000000000e+04,1.613359845667515629e+03
5.320000000000000000e+02,5.629165517241379035e+01,4.897100000000000000e+04,1.616728418474585624e+03
5.330000000000000000e+02,5.632668965517240878e+01,4.893100000000000000e+04,1.630763209843115419e+03
5.340000000000000000e+02,5.636172413793103431e+01,4.889900000000000000e+04,1.631341828140260077e+03
5.350000000000000000e+02,5.639675862068964562e+01,4.888300000000000000e+04,1.638414028263609225e+03
5.360000000000000000e+02,5.643179310344827115e+01,4.893100000000000000e+04,1.626044509803502933e+03
5.370000000000000000e+02,5.646682758620688958e+01,4.891500000000000000e+04,1.628200318599717548e+03
5.380000000000000000e+02,5.650186206896551511e+01,4.889100000000000000e+04,1.633290124460659399e+03
5.390000000000000000e+02,5.653689655172414064e+01,4.893100000000000000e+04,1.618498110117924170e+03
5.400000000000000000e+02,5.657193103448275195e+01,4.893900000000000000e+04,1.615826347927325514e+03
5.410000000000000000e+02,5.660696551724137038e+01,4.887500000000000000e+04,1.630991043507997574e+03
5.420000000000000000e+02,5.664199999999999591e+01,4.893100000000000000e+04,1.626824111955361104e+03
5.430000000000000000e+02,5.667703448275862144e+01,4.889100000000000000e+04,1.624982308717165552e+03
5.440000000000000000e+02,5.671206896551723986e+01,4.890700000000000000e+04,1.617866178117297750e+03
5.450000000000000000e+02,5.674710344827585118e+01,4.888300000000000000e+04,1.636248167038415886e+03
5.460000000000000000e+02,5.678213793103447671e+01,4.889100000000000000e+04,1.633548597975720213e+03
5.470000000000000000e+02,5.681717241379310224e+01,4.897100000000000000e+04,1.629697136598655788e+03
5.480000000000000000e+02,5.685220689655172066e+01,4.890700000000000000e+04,1.613843985858778751e+03
5.490000000000000000e+02,5.688724137931034619e+01,4.891500000000000000e+04,1.619685047174163856e+03
5.500000000000000000e+02,5.692227586206895751e+01,4.884300000000000000e+04,1.628347819692864050e+03
5.510000000000000000e+02,5.695731034482758304e+01,4.894700000000000000e+04,1.628567826019596396e+03
5.520000000000000000e+02,5.699234482758620146e+01,4.892300000000000000e+04,1.627016253544532447e+03
5.530000000000000000e+02,5.702737931034482699e+01,4.897900000000000000e+04,1.630444135360728751e+03
5.540000000000000000e+02,5.706241379310344541e+01,4.888300000000000000e+04,1.620116172737605211e+03
5.550000000000000000e+02,5.709744827586206384e+01,4.892300000000000000e+04,1.623327372173748017e+03
5.560000000000000000e+02,5.713248275862068226e+01,4.892300000000000000e+04,1.625463346696300505e+03
5.570000000000000000e+02,5.716751724137930779e+01,4.892300000000000000e+04,1.626053817677867528e+03
5.580000000000000000e+02,5.720255172413792621e+01,4.891500000000000000e+04,1.620220307344733328e+03
5.590000000000000000e+02,5.723758620689655174e+01,4.894700000000000000e+04,1.632880408020852883e+03
5.600000000000000000e+02,5.727262068965516306e+01,4.889900000000000000e+04,1.629892814891716625e+03
5.610000000000000000e+02,5.730765517241378859e+01,4.893100000000000000e+04,1.621569699657126421e+03
5.620000000000000000e+02,5.734268965517240702e+01,4.889100000000000000e+04,1.627936769101441769e+03
5.630000000000000000e+02,5.737772413793103254e+01,4.888300000000000000e+04,1.640108000824763167e+03
5.640000000000000000e+02,5.741275862068965807e+01,4.889900000000000000e+04,1.623662961390272585e+03
5.650000000000000000e+02,5.744779310344826939e+01,4.883500000000000000e+04,1.626620547363753303e+03
5.660000000000000000e+02,5.748282758620688782e+01,4.893100000000000000e+04,1.621944396873331698e+03
5.670000000000000000e+02,5.751786206896551334e+01,4.889100000000000000e+04,1.622592528017075210e+03
5.680000000000000000e+02,5.755289655172413887e+01,4.891500000000000000e+04,1.626214911715501785e+03
5.690000000000000000e+02,5.758793103448275730e+01,4.884300000000000000e+04,1.616934110763228773e+03
5.700000000000000000e+02,5.762296551724136862e+01,4.891500000000000000e+04,1.627006362178275367e+03
5.710000000000000000e+02,5.765799999999999415e+01,4.889900000000000000e+04,1.626169488471923614e+03
5.720000000000000000e+02,5.769303448275861967e+01,4.885900000000000000e+04,1.628654518448827503e+03
5.730000000000000000e+02,5.772806896551723810e+01,4.888300000000000000e+04,1.626929263130138224e+03
5.740000000000000000e+02,5.776310344827586363e+01,4.887500000000000000e+04,1.625405304250330119e+03
5.750000000000000000e+02,5.779813793103447495e+01,4.891500000000000000e+04,1.631963101940421893e+03
5.760000000000000000e+02,5.783317241379310047e+01,4.894700000000000000e+04,1.624536007242318874e+03
5.770000000000000000e+02,5.786820689655171890e+01,4.888300000000000000e+04,1.632189952843947822e+03
5.780000000000000000e+02,5.790324137931034443e+01,4.889100000000000000e+04,1.620722652374619884e+03
5.790000000000000000e+02,5.793827586206896285e+01,4.893100000000000000e+04,1.618025148846346156e+03
5.800000000000000000e+02,5.797331034482758128e+01,4.889100000000000000e+04,1.625683737076757097e+03
5.810000000000000000e+02,5.800834482758619970e+01,4.889100000000000000e+04,1.624881253780138195e+03
5.820000000000000000e+02,5.804337931034482523e+01,4.889100000000000000e+04,1.619617003583330188e+03
5.830000000000000000e+02,5.807841379310344365e+01,4.892300000000000000e+04,1.626515112320424350e+03
5.840000000000000000e+02,5.811344827586206918e+01,4.891500000000000000e+04,1.617759627388942590e+03
5.850000000000000000e+02,5.814848275862068050e+01,4.889900000000000000e+04,1.636437366474136297e+03
5.860000000000000000e+02,5.818351724137930603e+01,4.896300000000000000e+04,1.630327904787175157e+03
5.870000000000000000e+02,5.821855172413792445e+01,4.893100000000000000e+04,1.616648332758007200e+03
5.880000000000000000e+02,5.825358620689654998e+01,4.887500000000000000e+04,1.621912613883585891e+03
5.890000000000000000e+02,5.828862068965517551e+01,4.885100000000000000e+04,1.626992403068222302e+03
5.900000000000000000e+02,5.832365517241378683e+01,4.885900000000000000e+04,1.631350159778548459e+03
5.910000000000000000e+02,5.835868965517240525e+01,4.889900000000000000e+04,1.637031825037662429e+03
5.920000000000000000e+02,5.839372413793103078e+01,4.890700000000000000e+04,1.623783252603037454e+03
5.930000000000000000e+02,5.842875862068965631e+01,4.889900000000000000e+04,1.629445605461242849e+03
5.940000000000000000e+02,5.846379310344827474e+01,4.891500000000000000e+04,1.620352328311053043e+03
5.950000000000000000e+02,5.849882758620688605e+01,4.892300000000000000e+04,1.618825518535853007e+03
5.960000000000000000e+02,5.853386206896551158e+01,4.891500000000000000e+04,1.628208108280497072e+03
5.970000000000000000e+02,5.856889655172413711e+01,4.894700000000000000e+04,1.628587827222272153e+03
5.980000000000000000e+02,5.860393103448275554e+01,4.892300000000000000e+04,1.632551759660731477e+03
5.990000000000000000e+02,5.863896551724138106e+01,4.886700000000000000e+04,1.624280773161784964e+03
6.000000000000000000e+02,5.867399999999999238e+01,4.891500000000000000e+04,1.633827063899608902e+03
6.010000000000000000e+02,5.870903448275861791e+01,4.893100000000000000e+04,1.616341177205420308e+03
6.020000000000000000e+02,5.874406896551723634e+01,4.894700000000000000e+04,1.621665417388149990e+03
6.030000000000000000e+02,5.877910344827586187e+01,4.889100000000000000e+04,1.630775523063417950e+03
6.040000000000000000e+02,5.881413793103448029e+01,4.887500000000000000e+04,1.616377888573076007e+03
6.050000000000000000e+02,5.884917241379309871e+01,4.889100000000000000e+04,1.626325300485221533e+03
6.060000000000000000e+02,5.888420689655171714e+01,4.889100000000000000e+04,1.625150410280851020e+03
6.070000000000000000e+02,5.891924137931034267e+01,4.888300000000000000e+04,1.623345600435673305e+03
6.080000000000000000e+02,5.895427586206896109e+01,4.892300000000000000e+04,1.622867985819921159e+03
6.090000000000000000e+02,5.898931034482758662e+01,4.889100000000000000e+04,1.610271671577718507e+03
6.100000000000000000e+02,5.902434482758619794e+01,4.889900000000000000e+04,1.613047256770980312e+03
6.110000000000000000e+02,5.905937931034482347e+01,4.889100000000000000e+04,1.629399670732710547e+03
6.120000000000000000e+02,5.909441379310344189e+01,4.885900000000000000e+04,1.617916712405382896e+03
6.130000000000000000e+02,5.912944827586206742e+01,4.892300000000000000e+04,1.619733149188298967e+03
6.140000000000000000e+02,5.916448275862069295e+01,4.885100000000000000e+04,1.631964818354490490e+03
6.150000000000000000e+02,5.919951724137930427e+01,4.887500000000000000e+04,1.631979783945585723e+03
6.160000000000000000e+02,5.923455172413792269e+01,4.893900000000000000e+04,1.631949179013127832e+03
6.170000000000000000e+02,5.926958620689654822e+01,4.883500000000000000e+04,1.624378140636681792e+03
6.180000000000000000e+02,5.930462068965517375e+01,4.888300000000000000e+04,1.630822107580927877e+03
6.190000000000000000e+02,5.933965517241379217e+01,4.893100000000000000e+04,1.636315252761012744e+03
6.200000000000000000e+02,5.937468965517240349e+01,4.890700000000000000e+04,1.629641776328032620e+03
6.210000000000000000e+02,5.940972413793102902e+01,4.892300000000000000e+04,1.635734462374266968e+03
6.220000000000000000e+02,5.944475862068965455e+01,4.890700000000000000e+04,1.621436387011604666e+03
6.230000000000000000e+02,5.947979310344827297e+01,4.892300000000000000e+04,1.635684757330341426e+03
6.240000000000000000e+02,5.951482758620689850e+01,4.893900000000000000e+04,1.616547743033110919e+03
6.250000000000000000e+02,5.954986206896550982e+01,4.889100000000000000e+04,1.613196047314539555e+03
6.260000000000000000e+02,5.958489655172413535e+01,4.885900000000000000e+04,1.622321305277950614e+03
6.270000000000000000e+02,5.961993103448275377e+01,4.889100000000000000e+04,1.635298500347635127e+03
6.280000000000000000e+02,5.965496551724137930e+01,4.893900000000000000e+04,1.630988179239204555e+03
6.290000000000000000e+02,5.968999999999999773e+01,4.889900000000000000e+04,1.617200835857734319e+03
6.300000000000000000e+02,5.972503448275861615e+01,4.891500000000000000e+04,1.620833157687279709e+03
6.310000000000000000e+02,5.976006896551723457e+01,4.892300000000000000e+04,1.625470627244312254e+03
6.320000000000000000e+02,5.979510344827586010e+01,4.885900000000000000e+04,1.627002483467204456e+03
6.330000000000000000e+02,5.983013793103447853e+01,4.888300000000000000e+04,1.622121233493910267e+03
6.340000000000000000e+02,5.986517241379310406e+01,4.894700000000000000e+04,1.641238730374738225e+03
6.350000000000000000e+02,5.990020689655171537e+01,4.885900000000000000e+04,1.632826590452083565e+03
6.360000000000000000e+02,5.993524137931034090e+01,4.891500000000000000e+04,1.616563281214492235e+03
6.370000000000000000e+02,5.997027586206895933e+01,4.888300000000000000e+04,1.624757150512483122e+03
6.380000000000000000e+02,6.000531034482758486e+01,4.888300000000000000e+04,1.626310174685074799e+03
6.390000000000000000e+02,6.004034482758621039e+01,4.891500000000000000e+04,1.629924951004912828e+03
6.400000000000000000e+02,6.007537931034482170e+01,4.891500000000000000e+04,1.643752308966700411e+03
6.410000000000000000e+02,6.011041379310344013e+01,4.891500000000000000e+04,1.631234652349907037e+03
6.420000000000000000e+02,6.014544827586206566e+01,4.885900000000000000e+04,1.627933266030749792e+03
6.430000000000000000e+02,6.018048275862069119e+01,4.889100000000000000e+04,1.623599451545744614e+03
6.440000000000000000e+02,6.021551724137930961e+01,4.885900000000000000e+04,1.636956573742517094e+03
6.450000000000000000e+02,6.025055172413792093e+01,4.890700000000000000e+04,1.634441980006323320e+03
6.460000000000000000e+02,6.028558620689654646e+01,4.887500000000000000e+04,1.624316806252996457e+03
6.470000000000000000e+02,6.032062068965516488e+01,4.891500000000000000e+04,1.621172903451692264e+03
6.480000000000000000e+02,6.035565517241379041e+01,4.893100000000000000e+04,1.617340721233267686e+03
6.490000000000000000e+02,6.039068965517241594e+01,4.892300000000000000e+04,1.636645091727688396e+03
6.500000000000000000e+02,6.042572413793102726e+01,4.893100000000000000e+04,1.624621893982328629e+03
6.510000000000000000e+02,6.046075862068964568e+01,4.893100000000000000e+04,1.623986469711511745e+03
6.520000000000000000e+02,6.049579310344827121e+01,4.889900000000000000e+04,1.626097481023110959e+03
6.530000000000000000e+02,6.053082758620689674e+01,4.889900000000000000e+04,1.638236665535305292e+03
6.540000000000000000e+02,6.056586206896551516e+01,4.896300000000000000e+04,1.624193824373490543e+03
6.550000000000000000e+02,6.060089655172412648e+01,4.889100000000000000e+04,1.634556494664012689e+03
6.560000000000000000e+02,6.063593103448275201e+01,4.889100000000000000e+04,1.628338755344897891e+03
6.570000000000000000e+02,6.067096551724137754e+01,4.894700000000000000e+04,1.630619905163755902e+03
6.580000000000000000e+02,6.070599999999999596e+01,4.895500000000000000e+04,1.618106445912528216e+03
6.590000000000000000e+02,6.074103448275862149e+01,4.891500000000000000e+04,1.625948400710406304e+03
6.600000000000000000e+02,6.077606896551723281e+01,4.893100000000000000e+04,1.636930003333046443e+03
6.610000000000000000e+02,6.081110344827585834e+01,4.890700000000000000e+04,1.625787572940367454e+03
6.620000000000000000e+02,6.084613793103447676e+01,4.891500000000000000e+04,1.616742328881620097e+03
6.630000000000000000e+02,6.088117241379310229e+01,4.887500000000000000e+04,1.634877115544065418e+03
6.640000000000000000e+02,6.091620689655172072e+01,4.890700000000000000e+04,1.635262568737364063e+03
6.650000000000000000e+02,6.095124137931033914e+01,4.892300000000000000e+04,1.624534593050760805e+03
6.660000000000000000e+02,6.098627586206895757e+01,4.890700000000000000e+04,1.630209221521760355e+03
6.670000000000000000e+02,6.102131034482758309e+01,4.885900000000000000e+04,1.631686548526474780e+03
6.680000000000000000e+02,6.105634482758620152e+01,4.889900000000000000e+04,1.620193697550920433e+03
6.690000000000000000e+02,6.109137931034482705e+01,4.890700000000000000e+04,1.628863264644518722e+03
6.700000000000000000e+02,6.112641379310343837e+01,4.895500000000000000e+04,1.629698706664683641e+03
6.710000000000000000e+02,6.116144827586206389e+01,4.886700000000000000e+04,1.624585074678112278e+03
6.720000000000000000e+02,6.119648275862068232e+01,4.889100000000000000e+04,1.638334041655729834e+03
6.730000000000000000e+02,6.123151724137930785e+01,4.888300000000000000e+04,1.640541629050233951e+03
6.740000000000000000e+02,6.126655172413793338e+01,4.892300000000000000e+04,1.624391949897305267e+03
6.750000000000000000e+02,6.130158620689654470e+01,4.893900000000000000e+04,1.622291800241247984e+03
6.760000000000000000e+02,6.133662068965516312e+01,4.890700000000000000e+04,1.625469124208608264e+03
6.770000000000000000e+02,6.137165517241378865e+01,4.889100000000000000e+04,1.623530826241028763e+03
6.780000000000000000e+02,6.140668965517241418e+01,4.891500000000000000e+04,1.629393235056741560e+03
6.790000000000000000e+02,6.144172413793103260e+01,4.887500000000000000e+04,1.622843789345002961e+03
6.800000000000000000e+02,6.147675862068964392e+01,4.885900000000000000e+04,1.632910395574809854e+03
6.810000000000000000e+02,6.151179310344826945e+01,4.893100000000000000e+04,1.635727634920166565e+03
6.820000000000000000e+02,6.154682758620689498e+01,4.892300000000000000e+04,1.625885145893968229e+03
6.830000000000000000e+02,6.158186206896551340e+01,4.888300000000000000e+04,1.629680420289863832e+03
6.840000000000000000e+02,6.161689655172413893e+01,4.890700000000000000e+04,1.619408376471643578e+03
6.850000000000000000e+02,6.165193103448275025e+01,4.886700000000000000e+04,1.616635680784617307e+03
6.860000000000000000e+02,6.168696551724137578e+01,4.889100000000000000e+04,1.619576292075049651e+03
6.870000000000000000e+02,6.172199999999999420e+01,4.891500000000000000e+04,1.620744783639207981e+03
6.880000000000000000e+02,6.175703448275861973e+01,4.891500000000000000e+04,1.629733781146826004e+03
6.890000000000000000e+02,6.179206896551723815e+01,4.891500000000000000e+04,1.614353181009014406e+03
6.900000000000000000e+02,6.182710344827585658e+01,4.890700000000000000e+04,1.623349439668603054e+03
6.910000000000000000e+02,6.186213793103447500e+01,4.889100000000000000e+04,1.625783918212154958e+03
6.920000000000000000e+02,6.189717241379310053e+01,4.888300000000000000e+04,1.632928296299175827e+03
6.930000000000000000e+02,6.193220689655171896e+01,4.887500000000000000e+04,1.635585626474860419e+03
6.940000000000000000e+02,6.196724137931034448e+01,4.887500000000000000e+04,1.621242378214970813e+03
6.950000000000000000e+02,6.200227586206895580e+01,4.885900000000000000e+04,1.621905865084028164e+03
6.960000000000000000e+02,6.203731034482758133e+01,4.890700000000000000e+04,1.641386251307343173e+03
6.970000000000000000e+02,6.207234482758619976e+01,4.888300000000000000e+04,1.624058222194940981e+03
6.980000000000000000e+02,6.210737931034482529e+01,4.885100000000000000e+04,1.622707674314682663e+03
6.990000000000000000e+02,6.214241379310345081e+01,4.889900000000000000e+04,1.636974764013077220e+03
7.000000000000000000e+02,6.217744827586206213e+01,4.892300000000000000e+04,1.630284911127983150e+03
7.010000000000000000e+02,6.221248275862068056e+01,4.886700000000000000e+04,1.623075165794985423e+03
7.020000000000000000e+02,6.224751724137930609e+01,4.890700000000000000e+04,1.619966166753293919e+03
7.030000000000000000e+02,6.228255172413793161e+01,4.888300000000000000e+04,1.629571823438335741e+03
7.040000000000000000e+02,6.231758620689655004e+01,4.890700000000000000e+04,1.623019821229335776e+03
7.050000000000000000e+02,6.235262068965516136e+01,4.887500000000000000e+04,1.622430973968663466e+03
7.060000000000000000e+02,6.238765517241378689e+01,4.889100000000000000e+04,1.623438660632614074e+03
7.070000000000000000e+02,6.242268965517241242e+01,4.889900000000000000e+04,1.620020913831426697e+03
7.080000000000000000e+02,6.245772413793103084e+01,4.889900000000000000e+04,1.618580342884128413e+03
7.090000000000000000e+02,6.249275862068965637e+01,4.889900000000000000e+04,1.623595926545163138e+03
7.100000000000000000e+02,6.252779310344826769e+01,4.893900000000000000e+04,1.634260441149817325e+03
7.110000000000000000e+02,6.256282758620689322e+01,4.892300000000000000e+04,1.614506090026993206e+03
7.120000000000000000e+02,6.259786206896551164e+01,4.885100000000000000e+04,1.628472932204452263e+03
7.130000000000000000e+02,6.263289655172413717e+01,4.888300000000000000e+04,1.633953564536379872e+03
7.140000000000000000e+02,6.266793103448275559e+01,4.887500000000000000e+04,1.635230643121326921e+03
7.150000000000000000e+02,6.270296551724137402e+01,4.888300000000000000e+04,1.630548693311437091e+03
7.160000000000000000e+02,6.273799999999999244e+01,4.889100000000000000e+04,1.625902405186512397e+03
7.170000000000000000e+02,6.277303448275861797e+01,4.891500000000000000e+04,1.627465198326139443e+03
7.180000000000000000e+02,6.280806896551723639e+01,4.893900000000000000e+04,1.626414358582458590e+03
7.190000000000000000e+02,6.284310344827586192e+01,4.890700000000000000e+04,1.621683682380813707e+03
7.200000000000000000e+02,6.287813793103447324e+01,4.885100000000000000e+04,1.632417865854596130e+03
7.210000000000000000e+02,6.291317241379309877e+01,4.888300000000000000e+04,1.638944100870027114e+03
7.220000000000000000e+02,6.294820689655171719e+01,4.892300000000000000e+04,1.632992324707976422e+03
7.230000000000000000e+02,6.298324137931034272e+01,4.891500000000000000e+04,1.629652586257097937e+03
7.240000000000000000e+02,6.301827586206896825e+01,4.888300000000000000e+04,1.622552022476462298e+03
7.250000000000000000e+02,6.305331034482757957e+01,4.889100000000000000e+04,1.628858876245999681e+03
7.260000000000000000e+02,6.308834482758619799e+01,4.891500000000000000e+04,1.617231490945082214e+03
7.270000000000000000e+02,6.312337931034482352e+01,4.896300000000000000e+04,1.633371231136341748e+03
7.280000000000000000e+02,6.315841379310344905e+01,4.890700000000000000e+04,1.634437276952071443e+03
7.290000000000000000e+02,6.319344827586206748e+01,4.890700000000000000e+04,1.621270018367441253e+03
7.300000000000000000e+02,6.322848275862067879e+01,4.889900000000000000e+04,1.623091606773617968e+03
7.310000000000000000e+02,6.326351724137930432e+01,4.890700000000000000e+04,1.634177836069295836e+03
7.320000000000000000e+02,6.329855172413792985e+01,4.893900000000000000e+04,1.635126867711989917e+03
7.330000000000000000e+02,6.333358620689654828e+01,4.889100000000000000e+04,1.622940321987110565e+03
7.340000000000000000e+02,6.336862068965517381e+01,4.885900000000000000e+04,1.633596903208062258e+03
7.350000000000000000e+02,6.340365517241378512e+01,4.886700000000000000e+04,1.622976255208661314e+03
7.360000000000000000e+02,6.343868965517241065e+01,4.889900000000000000e+04,1.634356581179079967e+03
7.370000000000000000e+02,6.347372413793102908e+01,4.888300000000000000e+04,1.634173238214889807e+03
7.380000000000000000e+02,6.350875862068965461e+01,4.893100000000000000e+04,1.628617105768771125e+03
7.390000000000000000e+02,6.354379310344827303e+01,4.891500000000000000e+04,1.623586082524845096e+03
7.400000000000000000e+02,6.357882758620689145e+01,4.885100000000000000e+04,1.625452864902129022e+03
7.410000000000000000e+02,6.361386206896550988e+01,4.889100000000000000e+04,1.631864013996750145e+03
7.420000000000000000e+02,6.364889655172413541e+01,4.892300000000000000e+04,1.624551134739658892e+03
7.430000000000000000e+02,6.368393103448275383e+01,4.889900000000000000e+04,1.634135416646621934e+03
7.440000000000000000e+02,6.371896551724137936e+01,4.889900000000000000e+04,1.620852566506894618e+03
7.450000000000000000e+02,6.375399999999999068e+01,4.891500000000000000e+04,1.629089864289422394e+03
7.460000000000000000e+02,6.378903448275861621e+01,4.889900000000000000e+04,1.630252484017262987e+03
7.470000000000000000e+02,6.382406896551723463e+01,4.890700000000000000e+04,1.629563655201232223e+03
7.480000000000000000e+02,6.385910344827586016e+01,4.888300000000000000e+04,1.622775730281949109e+03
7.490000000000000000e+02,6.389413793103448569e+01,4.887500000000000000e+04,1.634871301769105230e+03
7.500000000000000000e+02,6.392917241379309701e+01,4.890700000000000000e+04,1.618898126334396693e+03
7.510000000000000000e+02,6.396420689655171543e+01,4.893100000000000000e+04,1.631801114317931024e+03
7.520000000000000000e+02,6.399924137931034096e+01,4.891500000000000000e+04,1.624699668666700518e+03
7.530000000000000000e+02,6.403427586206896649e+01,4.889100000000000000e+04,1.626449005338723055e+03
7.540000000000000000e+02,6.406931034482758491e+01,4.894700000000000000e+04,1.632620546106871643e+03
7.550000000000000000e+02,6.410434482758620334e+01,4.895500000000000000e+04,1.615079331643867135e+03
7.560000000000000000e+02,6.413937931034482176e+01,4.893900000000000000e+04,1.639830127294994782e+03
7.570000000000000000e+02,6.417441379310344018e+01,4.892300000000000000e+04,1.629082993604050898e+03
7.580000000000000000e+02,6.420944827586207282e+01,4.889100000000000000e+04,1.638743737711590938e+03
7.590000000000000000e+02,6.424448275862069124e+01,4.889100000000000000e+04,1.626279019951680084e+03
7.600000000000000000e+02,6.427951724137929546e+01,4.891500000000000000e+04,1.624611709912101105e+03
7.610000000000000000e+02,6.431455172413792809e+01,4.889100000000000000e+04,1.633283338726331294e+03
7.620000000000000000e+02,6.434958620689654651e+01,4.894700000000000000e+04,1.621541385680280428e+03
7.630000000000000000e+02,6.438462068965516494e+01,4.886700000000000000e+04,1.618260686572662280e+03
7.640000000000000000e+02,6.441965517241379757e+01,4.893900000000000000e+04,1.627727409023453220e+03
7.650000000000000000e+02,6.445468965517240179e+01,4.891500000000000000e+04,1.624450947626891093e+03
7.660000000000000000e+02,6.448972413793103442e+01,4.889100000000000000e+04,1.621737867912160482e+03
7.670000000000000000e+02,6.452475862068965284e+01,4.894700000000000000e+04,1.622950172364155378e+03
7.680000000000000000e+02,6.455979310344827127e+01,4.893900000000000000e+04,1.624769066196339281e+03
7.690000000000000000e+02,6.459482758620688969e+01,4.885900000000000000e+04,1.627263978622831019e+03
7.700000000000000000e+02,6.462986206896550812e+01,4.893900000000000000e+04,1.634811369501387844e+03
7.710000000000000000e+02,6.466489655172412654e+01,4.887500000000000000e+04,1.625698871594677485e+03
7.720000000000000000e+02,6.469993103448275917e+01,4.892300000000000000e+04,1.635516175560759621e+03
7.730000000000000000e+02,6.473496551724137760e+01,4.889900000000000000e+04,1.641878811453118715e+03
7.740000000000000000e+02,6.476999999999999602e+01,4.889900000000000000e+04,1.635104112868211587e+03
7.750000000000000000e+02,6.480503448275861444e+01,4.890700000000000000e+04,1.629358516954911693e+03
7.760000000000000000e+02,6.484006896551723287e+01,4.893100000000000000e+04,1.639017639010383846e+03
7.770000000000000000e+02,6.487510344827585129e+01,4.890700000000000000e+04,1.620982958127066240e+03
7.780000000000000000e+02,6.491013793103448393e+01,4.893100000000000000e+04,1.624387764573284130e+03
7.790000000000000000e+02,6.494517241379310235e+01,4.888300000000000000e+04,1.620599488436602542e+03
7.800000000000000000e+02,6.498020689655172077e+01,4.889900000000000000e+04,1.619882078916805085e+03
7.810000000000000000e+02,6.501524137931033920e+01,4.888300000000000000e+04,1.626880980485440887e+03
7.820000000000000000e+02,6.505027586206895762e+01,4.892300000000000000e+04,1.625066342491251589e+03
7.830000000000000000e+02,6.508531034482759026e+01,4.889900000000000000e+04,1.627096657931847176e+03
7.840000000000000000e+02,6.512034482758620868e+01,4.888300000000000000e+04,1.646238382558661442e+03
7.850000000000000000e+02,6.515537931034481289e+01,4.890700000000000000e+04,1.622282300984696576e+03
7.860000000000000000e+02,6.519041379310344553e+01,4.894700000000000000e+04,1.629855600169042418e+03
7.870000000000000000e+02,6.522544827586206395e+01,4.886700000000000000e+04,1.627335550730362002e+03
7.880000000000000000e+02,6.526048275862068238e+01,4.889900000000000000e+04,1.621707485078867876e+03
7.890000000000000000e+02,6.529551724137931501e+01,4.889900000000000000e+04,1.625244473556671437e+03
7.900000000000000000e+02,6.533055172413791922e+01,4.888300000000000000e+04,1.615983292977814699e+03
7.910000000000000000e+02,6.536558620689655186e+01,4.894700000000000000e+04,1.628396478503764229e+03
7.920000000000000000e+02,6.540062068965517028e+01,4.888300000000000000e+04,1.626751974665792432e+03
7.930000000000000000e+02,6.543565517241378870e+01,4.887500000000000000e+04,1.629280851903402890e+03
7.940000000000000000e+02,6.547068965517240713e+01,4.891500000000000000e+04,1.619714835972825767e+03
7.950000000000000000e+02,6.550572413793102555e+01,4.887500000000000000e+04,1.624098964336799099e+03
7.960000000000000000e+02,6.554075862068964398e+01,4.890700000000000000e+04,1.624892366432484550e+03
7.970000000000000000e+02,6.557579310344827661e+01,4.888300000000000000e+04,1.632983322635558125e+03
7.980000000000000000e+02,6.561082758620689503e+01,4.893100000000000000e+04,1.626419389141811507e+03
7.990000000000000000e+02,6.564586206896551346e+01,4.889100000000000000e+04,1.614395157457862069e+03
8.000000000000000000e+02,6.568089655172413188e+01,4.893100000000000000e+04,1.622866740884827550e+03
8.010000000000000000e+02,6.571593103448275031e+01,4.889100000000000000e+04,1.624416639297598294e+03
8.020000000000000000e+02,6.575096551724136873e+01,4.890700000000000000e+04,1.631018009821312489e+03
8.030000000000000000e+02,6.578600000000000136e+01,4.890700000000000000e+04,1.623110101573182646e+03
8.040000000000000000e+02,6.582103448275861979e+01,4.893900000000000000e+04,1.623161184490637652e+03
8.050000000000000000e+02,6.585606896551723821e+01,4.889100000000000000e+04,1.630377524515313553e+03
8.060000000000000000e+02,6.589110344827585664e+01,4.890700000000000000e+04,1.631005583953879750e+03
8.070000000000000000e+02,6.592613793103447506e+01,4.889900000000000000e+04,1.625334420906576042e+03
8.080000000000000000e+02,6.596117241379310769e+01,4.896300000000000000e+04,1.626065045933089550e+03
8.090000000000000000e+02,6.599620689655172612e+01,4.888300000000000000e+04,1.616576136416985946e+03
8.100000000000000000e+02,6.603124137931033033e+01,4.883500000000000000e+04,1.631784579661833050e+03
8.110000000000000000e+02,6.606627586206896297e+01,4.891500000000000000e+04,1.621891549461550085e+03
8.120000000000000000e+02,6.610131034482758139e+01,4.885900000000000000e+04,1.625032965716328135e+03
8.130000000000000000e+02,6.613634482758619981e+01,4.889100000000000000e+04,1.627781535675995656e+03
8.140000000000000000e+02,6.617137931034483245e+01,4.891500000000000000e+04,1.634904307180649994e+03
8.150000000000000000e+02,6.620641379310343666e+01,4.890700000000000000e+04,1.617176584947387028e+03
8.160000000000000000e+02,6.624144827586206929e+01,4.891500000000000000e+04,1.626195239678920871e+03
8.170000000000000000e+02,6.627648275862068772e+01,4.887500000000000000e+04,1.629770175354455205e+03
8.180000000000000000e+02,6.631151724137930614e+01,4.890700000000000000e+04,1.627259082018071922e+03
8.190000000000000000e+02,6.634655172413792457e+01,4.893900000000000000e+04,1.629688970674919119e+03
8.200000000000000000e+02,6.638158620689654299e+01,4.886700000000000000e+04,1.628935687751092928e+03
8.210000000000000000e+02,6.641662068965516141e+01,4.890700000000000000e+04,1.628395199460666618e+03
8.220000000000000000e+02,6.645165517241379405e+01,4.889100000000000000e+04,1.625702998440649026e+03
8.230000000000000000e+02,6.648668965517241247e+01,4.890700000000000000e+04,1.625047100269789780e+03
8.240000000000000000e+02,6.652172413793103090e+01,4.890700000000000000e+04,1.625685996180868415e+03
8.250000000000000000e+02,6.655675862068964932e+01,4.886700000000000000e+04,1.632763710097339981e+03
8.260000000000000000e+02,6.659179310344826774e+01,4.893100000000000000e+04,1.626032719061836815e+03
8.270000000000000000e+02,6.662682758620688617e+01,4.889900000000000000e+04,1.611593061906404046e+03
8.280000000000000000e+02,6.666186206896551880e+01,4.892300000000000000e+04,1.630201407231789744e+03
8.290000000000000000e+02,6.669689655172413723e+01,4.894700000000000000e+04,1.617912537925553352e+03
8.300000000000000000e+02,6.673193103448275565e+01,4.887500000000000000e+04,1.631176117746300633e+03
8.310000000000000000e+02,6.676696551724137407e+01,4.889100000000000000e+04,1.617463098056967965e+03
8.320000000000000000e+02,6.680199999999999250e+01,4.891500000000000000e+04,1.635603161701696308e+03
8.330000000000000000e+02,6.683703448275862513e+01,4.884300000000000000e+04,1.633990171015533861e+03
8.340000000000000000e+02,6.687206896551724356e+01,4.890700000000000000e+04,1.619639799548020619e+03
8.350000000000000000e+02,6.690710344827584777e+01,4.889900000000000000e+04,1.638236174848693508e+03
8.360000000000000000e+02,6.694213793103448040e+01,4.886700000000000000e+04,1.631036878460534808e+03
8.370000000000000000e+02,6.697717241379309883e+01,4.892300000000000000e+04,1.630506348655387455e+03
8.380000000000000000e+02,6.701220689655171725e+01,4.887500000000000000e+04,1.630484494596507602e+03
8.390000000000000000e+02,6.704724137931034988e+01,4.892300000000000000e+04,1.633269672156405704e+03
8.400000000000000000e+02,6.708227586206895410e+01,4.890700000000000000e+04,1.633184018916581635e+03
8.410000000000000000e+02,6.711731034482758673e+01,4.891500000000000000e+04,1.627126422294172698e+03
8.420000000000000000e+02,6.715234482758620516e+01,4.889100000000000000e+04,1.644340521400571106e+03
8.430000000000000000e+02,6.718737931034482358e+01,4.886700000000000000e+04,1.631133705435374168e+03
8.440000000000000000e+02,6.722241379310344200e+01,4.885100000000000000e+04,1.622716756810394372e+03
8.450000000000000000e+02,6.725744827586206043e+01,4.891500000000000000e+04,1.614376161565278153e+03
8.460000000000000000e+02,6.729248275862067885e+01,4.893900000000000000e+04,1.626424198027117427e+03
8.470000000000000000e+02,6.732751724137931149e+01,4.890700000000000000e+04,1.615419178236642438e+03
8.480000000000000000e+02,6.736255172413792991e+01,4.891500000000000000e+04,1.622715841269642169e+03
8.490000000000000000e+02,6.739758620689654833e+01,4.885900000000000000e+04,1.631158520867165407e+03
8.500000000000000000e+02,6.743262068965516676e+01,4.885900000000000000e+04,1.618778607487249928e+03
8.510000000000000000e+02,6.746765517241378518e+01,4.890700000000000000e+04,1.616544928546041774e+03
8.520000000000000000e+02,6.750268965517240360e+01,4.888300000000000000e+04,1.623532074155967393e+03
8.530000000000000000e+02,6.753772413793103624e+01,4.889100000000000000e+04,1.630552368133416849e+03
8.540000000000000000e+02,6.757275862068965466e+01,4.889900000000000000e+04,1.639230533422904045e+03
8.550000000000000000e+02,6.760779310344827309e+01,4.893100000000000000e+04,1.634538174036690407e+03
8.560000000000000000e+02,6.764282758620689151e+01,4.888300000000000000e+04,1.623579615478560299e+03
8.570000000000000000e+02,6.767786206896550993e+01,4.889900000000000000e+04,1.627840405215037890e+03
8.580000000000000000e+02,6.771289655172414257e+01,4.885100000000000000e+04,1.617884823104941688e+03
8.590000000000000000e+02,6.774793103448276099e+01,4.892300000000000000e+04,1.608086511525707465e+03
8.600000000000000000e+02,6.778296551724136521e+01,4.886700000000000000e+04,1.620230807290906114e+03
8.610000000000000000e+02,6.781799999999999784e+01,4.888300000000000000e+04,1.640516577671628283e+03
8.620000000000000000e+02,6.785303448275861626e+01,4.888300000000000000e+04,1.625809318342291817e+03
8.630000000000000000e+02,6.788806896551723469e+01,4.889100000000000000e+04,1.630590815113022245e+03
8.640000000000000000e+02,6.792310344827586732e+01,4.894700000000000000e+04,1.625377573207272235e+03
8.650000000000000000e+02,6.795813793103447153e+01,4.892300000000000000e+04,1.617666626747101418e+03
8.660000000000000000e+02,6.799317241379310417e+01,4.889900000000000000e+04,1.632179871815963907e+03
8.670000000000000000e+02,6.802820689655172259e+01,4.891500000000000000e+04,1.618667018825008427e+03
8.680000000000000000e+02,6.806324137931034102e+01,4.893900000000000000e+04,1.623320277609369668e+03
8.690000000000000000e+02,6.809827586206895944e+01,4.890700000000000000e+04,1.631090178112436206e+03
8.700000000000000000e+02,6.813331034482757786e+01,4.888300000000000000e+04,1.620312464883431403e+03
8.710000000000000000e+02,6.816834482758619629e+01,4.891500000000000000e+04,1.626005899039094402e+03
8.720000000000000000e+02,6.820337931034482892e+01,4.889900000000000000e+04,1.634418777281099210e+03
8.730000000000000000e+02,6.823841379310344735e+01,4.890700000000000000e+04,1.614444286856936060e+03
8.740000000000000000e+02,6.827344827586206577e+01,4.889100000000000000e+04,1.634433134257822985e+03
8.750000000000000000e+02,6.830848275862068419e+01,4.888300000000000000e+04,1.614997660619474573e+03
8.760000000000000000e+02,6.834351724137930262e+01,4.892300000000000000e+04,1.620712193101023104e+03
8.770000000000000000e+02,6.837855172413792104e+01,4.891500000000000000e+04,1.632892359685422889e+03
8.780000000000000000e+02,6.841358620689655368e+01,4.892300000000000000e+04,1.635329406183526771e+03
8.790000000000000000e+02,6.844862068965517210e+01,4.889100000000000000e+04,1.623380036324810135e+03
8.800000000000000000e+02,6.848365517241379052e+01,4.890700000000000000e+04,1.630128403856048863e+03
8.810000000000000000e+02,6.851868965517240895e+01,4.890700000000000000e+04,1.633137659497340564e+03
8.820000000000000000e+02,6.855372413793102737e+01,4.887500000000000000e+04,1.634990400545167859e+03
8.830000000000000000e+02,6.858875862068966001e+01,4.889100000000000000e+04,1.637796615810255389e+03
8.840000000000000000e+02,6.862379310344827843e+01,4.894700000000000000e+04,1.626403196373883020e+03
8.850000000000000000e+02,6.865882758620688264e+01,4.892300000000000000e+04,1.631211672066173833e+03
8.860000000000000000e+02,6.869386206896551528e+01,4.892300000000000000e+04,1.630163019404968509e+03
8.870000000000000000e+02,6.872889655172413370e+01,4.890700000000000000e+04,1.625917662565770343e+03
8.880000000000000000e+02,6.876393103448275212e+01,4.886700000000000000e+04,1.627599615829652066e+03
8.890000000000000000e+02,6.879896551724138476e+01,4.889900000000000000e+04,1.603407751895432284e+03
8.900000000000000000e+02,6.883399999999998897e+01,4.892300000000000000e+04,1.622812785530379642e+03
8.910000000000000000e+02,6.886903448275862161e+01,4.890700000000000000e+04,1.619422339292789957e+03
8.920000000000000000e+02,6.890406896551724003e+01,4.891500000000000000e+04,1.636206819142741551e+03
8.930000000000000000e+02,6.893910344827585845e+01,4.888300000000000000e+04,1.634520043263894422e+03
8.940000000000000000e+02,6.897413793103447688e+01,4.890700000000000000e+04,1.628403696717100047e+03
8.950000000000000000e+02,6.900917241379309530e+01,4.887500000000000000e+04,1.623990809367704287e+03
8.960000000000000000e+02,6.904420689655171373e+01,4.892300000000000000e+04,1.620647928272497438e+03
8.970000000000000000e+02,6.907924137931034636e+01,4.886700000000000000e+04,1.634898843133455784e+03
8.980000000000000000e+02,6.911427586206896478e+01,4.886700000000000000e+04,1.634222760146900328e+03
8.990000000000000000e+02,6.914931034482758321e+01,4.888300000000000000e+04,1.629824467117852919e+03
9.000000000000000000e+02,6.918434482758620163e+01,4.888300000000000000e+04,1.627672275976519359e+03
9.010000000000000000e+02,6.921937931034482006e+01,4.889100000000000000e+04,1.624598529383502409e+03
9.020000000000000000e+02,6.925441379310343848e+01,4.892300000000000000e+04,1.619013110631574591e+03
9.030000000000000000e+02,6.928944827586207111e+01,4.892300000000000000e+04,1.619905249190224367e+03
9.040000000000000000e+02,6.932448275862068954e+01,4.890700000000000000e+04,1.633243899816044404e+03
9.050000000000000000e+02,6.935951724137930796e+01,4.890700000000000000e+04,1.634011620063156670e+03
9.060000000000000000e+02,6.939455172413792639e+01,4.885900000000000000e+04,1.628794962663671413e+03
9.070000000000000000e+02,6.942958620689654481e+01,4.893900000000000000e+04,1.625050211747617368e+03
9.080000000000000000e+02,6.946462068965517744e+01,4.894700000000000000e+04,1.628766806976103226e+03
9.090000000000000000e+02,6.949965517241379587e+01,4.888300000000000000e+04,1.618462912988551807e+03
9.100000000000000000e+02,6.953468965517240008e+01,4.891500000000000000e+04,1.622962014550117146e+03
9.110000000000000000e+02,6.956972413793103271e+01,4.889900000000000000e+04,1.633089100462563465e+03
9.120000000000000000e+02,6.960475862068965114e+01,4.895500000000000000e+04,1.627776407371722826e+03
9.130000000000000000e+02,6.963979310344826956e+01,4.890700000000000000e+04,1.621342060600122295e+03
9.140000000000000000e+02,6.967482758620690220e+01,4.892300000000000000e+04,1.626013993321114867e+03
9.150000000000000000e+02,6.970986206896550641e+01,4.891500000000000000e+04,1.636060080051720206e+03
9.160000000000000000e+02,6.974489655172412483e+01,4.893100000000000000e+04,1.624733872168375683e+03
9.170000000000000000e+02,6.977993103448275747e+01,4.885900000000000000e+04,1.628442703820368479e+03
9.180000000000000000e+02,6.981496551724137589e+01,4.887500000000000000e+04,1.619759711361297150e+03
9.190000000000000000e+02,6.984999999999999432e+01,4.884300000000000000e+04,1.629226444868612361e+03
9.200000000000000000e+02,6.988503448275861274e+01,4.891500000000000000e+04,1.622574429879869058e+03
9.210000000000000000e+02,6.992006896551723116e+01,4.889900000000000000e+04,1.625724375583177789e+03
9.220000000000000000e+02,6.995510344827586380e+01,4.891500000000000000e+04,1.619588934048188321e+03
9.230000000000000000e+02,6.999013793103448222e+01,4.889900000000000000e+04,1.622937425029285805e+03
9.240000000000000000e+02,7.002517241379310065e+01,4.890700000000000000e+04,1.621373551713638335e+03
9.250000000000000000e+02,7.006020689655171907e+01,4.889900000000000000e+04,1.634218049350211231e+03
9.260000000000000000e+02,7.009524137931033749e+01,4.891500000000000000e+04,1.638750758333487056e+03
9.270000000000000000e+02,7.013027586206895592e+01,4.893900000000000000e+04,1.627677726988473978e+03
9.280000000000000000e+02,7.016531034482758855e+01,4.890700000000000000e+04,1.631674125378416193e+03
9.290000000000000000e+02,7.020034482758620697e+01,4.889100000000000000e+04,1.627129228250896176e+03
9.300000000000000000e+02,7.023537931034482540e+01,4.889100000000000000e+04,1.617531473510159685e+03
9.310000000000000000e+02,7.027041379310344382e+01,4.891500000000000000e+04,1.635023155565306070e+03
9.320000000000000000e+02,7.030544827586206225e+01,4.892300000000000000e+04,1.619930078228761204e+03
9.330000000000000000e+02,7.034048275862068067e+01,4.892300000000000000e+04,1.631190243101100350e+03
9.340000000000000000e+02,7.037551724137931330e+01,4.886700000000000000e+04,1.629938883561569583e+03
9.350000000000000000e+02,7.041055172413791752e+01,4.892300000000000000e+04,1.627022308409362267e+03
9.360000000000000000e+02,7.044558620689655015e+01,4.887500000000000000e+04,1.630069860238745605e+03
9.370000000000000000e+02,7.048062068965516858e+01,4.892300000000000000e+04,1.626856905057160247e+03
9.380000000000000000e+02,7.051565517241378700e+01,4.895500000000000000e+04,1.626243568946573760e+03
9.390000000000000000e+02,7.055068965517241963e+01,4.889100000000000000e+04,1.637981419762684936e+03
9.400000000000000000e+02,7.058572413793102385e+01,4.888300000000000000e+04,1.629087226441969278e+03
9.410000000000000000e+02,7.062075862068964227e+01,4.885900000000000000e+04,1.627012635872021747e+03
9.420000000000000000e+02,7.065579310344827491e+01,4.885100000000000000e+04,1.621842685260685812e+03
9.430000000000000000e+02,7.069082758620689333e+01,4.891500000000000000e+04,1.620840357800213496e+03
9.440000000000000000e+02,7.072586206896551175e+01,4.887500000000000000e+04,1.617118945763628744e+03
9.450000000000000000e+02,7.076089655172413018e+01,4.893100000000000000e+04,1.619166706993653406e+03
9.460000000000000000e+02,7.079593103448274860e+01,4.883500000000000000e+04,1.626391246019366918e+03
9.470000000000000000e+02,7.083096551724138124e+01,4.889900000000000000e+04,1.628165210340415797e+03
9.480000000000000000e+02,7.086599999999999966e+01,4.889900000000000000e+04,1.624190097920042490e+03
9.490000000000000000e+02,7.090103448275861808e+01,4.891500000000000000e+04,1.636301018182318785e+03
9.500000000000000000e+02,7.093606896551723651e+01,4.893100000000000000e+04,1.631930944065914218e+03
9.510000000000000000e+02,7.097110344827585493e+01,4.891500000000000000e+04,1.631591409974731505e+03
9.520000000000000000e+02,7.100613793103447335e+01,4.888300000000000000e+04,1.631140237949838820e+03
9.530000000000000000e+02,7.104117241379310599e+01,4.893100000000000000e+04,1.623084555171853026e+03
9.540000000000000000e+02,7.107620689655172441e+01,4.887500000000000000e+04,1.625537504411443251e+03
9.550000000000000000e+02,7.111124137931034284e+01,4.889100000000000000e+04,1.623066882379891922e+03
9.560000000000000000e+02,7.114627586206896126e+01,4.889900000000000000e+04,1.626489990091752134e+03
9.570000000000000000e+02,7.118131034482757968e+01,4.888300000000000000e+04,1.627616906752102295e+03
9.580000000000000000e+02,7.121634482758619811e+01,4.889100000000000000e+04,1.632544298058630829e+03
9.590000000000000000e+02,7.125137931034483074e+01,4.888300000000000000e+04,1.633346542999308895e+03
9.600000000000000000e+02,7.128641379310343495e+01,4.889100000000000000e+04,1.619713824657525493e+03
9.610000000000000000e+02,7.132144827586206759e+01,4.888300000000000000e+04,1.626793184195329559e+03
9.620000000000000000e+02,7.135648275862068601e+01,4.892300000000000000e+04,1.619502103631984937e+03
9.630000000000000000e+02,7.139151724137930444e+01,4.896300000000000000e+04,1.628024510650308230e+03
9.640000000000000000e+02,7.142655172413793707e+01,4.889900000000000000e+04,1.627591632286210825e+03
9.650000000000000000e+02,7.146158620689654128e+01,4.885900000000000000e+04,1.631735678959241113e+03
9.660000000000000000e+02,7.149662068965515971e+01,4.889900000000000000e+04,1.626617262934769769e+03
9.670000000000000000e+02,7.153165517241379234e+01,4.897100000000000000e+04,1.618629978821867098e+03
9.680000000000000000e+02,7.156668965517241077e+01,4.891500000000000000e+04,1.628187818172293873e+03
9.690000000000000000e+02,7.160172413793102919e+01,4.889100000000000000e+04,1.622662918442508953e+03
9.700000000000000000e+02,7.163675862068964761e+01,4.891500000000000000e+04,1.631981953248536229e+03
9.710000000000000000e+02,7.167179310344826604e+01,4.888300000000000000e+04,1.628167637830542390e+03
9.720000000000000000e+02,7.170682758620689867e+01,4.889100000000000000e+04,1.632027753747819361e+03
9.730000000000000000e+02,7.174186206896551710e+01,4.890700000000000000e+04,1.612882728578591923e+03
9.740000000000000000e+02,7.177689655172413552e+01,4.889100000000000000e+04,1.630666043278665484e+03
9.750000000000000000e+02,7.181193103448275394e+01,4.888300000000000000e+04,1.629925568845485031e+03
9.760000000000000000e+02,7.184696551724137237e+01,4.889900000000000000e+04,1.628563282112893830e+03
9.770000000000000000e+02,7.188199999999999079e+01,4.893900000000000000e+04,1.638911622107143785e+03
9.780000000000000000e+02,7.191703448275862343e+01,4.889900000000000000e+04,1.631867139995754314e+03
9.790000000000000000e+02,7.195206896551724185e+01,4.882700000000000000e+04,1.636547186788887984e+03
9.800000000000000000e+02,7.198710344827586027e+01,4.893900000000000000e+04,1.622581862833068499e+03
9.810000000000000000e+02,7.202213793103447870e+01,4.893900000000000000e+04,1.620292160305563129e+03
9.820000000000000000e+02,7.205717241379309712e+01,4.892300000000000000e+04,1.634155896985965228e+03
9.830000000000000000e+02,7.209220689655171554e+01,4.897100000000000000e+04,1.630355427043554982e+03
9.840000000000000000e+02,7.212724137931034818e+01,4.892300000000000000e+04,1.624944266701308834e+03
9.850000000000000000e+02,7.216227586206895239e+01,4.887500000000000000e+04,1.628943696232073762e+03
9.860000000000000000e+02,7.219731034482758503e+01,4.893100000000000000e+04,1.628409546062239315e+03
9.870000000000000000e+02,7.223234482758620345e+01,4.889900000000000000e+04,1.639859013835625092e+03
9.880000000000000000e+02,7.226737931034482187e+01,4.889100000000000000e+04,1.620896390945190433e+03
9.890000000000000000e+02,7.230241379310345451e+01,4.889100000000000000e+04,1.627643129198367660e+03
9.900000000000000000e+02,7.233744827586205872e+01,4.887500000000000000e+04,1.627332125820156307e+03
9.910000000000000000e+02,7.237248275862067715e+01,4.893900000000000000e+04,1.624327265185580472e+03
9.920000000000000000e+02,7.240751724137930978e+01,4.888300000000000000e+04,1.620338985621899383e+03
9.930000000000000000e+02,7.244255172413792820e+01,4.889100000000000000e+04,1.626772536014167144e+03
9.940000000000000000e+02,7.247758620689654663e+01,4.890700000000000000e+04,1.628114975390955351e+03
9.950000000000000000e+02,7.251262068965516505e+01,4.889900000000000000e+04,1.612120579428426481e+03
9.960000000000000000e+02,7.254765517241378348e+01,4.893100000000000000e+04,1.634031473669067736e+03
9.970000000000000000e+02,7.258268965517241611e+01,4.892300000000000000e+04,1.630265957218600533e+03
9.980000000000000000e+02,7.261772413793103453e+01,4.887500000000000000e+04,1.629659538832873523e+03
9.990000000000000000e+02,7.265275862068965296e+01,4.893100000000000000e+04,1.621394176532061465e+03
1.000000000000000000e+03,7.268779310344827138e+01,4.882700000000000000e+04,1.623130425402536730e+03
1.001000000000000000e+03,7.272282758620688980e+01,4.890700000000000000e+04,1.631118042205618622e+03
1.002000000000000000e+03,7.275786206896550823e+01,4.889100000000000000e+04,1.634154774993367710e+03
1.003000000000000000e+03,7.279289655172414086e+01,4.888300000000000000e+04,1.635266986145199780e+03
1.004000000000000000e+03,7.282793103448275929e+01,4.886700000000000000e+04,1.627052596959413449e+03
1.005000000000000000e+03,7.286296551724137771e+01,4.891500000000000000e+04,1.627224876114859399e+03
1.006000000000000000e+03,7.289799999999999613e+01,4.890700000000000000e+04,1.633919985224922812e+03
1.007000000000000000e+03,7.293303448275861456e+01,4.889100000000000000e+04,1.622283992944973761e+03
1.008000000000000000e+03,7.296806896551723298e+01,4.891500000000000000e+04,1.621962286495018589e+03
1.009000000000000000e+03,7.300310344827586562e+01,4.889900000000000000e+04,1.633467786679568235e+03
1.010000000000000000e+03,7.303813793103446983e+01,4.892300000000000000e+04,1.623688068932951865e+03
1.011000000000000000e+03,7.307317241379310246e+01,4.889100000000000000e+04,1.627410424349347295e+03
1.012000000000000000e+03,7.310820689655172089e+01,4.889100000000000000e+04,1.624673757831910279e+03
1.013000000000000000e+03,7.314324137931033931e+01,4.890700000000000000e+04,1.626865754389354834e+03
1.014000000000000000e+03,7.317827586206897195e+01,4.890700000000000000e+04,1.630729082554332308e+03
1.015000000000000000e+03,7.321331034482757616e+01,4.894700000000000000e+04,1.619748691623038440e+03
1.016000000000000000e+03,7.324834482758619458e+01,4.893900000000000000e+04,1.618297137518446107e+03
1.017000000000000000e+03,7.328337931034482722e+01,4.889100000000000000e+04,1.631060809223853539e+03
1.018000000000000000e+03,7.331841379310344564e+01,4.893100000000000000e+04,1.632333263324841255e+03
1.019000000000000000e+03,7.335344827586206407e+01,4.890700000000000000e+04,1.639024143225406078e+03
1.020000000000000000e+03,7.338848275862068249e+01,4.888300000000000000e+04,1.635112438658946530e+03
1.021000000000000000e+03,7.342351724137930091e+01,4.892300000000000000e+04,1.636048840183396123e+03
1.022000000000000000e+03,7.345855172413793355e+01,4.891500000000000000e+04,1.627850421349752196e+03
1.023000000000000000e+03,7.349358620689655197e+01,4.896300000000000000e+04,1.619259269601865981e+03
1.024000000000000000e+03,7.352862068965517039e+01,4.888300000000000000e+04,1.636570556800077384e+03
1.025000000000000000e+03,7.356365517241378882e+01,4.892300000000000000e+04,1.630969003525407288e+03
1.026000000000000000e+03,7.359868965517240724e+01,4.892300000000000000e+04,1.637587298926516269e+03
1.027000000000000000e+03,7.363372413793102567e+01,4.890700000000000000e+04,1.637779768303932315e+03
1.028000000000000000e+03,7.366875862068965830e+01,4.889900000000000000e+04,1.629150042774541134e+03
1.029000000000000000e+03,7.370379310344827672e+01,4.892300000000000000e+04,1.643836967093873227e+03
1.030000000000000000e+03,7.373882758620689515e+01,4.891500000000000000e+04,1.630133357569041436e+03
1.031000000000000000e+03,7.377386206896551357e+01,4.890700000000000000e+04,1.626104970827796478e+03
1.032000000000000000e+03,7.380889655172413200e+01,4.887500000000000000e+04,1.617832103396239518e+03
1.033000000000000000e+03,7.384393103448275042e+01,4.890700000000000000e+04,1.640182768682902179e+03
1.034000000000000000e+03,7.387896551724138305e+01,4.889100000000000000e+04,1.629878895304631214e+03
1.035000000000000000e+03,7.391399999999998727e+01,4.893900000000000000e+04,1.624239349906910547e+03
1.036000000000000000e+03,7.394903448275861990e+01,4.893900000000000000e+04,1.633393432538109892e+03
1.037000000000000000e+03,7.398406896551723833e+01,4.889900000000000000e+04,1.622513877133537108e+03
1.038000000000000000e+03,7.401910344827585675e+01,4.891500000000000000e+04,1.642496180847272171e+03
1.039000000000000000e+03,7.405413793103448938e+01,4.889900000000000000e+04,1.618095026085832842e+03
1.040000000000000000e+03,7.408917241379309360e+01,4.887500000000000000e+04,1.628774145344548742e+03
1.041000000000000000e+03,7.412420689655171202e+01,4.890700000000000000e+04,1.627571297380314263e+03
1.042000000000000000e+03,7.415924137931034466e+01,4.894700000000000000e+04,1.625035304660745396e+03
1.043000000000000000e+03,7.419427586206896308e+01,4.890700000000000000e+04,1.626685756048013218e+03
1.044000000000000000e+03,7.422931034482758150e+01,4.889100000000000000e+04,1.628683503821219574e+03
1.045000000000000000e+03,7.426434482758619993e+01,4.892300000000000000e+04,1.634539388642065660e+03
1.046000000000000000e+03,7.429937931034481835e+01,4.892300000000000000e+04,1.634471508807995406e+03
1.047000000000000000e+03,7.433441379310345098e+01,4.887500000000000000e+04,1.628434498399280983e+03
1.048000000000000000e+03,7.436944827586206941e+01,4.884300000000000000e+04,1.627567070391575953e+03
1.049000000000000000e+03,7.440448275862068783e+01,4.890700000000000000e+04,1.631810585245047832e+03
1.050000000000000000e+03,7.443951724137930626e+01,4.894700000000000000e+04,1.628029707126658877e+03
1.051000000000000000e+03,7.447455172413792468e+01,4.888300000000000000e+04,1.633732316924502584e+03
1.052000000000000000e+03,7.450958620689654310e+01,4.891500000000000000e+04,1.617662418492939196e+03
1.053000000000000000e+03,7.454462068965517574e+01,4.890700000000000000e+04,1.631173611926088824e+03
1.054000000000000000e+03,7.457965517241379416e+01,4.889900000000000000e+04,1.632111730246848992e+03
1.055000000000000000e+03,7.461468965517241259e+01,4.891500000000000000e+04,1.629604490413699978e+03
1.056000000000000000e+03,7.464972413793103101e+01,4.889100000000000000e+04,1.627265042553979356e+03
1.057000000000000000e+03,7.468475862068964943e+01,4.893100000000000000e+04,1.623938247337724079e+03
1.058000000000000000e+03,7.471979310344826786e+01,4.892300000000000000e+04,1.626127710387663228e+03
1.059000000000000000e+03,7.475482758620690049e+01,4.892300000000000000e+04,1.624561306978407856e+03
1.060000000000000000e+03,7.478986206896550470e+01,4.892300000000000000e+04,1.621929345316875470e+03
1.061000000000000000e+03,7.482489655172413734e+01,4.888300000000000000e+04,1.630561777338005641e+03
1.062000000000000000e+03,7.485993103448275576e+01,4.891500000000000000e+04,1.635480408513124303e+03
1.063000000000000000e+03,7.489496551724137419e+01,4.889100000000000000e+04,1.632067019151298382e+03
1.064000000000000000e+03,7.493000000000000682e+01,4.890700000000000000e+04,1.628046567739465672e+03
1.065000000000000000e+03,7.496503448275861103e+01,4.889100000000000000e+04,1.625991841238959751e+03
1.066000000000000000e+03,7.500006896551722946e+01,4.893100000000000000e+04,1.637082365137079250e+03
1.067000000000000000e+03,7.503510344827586209e+01,4.889900000000000000e+04,1.626449999295258522e+03
1.068000000000000000e+03,7.507013793103448052e+01,4.893100000000000000e+04,1.627158718687962619e+03
1.069000000000000000e+03,7.510517241379309894e+01,4.894700000000000000e+04,1.622919985827567416e+03
1.070000000000000000e+03,7.514020689655171736e+01,4.889900000000000000e+04,1.618228321238943863e+03
1.071000000000000000e+03,7.517524137931033579e+01,4.893100000000000000e+04,1.618449061016467112e+03
1.072000000000000000e+03,7.521027586206896842e+01,4.887500000000000000e+04,1.621031687825973222e+03
1.073000000000000000e+03,7.524531034482758685e+01,4.889900000000000000e+04,1.623664889922876455e+03
1.074000000000000000e+03,7.528034482758620527e+01,4.890700000000000000e+04,1.632585624423110630e+03
1.075000000000000000e+03,7.531537931034482369e+01,4.892300000000000000e+04,1.634570065870630970e+03
1.076000000000000000e+03,7.535041379310344212e+01,4.890700000000000000e+04,1.626234300846099131e+03
1.077000000000000000e+03,7.538544827586206054e+01,4.889100000000000000e+04,1.621025179827095826e+03
1.078000000000000000e+03,7.542048275862069318e+01,4.888300000000000000e+04,1.622707293324741386e+03
1.079000000000000000e+03,7.545551724137931160e+01,4.892300000000000000e+04,1.619418112589858765e+03
1.080000000000000000e+03,7.549055172413793002e+01,4.889900000000000000e+04,1.628584447580466303e+03
1.081000000000000000e+03,7.552558620689654845e+01,4.892300000000000000e+04,1.620993561983594191e+03
1.082000000000000000e+03,7.556062068965516687e+01,4.890700000000000000e+04,1.621627156005688221e+03
